#
# A fatal error has been detected by the Java Runtime Environment:
#
#  EXCEPTION_ACCESS_VIOLATION (0xc0000005) at pc=0x00007ffc0c0a7fff, pid=46056, tid=35260
#
# JRE version: OpenJDK Runtime Environment Temurin-21.0.7+6 (21.0.7+6) (build 21.0.7+6-LTS)
# Java VM: OpenJDK 64-Bit Server VM Temurin-21.0.7+6 (21.0.7+6-LTS, mixed mode, sharing, tiered, compressed oops, compressed class ptrs, g1 gc, windows-amd64)
# Problematic frame:
# C  [libcef.dll+0x4717fff]
#
# No core dump will be written. Minidumps are not enabled by default on client versions of Windows
#
# If you would like to submit a bug report, please visit:
#   https://github.com/adoptium/adoptium-support/issues
# The crash happened outside the Java Virtual Machine in native code.
# See problematic frame for where to report the bug.
#

---------------  S U M M A R Y ------------

Command Line: -Declipse.p2.max.threads=10 -Dosgi.requiredJavaVersion=17 -Dorg.slf4j.simpleLogger.defaultLogLevel=off -XX:+UseG1GC -XX:+UseStringDeduplication -Xms512m -Xmx3g --add-modules=ALL-SYSTEM -Dcom.renesas.cdt.core.ui.menus.RenesasViewsMenuFactory.hide=true -Dswt.autoScale=quarter -Dswt.autoScale.method=smooth 

Host: 13th Gen Intel(R) Core(TM) i9-13900HX, 32 cores, 15G,  Windows 11 , 64 bit Build 22621 (10.0.22621.2070)
Time: Fri Feb 13 20:59:23 2026  Windows 11 , 64 bit Build 22621 (10.0.22621.2070) elapsed time: 9.590105 seconds (0d 0h 0m 9s)

---------------  T H R E A D  ---------------

Current thread (0x000001a096615550):  JavaThread "main"             [_thread_in_native, id=35260, stack(0x00000021344b0000,0x00000021345b0000) (1024K)]

Stack: [0x00000021344b0000,0x00000021345b0000],  sp=0x00000021345aad30,  free space=1003k
Native frames: (J=compiled Java code, j=interpreted, Vv=VM code, C=native code)
C  [libcef.dll+0x4717fff]

Java frames: (J=compiled Java code, j=interpreted, Vv=VM code)
j  org.cef.CefApp.N_Initialize(Lorg/cef/handler/CefAppHandler;Lorg/cef/CefSettings;)Z+0
j  org.cef.CefApp.access$5(Lorg/cef/CefApp;Lorg/cef/handler/CefAppHandler;Lorg/cef/CefSettings;)Z+3
j  org.cef.CefApp$2.run()V+264
j  org.cef.CefApp.initialize()V+21
j  org.cef.CefApp.createClient()Lorg/cef/CefClient;+43
j  com.equo.chromium.internal.Engine.createClient()Lorg/cef/CefClient;+3
j  com.equo.chromium.swt.internal.Chromium.createClienthandler()V+0
j  com.equo.chromium.swt.internal.Chromium.getClientHandler()Lorg/cef/CefClientSwt;+15
j  com.equo.chromium.swt.internal.Chromium.prepareBrowser()V+38
j  com.equo.chromium.swt.internal.Chromium.createBrowser()V+1
j  com.equo.chromium.swt.internal.Chromium.create(Lorg/eclipse/swt/widgets/Composite;I)V+87
j  com.equo.chromium.swt.Browser.<init>(Lorg/eclipse/swt/widgets/Composite;I)V+129
j  org.eclipse.swt.browser.Browser.<init>(Lorg/eclipse/swt/widgets/Composite;I)V+6
j  com.renesas.cdt.ddsc.settingseditor.pages.PageSummary.createContents(Lorg/eclipse/swt/widgets/Composite;)Lorg/eclipse/swt/widgets/Control;+216
j  com.renesas.cdt.ddsc.settingseditor.pages.ConfigPageCompositeWrapper.createContents(Lorg/eclipse/swt/widgets/Composite;)Lorg/eclipse/swt/widgets/Control;+18
j  com.renesas.cdt.ddsc.settingseditor.pages.ConfigPageCompositeWrapper.createFormContent(Lorg/eclipse/ui/forms/IManagedForm;)V+70
j  org.eclipse.ui.forms.editor.FormPage.lambda$0()V+5
j  org.eclipse.ui.forms.editor.FormPage$$Lambda+0x000001a0b3968000.run()V+4
j  org.eclipse.swt.custom.BusyIndicator.showWhile(Lorg/eclipse/swt/widgets/Display;Ljava/lang/Runnable;)V+33
j  org.eclipse.ui.forms.editor.FormPage.createPartControl(Lorg/eclipse/swt/widgets/Composite;)V+35
j  org.eclipse.ui.part.MultiPageEditorPart.addPage(ILorg/eclipse/ui/IEditorPart;Lorg/eclipse/ui/IEditorInput;)V+49
j  org.eclipse.ui.forms.editor.FormEditor.addPage(ILorg/eclipse/ui/IEditorPart;Lorg/eclipse/ui/IEditorInput;)V+4
j  org.eclipse.ui.part.MultiPageEditorPart.addPage(Lorg/eclipse/ui/IEditorPart;Lorg/eclipse/ui/IEditorInput;)I+9
j  org.eclipse.ui.forms.editor.FormEditor.addPage(Lorg/eclipse/ui/IEditorPart;Lorg/eclipse/ui/IEditorInput;)I+3
j  com.renesas.cdt.ddsc.settingseditor.internal.editors.DDSCSettingsEditor.addConfigurationPages()V+335
j  com.renesas.cdt.ddsc.settingseditor.internal.editors.DDSCSettingsEditor.createPages()V+53
j  org.eclipse.ui.part.MultiPageEditorPart.createPartControl(Lorg/eclipse/swt/widgets/Composite;)V+16
j  org.eclipse.ui.internal.e4.compatibility.CompatibilityPart.createPartControl(Lorg/eclipse/ui/IWorkbenchPart;Lorg/eclipse/swt/widgets/Composite;)Z+65
j  org.eclipse.ui.internal.e4.compatibility.CompatibilityEditor.createPartControl(Lorg/eclipse/ui/IWorkbenchPart;Lorg/eclipse/swt/widgets/Composite;)Z+3
j  org.eclipse.ui.internal.e4.compatibility.CompatibilityPart.create()V+145
j  java.lang.invoke.LambdaForm$DMH+0x000001a0b3017400.invokeVirtual(Ljava/lang/Object;Ljava/lang/Object;)V+10 java.base@21.0.7
j  java.lang.invoke.LambdaForm$MH+0x000001a0b310a400.invoke(Ljava/lang/Object;Ljava/lang/Object;)Ljava/lang/Object;+31 java.base@21.0.7
J 1624 c1 jdk.internal.reflect.DirectMethodHandleAccessor.invoke(Ljava/lang/Object;[Ljava/lang/Object;)Ljava/lang/Object; java.base@21.0.7 (92 bytes) @ 0x000001a099ad4afc [0x000001a099ad2ee0+0x0000000000001c1c]
J 10122 c1 org.eclipse.e4.core.internal.di.MethodRequestor.execute()Ljava/lang/Object; (176 bytes) @ 0x000001a099f8bdfc [0x000001a099f8a800+0x00000000000015fc]
J 10127 c1 org.eclipse.e4.core.internal.di.InjectorImpl.processAnnotated(Lorg/eclipse/e4/core/internal/di/AnnotationLookup$AnnotationProxy;Ljava/lang/Object;Ljava/lang/Class;Lorg/eclipse/e4/core/di/suppliers/PrimaryObjectSupplier;Lorg/eclipse/e4/core/di/suppliers/PrimaryObjectSupplier;Ljava/util/List;)V (417 bytes) @ 0x000001a099f8985c [0x000001a099f88e80+0x00000000000009dc]
J 10127 c1 org.eclipse.e4.core.internal.di.InjectorImpl.processAnnotated(Lorg/eclipse/e4/core/internal/di/AnnotationLookup$AnnotationProxy;Ljava/lang/Object;Ljava/lang/Class;Lorg/eclipse/e4/core/di/suppliers/PrimaryObjectSupplier;Lorg/eclipse/e4/core/di/suppliers/PrimaryObjectSupplier;Ljava/util/List;)V (417 bytes) @ 0x000001a099f8919c [0x000001a099f88e80+0x000000000000031c]
j  org.eclipse.e4.core.internal.di.InjectorImpl.internalInject(Ljava/lang/Object;Lorg/eclipse/e4/core/di/suppliers/PrimaryObjectSupplier;Lorg/eclipse/e4/core/di/suppliers/PrimaryObjectSupplier;)V+175
j  org.eclipse.e4.core.internal.di.InjectorImpl.internalMake(Ljava/lang/Class;Lorg/eclipse/e4/core/di/suppliers/PrimaryObjectSupplier;Lorg/eclipse/e4/core/di/suppliers/PrimaryObjectSupplier;)Ljava/lang/Object;+310
j  org.eclipse.e4.core.internal.di.InjectorImpl.make(Ljava/lang/Class;Lorg/eclipse/e4/core/di/suppliers/PrimaryObjectSupplier;)Ljava/lang/Object;+11
j  org.eclipse.e4.core.contexts.ContextInjectionFactory.make(Ljava/lang/Class;Lorg/eclipse/e4/core/contexts/IEclipseContext;)Ljava/lang/Object;+13
j  org.eclipse.e4.ui.internal.workbench.ReflectionContributionFactory.createFromBundle(Lorg/osgi/framework/Bundle;Lorg/eclipse/e4/core/contexts/IEclipseContext;Lorg/eclipse/e4/core/contexts/IEclipseContext;Lorg/eclipse/emf/common/util/URI;)Ljava/lang/Object;+158
j  org.eclipse.e4.ui.internal.workbench.ReflectionContributionFactory.doCreate(Ljava/lang/String;Lorg/eclipse/e4/core/contexts/IEclipseContext;Lorg/eclipse/e4/core/contexts/IEclipseContext;)Ljava/lang/Object;+78
j  org.eclipse.e4.ui.internal.workbench.ReflectionContributionFactory.create(Ljava/lang/String;Lorg/eclipse/e4/core/contexts/IEclipseContext;)Ljava/lang/Object;+4
j  org.eclipse.ui.internal.WorkbenchContributionFactory.create(Ljava/lang/String;Lorg/eclipse/e4/core/contexts/IEclipseContext;)Ljava/lang/Object;+6
j  org.eclipse.e4.ui.workbench.renderers.swt.ContributedPartRenderer.createWidget(Lorg/eclipse/e4/ui/model/application/ui/MUIElement;Ljava/lang/Object;)Ljava/lang/Object;+132
j  org.eclipse.e4.ui.internal.workbench.swt.PartRenderingEngine.createWidget(Lorg/eclipse/e4/ui/model/application/ui/MUIElement;Ljava/lang/Object;)Ljava/lang/Object;+21
j  org.eclipse.e4.ui.internal.workbench.swt.PartRenderingEngine.safeCreateGui(Lorg/eclipse/e4/ui/model/application/ui/MUIElement;Ljava/lang/Object;Lorg/eclipse/e4/core/contexts/IEclipseContext;)Ljava/lang/Object;+563
j  org.eclipse.e4.ui.internal.workbench.swt.PartRenderingEngine.safeCreateGui(Lorg/eclipse/e4/ui/model/application/ui/MUIElement;)Ljava/lang/Object;+168
j  org.eclipse.e4.ui.internal.workbench.swt.PartRenderingEngine$2.run()V+13
J 8590 c1 org.eclipse.core.runtime.SafeRunner.run(Lorg/eclipse/core/runtime/ISafeRunnable;)V (20 bytes) @ 0x000001a09acf4dbc [0x000001a09acf4c20+0x000000000000019c]
j  org.eclipse.e4.ui.internal.workbench.swt.PartRenderingEngine.createGui(Lorg/eclipse/e4/ui/model/application/ui/MUIElement;)Ljava/lang/Object;+15
j  org.eclipse.e4.ui.internal.workbench.PartServiceImpl.lambda$0(Lorg/osgi/service/event/Event;)V+183
j  org.eclipse.e4.ui.internal.workbench.PartServiceImpl$$Lambda+0x000001a0b3429cf0.handleEvent(Lorg/osgi/service/event/Event;)V+5
J 10154 c1 org.eclipse.e4.ui.services.internal.events.UIEventHandler$$Lambda+0x000001a0b33eca80.run()V (12 bytes) @ 0x000001a09a23992c [0x000001a09a2397c0+0x000000000000016c]
J 10074 c1 org.eclipse.swt.widgets.Synchronizer.syncExec(Ljava/lang/Runnable;)V (312 bytes) @ 0x000001a099b98894 [0x000001a099b97ec0+0x00000000000009d4]
J 10072 c1 org.eclipse.ui.internal.UISynchronizer.syncExec(Ljava/lang/Runnable;)V (144 bytes) @ 0x000001a09a06cc7c [0x000001a09a06bdc0+0x0000000000000ebc]
J 10071 c1 org.eclipse.swt.widgets.Display.syncExec(Ljava/lang/Runnable;)V (37 bytes) @ 0x000001a09a06fc84 [0x000001a09a06f900+0x0000000000000384]
J 10152 c1 org.eclipse.e4.ui.services.internal.events.UIEventHandler.handleEvent(Lorg/osgi/service/event/Event;)V (35 bytes) @ 0x000001a09a238f44 [0x000001a09a238960+0x00000000000005e4]
J 10061 c1 org.eclipse.equinox.internal.event.EventHandlerWrapper.handleEvent(Lorg/osgi/service/event/Event;Ljava/security/Permission;)V (135 bytes) @ 0x000001a099c2b984 [0x000001a099c2b360+0x0000000000000624]
J 10059 c1 org.eclipse.equinox.internal.event.EventHandlerTracker.dispatchEvent(Ljava/lang/Object;Ljava/lang/Object;ILjava/lang/Object;)V (19 bytes) @ 0x000001a099c07e84 [0x000001a099c07ae0+0x00000000000003a4]
J 11581 c2 org.eclipse.osgi.framework.eventmgr.ListenerQueue.dispatchEventSynchronous(ILjava/lang/Object;)V (81 bytes) @ 0x000001a0a1c9e1ac [0x000001a0a1c9dd80+0x000000000000042c]
J 9422 c1 org.eclipse.equinox.internal.event.EventAdminImpl.dispatchEvent(Lorg/osgi/service/event/Event;Z)V (228 bytes) @ 0x000001a099efaf3c [0x000001a099efa040+0x0000000000000efc]
J 10314 c1 org.eclipse.equinox.internal.event.EventComponent.sendEvent(Lorg/osgi/service/event/Event;)V (9 bytes) @ 0x000001a0998d5824 [0x000001a0998d5740+0x00000000000000e4]
J 9814 c1 org.eclipse.e4.ui.internal.workbench.UIEventPublisher.notifyChanged(Lorg/eclipse/emf/common/notify/Notification;)V (61 bytes) @ 0x000001a099983c4c [0x000001a0999830e0+0x0000000000000b6c]
J 7880 c1 org.eclipse.emf.common.notify.impl.BasicNotifierImpl.eNotify(Lorg/eclipse/emf/common/notify/Notification;)V (44 bytes) @ 0x000001a09ab3039c [0x000001a09ab30080+0x000000000000031c]
j  org.eclipse.e4.ui.model.application.ui.impl.ElementContainerImpl.setSelectedElementGen(Lorg/eclipse/e4/ui/model/application/ui/MUIElement;)V+34
j  org.eclipse.e4.ui.model.application.ui.impl.ElementContainerImpl.setSelectedElement(Lorg/eclipse/e4/ui/model/application/ui/MUIElement;)V+63
j  org.eclipse.e4.ui.internal.workbench.ModelServiceImpl.showElementInWindow(Lorg/eclipse/e4/ui/model/application/ui/basic/MWindow;Lorg/eclipse/e4/ui/model/application/ui/MUIElement;)V+121
j  org.eclipse.e4.ui.internal.workbench.ModelServiceImpl.bringToTop(Lorg/eclipse/e4/ui/model/application/ui/MUIElement;)V+53
j  org.eclipse.e4.ui.internal.workbench.PartServiceImpl.delegateBringToTop(Lorg/eclipse/e4/ui/model/application/ui/basic/MPart;)V+5
j  org.eclipse.e4.ui.internal.workbench.PartServiceImpl.bringToTop(Lorg/eclipse/e4/ui/model/application/ui/basic/MPart;)V+140
j  org.eclipse.e4.ui.internal.workbench.PartServiceImpl.showPart(Lorg/eclipse/e4/ui/model/application/ui/basic/MPart;Lorg/eclipse/e4/ui/workbench/modeling/EPartService$PartState;)Lorg/eclipse/e4/ui/model/application/ui/basic/MPart;+133
j  org.eclipse.ui.internal.WorkbenchPage.busyOpenEditor(Lorg/eclipse/ui/IEditorInput;Ljava/lang/String;ZILorg/eclipse/ui/IMemento;Z)Lorg/eclipse/ui/IEditorPart;+540
j  org.eclipse.ui.internal.WorkbenchPage.lambda$11([Lorg/eclipse/ui/IEditorPart;Lorg/eclipse/ui/IEditorInput;Ljava/lang/String;ZILorg/eclipse/ui/IMemento;Z[Lorg/eclipse/ui/PartInitException;)V+13
j  org.eclipse.ui.internal.WorkbenchPage$$Lambda+0x000001a0b367b580.run()V+36
j  org.eclipse.swt.custom.BusyIndicator.showWhile(Lorg/eclipse/swt/widgets/Display;Ljava/lang/Runnable;)V+33
j  org.eclipse.ui.internal.WorkbenchPage.openEditor(Lorg/eclipse/ui/IEditorInput;Ljava/lang/String;ZILorg/eclipse/ui/IMemento;Z)Lorg/eclipse/ui/IEditorPart;+59
j  org.eclipse.ui.internal.WorkbenchPage.openEditor(Lorg/eclipse/ui/IEditorInput;Ljava/lang/String;ZI)Lorg/eclipse/ui/IEditorPart;+8
j  org.eclipse.ui.internal.WorkbenchPage.openEditor(Lorg/eclipse/ui/IEditorInput;Ljava/lang/String;)Lorg/eclipse/ui/IEditorPart;+5
j  com.renesas.cdt.ddsc.standalone.internal.StandaloneApplication.runConfiguratorFlow(Lorg/eclipse/ui/IWorkbenchWindow;Lcom/renesas/cdt/ddsc/standalone/internal/StandaloneApplication$StandaloneOperation;)V+56
j  com.renesas.cdt.ddsc.standalone.internal.StandaloneApplication.performWorkbenchOperation(Lcom/renesas/cdt/ddsc/standalone/internal/StandaloneApplication$StandaloneOperation;Lorg/eclipse/ui/IWorkbenchWindow;)V+47
j  com.renesas.cdt.ddsc.standalone.internal.StandaloneApplication$4.run()V+35
j  org.eclipse.swt.widgets.RunnableLock.run(Lorg/eclipse/swt/widgets/Display;)V+11
j  org.eclipse.swt.widgets.Synchronizer.runAsyncMessages(Z)Z+41
j  org.eclipse.swt.widgets.Display.runAsyncMessages(Z)Z+5
j  org.eclipse.swt.widgets.Display.readAndDispatch()Z+84
j  org.eclipse.e4.ui.internal.workbench.swt.PartRenderingEngine$5.run()V+564
j  org.eclipse.core.databinding.observable.Realm.runWithDefault(Lorg/eclipse/core/databinding/observable/Realm;Ljava/lang/Runnable;)V+12
j  org.eclipse.e4.ui.internal.workbench.swt.PartRenderingEngine.run(Lorg/eclipse/e4/ui/model/application/MApplicationElement;Lorg/eclipse/e4/core/contexts/IEclipseContext;)Ljava/lang/Object;+57
j  org.eclipse.e4.ui.internal.workbench.E4Workbench.createAndRunUI(Lorg/eclipse/e4/ui/model/application/MApplicationElement;)V+20
j  org.eclipse.ui.internal.Workbench.lambda$3(Lorg/eclipse/swt/widgets/Display;Lorg/eclipse/ui/application/WorkbenchAdvisor;[I)V+334
j  org.eclipse.ui.internal.Workbench$$Lambda+0x000001a0b3206848.run()V+12
j  org.eclipse.core.databinding.observable.Realm.runWithDefault(Lorg/eclipse/core/databinding/observable/Realm;Ljava/lang/Runnable;)V+12
j  org.eclipse.ui.internal.Workbench.createAndRunWorkbench(Lorg/eclipse/swt/widgets/Display;Lorg/eclipse/ui/application/WorkbenchAdvisor;)I+16
j  org.eclipse.ui.PlatformUI.createAndRunWorkbench(Lorg/eclipse/swt/widgets/Display;Lorg/eclipse/ui/application/WorkbenchAdvisor;)I+2
j  com.renesas.cdt.ddsc.standalone.internal.StandaloneApplication.runWorkbench()Ljava/lang/Object;+23
j  com.renesas.cdt.ddsc.standalone.internal.StandaloneApplication.queueWorkbenchOperation(Lcom/renesas/cdt/ddsc/standalone/internal/StandaloneApplication$StandaloneOperation;)V+49
j  com.renesas.cdt.ddsc.standalone.internal.StandaloneApplication.doRcpEdit(Lcom/renesas/cdt/ddsc/standalone/internal/options/IEditOptions;)Ljava/lang/Object;+39
j  com.renesas.cdt.ddsc.standalone.internal.StandaloneApplication.start(Lorg/eclipse/equinox/app/IApplicationContext;)Ljava/lang/Object;+150
j  org.eclipse.equinox.internal.app.EclipseAppHandle.run(Ljava/lang/Object;)Ljava/lang/Object;+138
j  org.eclipse.core.runtime.internal.adaptor.EclipseAppLauncher.runApplication(Ljava/lang/Object;)Ljava/lang/Object;+85
j  org.eclipse.core.runtime.internal.adaptor.EclipseAppLauncher.start(Ljava/lang/Object;)Ljava/lang/Object;+79
j  org.eclipse.core.runtime.adaptor.EclipseStarter.run(Ljava/lang/Object;)Ljava/lang/Object;+99
j  org.eclipse.core.runtime.adaptor.EclipseStarter.run([Ljava/lang/String;Ljava/lang/Runnable;)Ljava/lang/Object;+132
J 428 c1 java.lang.invoke.DirectMethodHandle$Holder.invokeStatic(Ljava/lang/Object;Ljava/lang/Object;Ljava/lang/Object;)Ljava/lang/Object; java.base@21.0.7 (15 bytes) @ 0x000001a099884cd4 [0x000001a0998848e0+0x00000000000003f4]
j  java.lang.invoke.LambdaForm$MH+0x000001a0b301c800.invoke(Ljava/lang/Object;Ljava/lang/Object;Ljava/lang/Object;Ljava/lang/Object;)Ljava/lang/Object;+54 java.base@21.0.7
j  java.lang.invoke.LambdaForm$MH+0x000001a0b301cc00.invokeExact_MT(Ljava/lang/Object;Ljava/lang/Object;Ljava/lang/Object;Ljava/lang/Object;Ljava/lang/Object;)Ljava/lang/Object;+22 java.base@21.0.7
j  jdk.internal.reflect.DirectMethodHandleAccessor.invokeImpl(Ljava/lang/Object;[Ljava/lang/Object;)Ljava/lang/Object;+72 java.base@21.0.7
j  jdk.internal.reflect.DirectMethodHandleAccessor.invoke(Ljava/lang/Object;[Ljava/lang/Object;)Ljava/lang/Object;+23 java.base@21.0.7
j  java.lang.reflect.Method.invoke(Ljava/lang/Object;[Ljava/lang/Object;)Ljava/lang/Object;+102 java.base@21.0.7
j  org.eclipse.equinox.launcher.Main.invokeFramework([Ljava/lang/String;[Ljava/net/URL;)V+155
j  org.eclipse.equinox.launcher.Main.basicRun([Ljava/lang/String;)V+310
j  org.eclipse.equinox.launcher.Main.run([Ljava/lang/String;)I+4
v  ~StubRoutines::call_stub 0x000001a0a0c1100d

siginfo: EXCEPTION_ACCESS_VIOLATION (0xc0000005), reading address 0xffffffffffffffff


Registers:
RAX=0x00090a00000c0000, RBX=0x00000021345aad60, RCX=0x00000c00000a0500, RDX=0x00000021345aacf0
RSP=0x00000021345aad30, RBP=0x00000021345ab180, RSI=0x00000c0000070070, RDI=0x00000c00000600f0
R8 =0x00000021345aacf0, R9 =0x0000000000000000, R10=0x0000000000000000, R11=0x0000000000000246
R12=0x00000c0000018500, R13=0x0000000000000000, R14=0x0000000000000000, R15=0x00000021345ab0b8
RIP=0x00007ffc0c0a7fff, EFLAGS=0x0000000000010206

XMM[0]=0x0000000000000000 0x0000000000000000
XMM[1]=0x0000000000000000 0x0000000000000000
XMM[2]=0x0000000000000000 0x0000000000000000
XMM[3]=0x0000000000000000 0x0000000000000000
XMM[4]=0x0000000000000000 0x0000000000000000
XMM[5]=0x0000000000000000 0x0000000000000000
XMM[6]=0x0000000000000000 0x4b551c89306905f1
XMM[7]=0x0000000000000000 0x40f05ed6260fcc8c
XMM[8]=0x0000000000000000 0xc329917ad33a6c68
XMM[9]=0x0000000000000000 0xdf3a86ff503c21b9
XMM[10]=0x0000000000000000 0x0000000071019aba
XMM[11]=0x0000000000000000 0x3847a9898883cb42
XMM[12]=0x0000000000000000 0x00000000503c21b9
XMM[13]=0x0000000000000000 0x00000000c695f4be
XMM[14]=0x0000000000000000 0x646131f5924665ff
XMM[15]=0x0000000000000000 0x000000002de5340a
  MXCSR=0x00001fa2


Register to memory mapping:

RAX=0x00090a00000c0000 is an unknown value
RBX=0x00000021345aad60 is pointing into the stack for thread: 0x000001a096615550
RCX=0x00000c00000a0500 points into unknown readable memory: 0x00090a00000c0000 | 00 00 0c 00 00 0a 09 00
RDX=0x00000021345aacf0 is pointing into the stack for thread: 0x000001a096615550
RSP=0x00000021345aad30 is pointing into the stack for thread: 0x000001a096615550
RBP=0x00000021345ab180 is pointing into the stack for thread: 0x000001a096615550
RSI=0x00000c0000070070 points into unknown readable memory: 0x00007ffc14615520 | 20 55 61 14 fc 7f 00 00
RDI=0x00000c00000600f0 points into unknown readable memory: 0x0000000000000000 | 00 00 00 00 00 00 00 00
R8 =0x00000021345aacf0 is pointing into the stack for thread: 0x000001a096615550
R9 =0x0 is null
R10=0x0 is null
R11=0x0000000000000246 is an unknown value
R12=0x00000c0000018500 points into unknown readable memory: 0x00000018000c0101 | 01 01 0c 00 18 00 00 00
R13=0x0 is null
R14=0x0 is null
R15=0x00000021345ab0b8 is pointing into the stack for thread: 0x000001a096615550

Top of Stack: (sp=0x00000021345aad30)
0x00000021345aad30:   00000c00000a0590 00000c00000a0568
0x00000021345aad40:   00000c00000a0500 00007ffc0c7e3aa1
0x00000021345aad50:   00007ffc1425df31 0000000000000004
0x00000021345aad60:   0000000000000000 0000000000000000
0x00000021345aad70:   0000000000000000 00001dba3052f35d
0x00000021345aad80:   00000c0000018500 0000000000000001
0x00000021345aad90:   00000c0000070070 00007ffc0c0a6ae7
0x00000021345aada0:   00000c0000060d20 00007ffc0b1b3a6c
0x00000021345aadb0:   aaaaaaaaaaaa0000 00000c0000018500
0x00000021345aadc0:   00000c000005c0f0 0000000000000001
0x00000021345aadd0:   00000c0000070070 00007ffc0c0a8120
0x00000021345aade0:   00000c00000bc320 000000000000004b
0x00000021345aadf0:   800000000000004c aaaaaaaaaaaa0000
0x00000021345aae00:   aaaaaaaaaaaaaaaa 00000c00000800c0
0x00000021345aae10:   00000c0000018500 00007ffc07a35257
0x00000021345aae20:   8000000000000080 00001dba3052f34d
0x00000021345aae30:   00000021345aaef0 00000021345aae01
0x00000021345aae40:   00000c0000058210 00000c0000018500
0x00000021345aae50:   00000021345aae01 00000c0000058210
0x00000021345aae60:   0000000000000000 00007ffc07a34bdb
0x00000021345aae70:   00000021345ab1a8 00000021345aaef8
0x00000021345aae80:   000001a0fc90b8a0 00007ffc07994f65
0x00000021345aae90:   0000000000000000 000001a0fc90b8a0
0x00000021345aaea0:   00000021345aaef8 0000000000000000
0x00000021345aaeb0:   00007ffc13e96040 00000c0000058210
0x00000021345aaec0:   00000c0000058200 00007ffc07991308
0x00000021345aaed0:   000001a0fc550f00 00007ffd257cd19a
0x00000021345aaee0:   0000000000000000 000001a093e618c0
0x00000021345aaef0:   00007ffc13e96040 00000000000001b8
0x00000021345aaf00:   0000000000000001 00000c00000a4140
0x00000021345aaf10:   0000000000000088 0000000000000000
0x00000021345aaf20:   0000000000000000 0000000000000000 

Instructions: (pc=0x00007ffc0c0a7fff)
0x00007ffc0c0a7eff:   00 00 00 48 85 c9 74 0b f0 ff 49 08 75 05 e8 0e
0x00007ffc0c0a7f0f:   21 1f fc e8 79 02 c0 fe e9 47 fa ff ff 0f b6 c8
0x00007ffc0c0a7f1f:   48 8d 05 a4 d6 56 08 48 89 84 24 a0 00 00 00 48
0x00007ffc0c0a7f2f:   8d 05 43 bf e1 07 48 89 44 24 20 c7 44 24 30 08
0x00007ffc0c0a7f3f:   00 00 00 c6 44 24 28 49 48 8d 94 24 88 00 00 00
0x00007ffc0c0a7f4f:   4c 8d 84 24 a0 00 00 00 41 b9 03 00 00 00 e8 be
0x00007ffc0c0a7f5f:   e7 a2 fb e9 c9 f9 ff ff cc cc cc cc cc cc cc cc
0x00007ffc0c0a7f6f:   cc 56 57 53 48 83 ec 50 48 89 ce 48 8b 05 bf e8
0x00007ffc0c0a7f7f:   74 09 48 31 e0 48 89 44 24 48 48 8b 79 18 48 c7
0x00007ffc0c0a7f8f:   41 18 00 00 00 00 48 85 ff 74 10 48 89 f9 e8 fe
0x00007ffc0c0a7f9f:   e5 ff ff 48 89 f9 e8 46 d2 d7 07 e8 d1 33 72 00
0x00007ffc0c0a7faf:   48 89 c7 48 b8 aa aa aa aa aa aa aa aa 48 89 44
0x00007ffc0c0a7fbf:   24 40 0f 28 05 68 e0 de 07 0f 29 44 24 30 48 8d
0x00007ffc0c0a7fcf:   0d 5d 5f 1b 08 48 89 4c 24 20 e8 c2 75 db 07 48
0x00007ffc0c0a7fdf:   89 44 24 28 48 8d 5c 24 30 4c 8d 44 24 20 48 89
0x00007ffc0c0a7fef:   f9 48 89 da e8 b8 3c 72 00 48 8b 4e 28 48 8b 01
0x00007ffc0c0a7fff:   48 8b 40 28 48 89 da ff 15 9c e1 67 09 e8 8f cd
0x00007ffc0c0a800f:   ad fe 48 8b 7e 30 48 c7 46 30 00 00 00 00 48 85
0x00007ffc0c0a801f:   ff 74 10 48 89 f9 e8 06 af 72 00 48 89 f9 e8 be
0x00007ffc0c0a802f:   d1 d7 07 48 8b 4e 28 48 b8 00 00 00 00 fc ff ff
0x00007ffc0c0a803f:   ff 48 21 c8 48 3b 05 7e 33 73 09 75 05 e8 0f c4
0x00007ffc0c0a804f:   72 00 48 c7 46 28 00 00 00 00 c6 46 21 01 80 7c
0x00007ffc0c0a805f:   24 47 00 79 0a 48 8b 4c 24 30 e8 82 d1 d7 07 48
0x00007ffc0c0a806f:   8b 4c 24 48 48 31 e1 e8 f5 d3 d7 07 90 48 83 c4
0x00007ffc0c0a807f:   50 5b 5f 5e c3 cc cc cc cc cc cc cc cc cc cc cc
0x00007ffc0c0a808f:   cc 48 89 c8 48 8b 49 10 48 c7 40 10 00 00 00 00
0x00007ffc0c0a809f:   48 85 c9 74 15 48 8b 01 48 8b 00 4c 8b 05 f7 e0
0x00007ffc0c0a80af:   67 09 ba 01 00 00 00 49 ff e0 c3 cc cc cc cc cc
0x00007ffc0c0a80bf:   cc 56 48 83 ec 20 48 89 ce b9 70 00 00 00 e8 8e
0x00007ffc0c0a80cf:   d0 d7 07 48 8d 0d 47 d4 56 08 48 89 08 c6 40 08
0x00007ffc0c0a80df:   00 c6 40 68 00 0f 57 c0 0f 11 40 10 c7 40 1f 00
0x00007ffc0c0a80ef:   00 00 00 0f 11 40 28 c6 40 38 00 48 89 06 48 89 


Stack slot to memory mapping:

stack at sp + 0 slots: 0x00000c00000a0590 points into unknown readable memory: 0x00007ffc13eb6fe0 | e0 6f eb 13 fc 7f 00 00
stack at sp + 1 slots: 0x00000c00000a0568 points into unknown readable memory: 0x00007ffc13e961e0 | e0 61 e9 13 fc 7f 00 00
stack at sp + 2 slots: 0x00000c00000a0500 points into unknown readable memory: 0x00090a00000c0000 | 00 00 0c 00 00 0a 09 00
stack at sp + 3 slots: 0x00007ffc0c7e3aa1 libcef.dll
stack at sp + 4 slots: 0x00007ffc1425df31 libcef.dll
stack at sp + 5 slots: 0x0000000000000004 is an unknown value
stack at sp + 6 slots: 0x0 is null
stack at sp + 7 slots: 0x0 is null


Compiled method (c1) 9646 1624   !   3       jdk.internal.reflect.DirectMethodHandleAccessor::invoke (92 bytes)
 total in heap  [0x000001a099ad2a10,0x000001a099ad6cd0] = 17088
 relocation     [0x000001a099ad2b70,0x000001a099ad2ee0] = 880
 main code      [0x000001a099ad2ee0,0x000001a099ad5748] = 10344
 stub code      [0x000001a099ad5748,0x000001a099ad5888] = 320
 oops           [0x000001a099ad5888,0x000001a099ad58b8] = 48
 metadata       [0x000001a099ad58b8,0x000001a099ad5930] = 120
 scopes data    [0x000001a099ad5930,0x000001a099ad5e10] = 1248
 scopes pcs     [0x000001a099ad5e10,0x000001a099ad63f0] = 1504
 dependencies   [0x000001a099ad63f0,0x000001a099ad63f8] = 8
 handler table  [0x000001a099ad63f8,0x000001a099ad6c08] = 2064
 nul chk table  [0x000001a099ad6c08,0x000001a099ad6cd0] = 200

[Constant Pool (empty)]

[MachCode]
[Entry Point]
  # {method} {0x000001a0b219def0} 'invoke' '(Ljava/lang/Object;[Ljava/lang/Object;)Ljava/lang/Object;' in 'jdk/internal/reflect/DirectMethodHandleAccessor'
  # this:     rdx:rdx   = 'jdk/internal/reflect/DirectMethodHandleAccessor'
  # parm0:    r8:r8     = 'java/lang/Object'
  # parm1:    r9:r9     = '[Ljava/lang/Object;'
  #           [sp+0x170]  (sp of caller)
  0x000001a099ad2ee0: 448b 5208 | 49bb 0000 | 00b2 a001 | 0000 4d03 | d34c 3bd0 

  0x000001a099ad2ef4: ;   {runtime_call ic_miss_stub}
  0x000001a099ad2ef4: 0f85 86b8 | 1807 660f | 1f44 0000 
[Verified Entry Point]
  0x000001a099ad2f00: 8984 2400 | 80ff ff55 | 4881 ec60 | 0100 0090 | 4181 7f20 | 0900 0000 

  0x000001a099ad2f18: ;   {runtime_call StubRoutines (final stubs)}
  0x000001a099ad2f18: 7405 e841 | 1e17 0748 | 8994 24b0 | 0000 004c | 8984 24c0 | 0000 004c | 898c 24b8 

  0x000001a099ad2f34: ;   {metadata(method data for {method} {0x000001a0b219def0} 'invoke' '(Ljava/lang/Object;[Ljava/lang/Object;)Ljava/lang/Object;' in 'jdk/internal/reflect/DirectMethodHandleAccessor')}
  0x000001a099ad2f34: 0000 0048 | bee0 ff36 | f3a0 0100 | 008b becc | 0000 0083 | c702 89be | cc00 0000 | 81e7 fe07 
  0x000001a099ad2f54: 0000 85ff | 0f84 9b22 | 0000 488b 

  0x000001a099ad2f60: ;   {metadata(method data for {method} {0x000001a0b219def0} 'invoke' '(Ljava/lang/Object;[Ljava/lang/Object;)Ljava/lang/Object;' in 'jdk/internal/reflect/DirectMethodHandleAccessor')}
  0x000001a099ad2f60: f248 bfe0 | ff36 f3a0 | 0100 0048 | 8387 1001 

  0x000001a099ad2f70: ;   {metadata(method data for {method} {0x000001a0b23c4948} 'isStatic' '()Z' in 'jdk/internal/reflect/DirectMethodHandleAccessor')}
  0x000001a099ad2f70: 0000 0148 | bed0 ea36 | f3a0 0100 | 008b becc | 0000 0083 | c702 89be | cc00 0000 | 81e7 feff 
  0x000001a099ad2f90: 1f00 85ff | 0f84 8022 | 0000 8b72 | 1081 e600 | 0200 0081 | fe00 0200 

  0x000001a099ad2fa8: ;   {metadata(method data for {method} {0x000001a0b23c4948} 'isStatic' '()Z' in 'jdk/internal/reflect/DirectMethodHandleAccessor')}
  0x000001a099ad2fa8: 0048 bed0 | ea36 f3a0 | 0100 0048 | c7c7 1001 | 0000 7507 | 48c7 c720 | 0100 0048 | 8b1c 3e48 
  0x000001a099ad2fc8: 8d5b 0148 | 891c 3e0f | 851a 0000 

  0x000001a099ad2fd4: ;   {metadata(method data for {method} {0x000001a0b23c4948} 'isStatic' '()Z' in 'jdk/internal/reflect/DirectMethodHandleAccessor')}
  0x000001a099ad2fd4: 0048 bed0 | ea36 f3a0 | 0100 00ff | 8630 0100 | 00be 0100 | 0000 e905 | 0000 00be | 0000 0000 
  0x000001a099ad2ff4: 83e6 0185 

  0x000001a099ad2ff8: ;   {metadata(method data for {method} {0x000001a0b219def0} 'invoke' '(Ljava/lang/Object;[Ljava/lang/Object;)Ljava/lang/Object;' in 'jdk/internal/reflect/DirectMethodHandleAccessor')}
  0x000001a099ad2ff8: f648 bee0 | ff36 f3a0 | 0100 0048 | c7c7 4801 | 0000 7507 | 48c7 c758 | 0100 0048 | 8b1c 3e48 
  0x000001a099ad3018: 8d5b 0148 | 891c 3e0f | 85d5 0000 | 0048 8bf2 

  0x000001a099ad3028: ;   {metadata(method data for {method} {0x000001a0b219def0} 'invoke' '(Ljava/lang/Object;[Ljava/lang/Object;)Ljava/lang/Object;' in 'jdk/internal/reflect/DirectMethodHandleAccessor')}
  0x000001a099ad3028: 48bf e0ff | 36f3 a001 | 0000 4883 | 8768 0100 

  0x000001a099ad3038: ;   {metadata(method data for {method} {0x000001a0b23c4898} 'checkReceiver' '(Ljava/lang/Object;)V' in 'jdk/internal/reflect/DirectMethodHandleAccessor')}
  0x000001a099ad3038: 0001 48be | 3007 37f3 | a001 0000 | 8bbe cc00 | 0000 83c7 | 0289 becc | 0000 0081 | e7fe ff1f 
  0x000001a099ad3058: 0085 ff0f | 84da 2100 | 008b 7214 | 48c1 e603 

  0x000001a099ad3068: ; implicit exception: dispatches to 0x000001a099ad525c
  0x000001a099ad3068: 493b 0049 

  0x000001a099ad306c: ;   {metadata(method data for {method} {0x000001a0b23c4898} 'checkReceiver' '(Ljava/lang/Object;)V' in 'jdk/internal/reflect/DirectMethodHandleAccessor')}
  0x000001a099ad306c: 8bf8 48bb | 3007 37f3 | a001 0000 | 4883 8310 | 0100 0001 | 418b 7808 | 49ba 0000 | 00b2 a001 
  0x000001a099ad308c: 0000 4903 | fa48 8b7f | 7048 8b3f 

  0x000001a099ad3098: ; implicit exception: dispatches to 0x000001a099ad5261
  0x000001a099ad3098: 483b 0648 

  0x000001a099ad309c: ;   {metadata(method data for {method} {0x000001a0b23c4898} 'checkReceiver' '(Ljava/lang/Object;)V' in 'jdk/internal/reflect/DirectMethodHandleAccessor')}
  0x000001a099ad309c: 8bde 48b8 | 3007 37f3 | a001 0000 | 4883 8048 | 0100 0001 | 4c8b c748 

  0x000001a099ad30b4: ;   {optimized virtual_call}
  0x000001a099ad30b4: 8bd6 90e8 

  0x000001a099ad30b8: ; ImmutableOopMap {[176]=Oop [184]=Oop [192]=Oop }
                      ;*invokevirtual isAssignableFrom {reexecute=0 rethrow=0 return_oop=0}
                      ; - jdk.internal.reflect.DirectMethodHandleAccessor::checkReceiver@8
                      ; - jdk.internal.reflect.DirectMethodHandleAccessor::invoke@9
  0x000001a099ad30b8: 841d 9307 

  0x000001a099ad30bc: ;   {other}
  0x000001a099ad30bc: 0f1f 8400 | ac06 0000 

  0x000001a099ad30c4: ;   {metadata(method data for {method} {0x000001a0b23c4898} 'checkReceiver' '(Ljava/lang/Object;)V' in 'jdk/internal/reflect/DirectMethodHandleAccessor')}
  0x000001a099ad30c4: 85c0 48ba | 3007 37f3 | a001 0000 | 49c7 c090 | 0100 0074 | 0749 c7c0 | 8001 0000 | 4a8b 3402 
  0x000001a099ad30e4: 488d 7601 | 4a89 3402 | 0f84 9f1f | 0000 488b | 9424 b000 | 0000 448b 

  0x000001a099ad30fc: ;   {metadata(method data for {method} {0x000001a0b219def0} 'invoke' '(Ljava/lang/Object;[Ljava/lang/Object;)Ljava/lang/Object;' in 'jdk/internal/reflect/DirectMethodHandleAccessor')}
  0x000001a099ad30fc: 420c 48be | e0ff 36f3 | a001 0000 | 4883 86a0 | 0100 0001 | 498b d04c | 8b84 24b8 | 0000 000f 
  0x000001a099ad311c: ;   {static_call}
  0x000001a099ad311c: 1f40 00e8 

  0x000001a099ad3120: ; ImmutableOopMap {[176]=Oop [184]=Oop [192]=Oop }
                      ;*invokestatic checkArgumentCount {reexecute=0 rethrow=0 return_oop=0}
                      ; - jdk.internal.reflect.DirectMethodHandleAccessor::invoke@17
  0x000001a099ad3120: dc32 ffff 

  0x000001a099ad3124: ;   {other}
  0x000001a099ad3124: 0f1f 8400 | 1407 0001 | 488b 9424 | b000 0000 

  0x000001a099ad3134: ;   {metadata(method data for {method} {0x000001a0b219def0} 'invoke' '(Ljava/lang/Object;[Ljava/lang/Object;)Ljava/lang/Object;' in 'jdk/internal/reflect/DirectMethodHandleAccessor')}
  0x000001a099ad3134: 4c8b c249 | b9e0 ff36 | f3a0 0100 | 0049 8381 | b001 0000 

  0x000001a099ad3148: ;   {metadata(method data for {method} {0x000001a0b23c46e0} 'invokeImpl' '(Ljava/lang/Object;[Ljava/lang/Object;)Ljava/lang/Object;' in 'jdk/internal/reflect/DirectMethodHandleAccessor')}
  0x000001a099ad3148: 0149 b818 | 0337 f3a0 | 0100 0045 | 8b88 cc00 | 0000 4183 | c102 4589 | 88cc 0000 | 0041 81e1 
  0x000001a099ad3168: feff 1f00 | 4585 c90f | 84f1 2000 | 0044 8b42 

  0x000001a099ad3178: ;   {metadata(method data for {method} {0x000001a0b23c46e0} 'invokeImpl' '(Ljava/lang/Object;[Ljava/lang/Object;)Ljava/lang/Object;' in 'jdk/internal/reflect/DirectMethodHandleAccessor')}
  0x000001a099ad3178: 0c49 b918 | 0337 f3a0 | 0100 0048 | c7c7 1801 | 0000 4585 | c048 8bf7 | 48c7 c728 | 0100 0048 
  0x000001a099ad3198: 0f45 fe41 | 83f8 0148 | 8bf7 48c7 | c738 0100 | 0048 0f45 | fe41 83f8 | 0248 8bf7 | 48c7 c748 
  0x000001a099ad31b8: 0100 0048 | 0f45 fe41 | 83f8 0348 | 8bf7 48c7 | c758 0100 | 0048 0f45 | fe49 8b34 | 3949 c7c2 
  0x000001a099ad31d8: 0100 0000 | 4903 f249 | 8934 3945 | 85c0 0f84 | 2616 0000 | 4183 f801 | 0f84 b40f | 0000 4183 
  0x000001a099ad31f8: f802 0f84 | 0a09 0000 | 4183 f803 | 0f84 1802 | 0000 4c8b | 8c24 b800 | 0000 4c8b | 8424 c000 
  0x000001a099ad3218: 0000 8b72 | 1848 c1e6 | 030f 1f80 | 0000 0000 

  0x000001a099ad3228: ;   {oop(a 'java/lang/invoke/MethodType'{0x00000007401f2048} = (Ljava/lang/Object;[Ljava/lang/Object;)Ljava/lang/Object;)}
  0x000001a099ad3228: 48bf 4820 | 1f40 0700 | 0000 483b 

  0x000001a099ad3234: ;   {metadata(method data for {method} {0x000001a0b23c46e0} 'invokeImpl' '(Ljava/lang/Object;[Ljava/lang/Object;)Ljava/lang/Object;' in 'jdk/internal/reflect/DirectMethodHandleAccessor')}
  0x000001a099ad3234: 0648 bb18 | 0337 f3a0 | 0100 0048 | 8d9b 9803 | 0000 4d85 | c075 0ef6 | 4308 0175 | 50f0 4883 
  0x000001a099ad3254: 4b08 01eb | 4841 8b40 | 0849 ba00 | 0000 b2a0 | 0100 0049 | 03c2 4c8b | d048 3343 | 0848 a9fc 
  0x000001a099ad3274: ffff ff74 | 28a8 0275 | 2448 f743 | 08fe ffff | ff74 1649 | 8bc2 4833 | 4308 48a9 | fcff ffff 
  0x000001a099ad3294: 740b 4883 | 4b08 02eb | 0448 8943 | 084d 85c9 | 750e f643 | 1801 7550 | f048 834b | 1801 eb48 
  0x000001a099ad32b4: 418b 4108 | 49ba 0000 | 00b2 a001 | 0000 4903 | c24c 8bd0 | 4833 4318 | 48a9 fcff | ffff 7428 
  0x000001a099ad32d4: a802 7524 | 48f7 4318 | feff ffff | 7416 498b | c248 3343 | 1848 a9fc | ffff ff74 | 0b48 834b 
  0x000001a099ad32f4: 1802 eb04 | 4889 4318 

  0x000001a099ad32fc: ;   {metadata(method data for {method} {0x000001a0b23c46e0} 'invokeImpl' '(Ljava/lang/Object;[Ljava/lang/Object;)Ljava/lang/Object;' in 'jdk/internal/reflect/DirectMethodHandleAccessor')}
  0x000001a099ad32fc: 488b de48 | b818 0337 | f3a0 0100 | 008b 5b08 | 49ba 0000 | 00b2 a001 | 0000 4903 | da48 3b98 
  0x000001a099ad331c: 7003 0000 | 750d 4883 | 8078 0300 | 0001 e960 | 0000 0048 | 3b98 8003 | 0000 750d | 4883 8088 
  0x000001a099ad333c: 0300 0001 | e94a 0000 | 0048 83b8 | 7003 0000 | 0075 1748 | 8998 7003 | 0000 48c7 | 8078 0300 
  0x000001a099ad335c: 0001 0000 | 00e9 2900 | 0000 4883 | b880 0300 | 0000 7517 | 4889 9880 | 0300 0048 | c780 8803 
  0x000001a099ad337c: 0000 0100 | 0000 e908 | 0000 0048 | 8380 6003 | 0000 0148 | 8bd6 0f1f 

  0x000001a099ad3394: ;   {optimized virtual_call}
  0x000001a099ad3394: 4400 00e8 

  0x000001a099ad3398: ; ImmutableOopMap {[176]=Oop }
                      ;*invokevirtual invokeExact {reexecute=0 rethrow=0 return_oop=0}
                      ; - jdk.internal.reflect.DirectMethodHandleAccessor::invokeImpl@104
                      ; - jdk.internal.reflect.DirectMethodHandleAccessor::invoke@23
  0x000001a099ad3398: b123 0000 

  0x000001a099ad339c: ;   {other}
  0x000001a099ad339c: 0f1f 8400 | 8c09 0002 

  0x000001a099ad33a4: ;   {metadata(method data for {method} {0x000001a0b23c46e0} 'invokeImpl' '(Ljava/lang/Object;[Ljava/lang/Object;)Ljava/lang/Object;' in 'jdk/internal/reflect/DirectMethodHandleAccessor')}
  0x000001a099ad33a4: 48ba 1803 | 37f3 a001 | 0000 488d | 92b8 0300 | 0048 85c0 | 750c f602 | 0175 4df0 | 4883 0a01 
  0x000001a099ad33c4: eb46 8b70 | 0849 ba00 | 0000 b2a0 | 0100 0049 | 03f2 4c8b | d648 3332 | 48f7 c6fc | ffff ff74 
  0x000001a099ad33e4: 2740 f6c6 | 0275 2148 | f702 feff | ffff 7415 | 498b f248 | 3332 48f7 | c6fc ffff | ff74 0948 
  0x000001a099ad3404: 830a 02eb | 0348 8932 | 4881 c460 | 0100 005d 

  0x000001a099ad3414: ;   {poll_return}
  0x000001a099ad3414: 493b a748 | 0400 000f | 8784 1e00 | 00c3 4c8b | 8c24 b800 | 0000 4c8b | 8424 c000 | 0000 8b72 
  0x000001a099ad3434: 1848 c1e6 | 0348 89b4 | 24d0 0000 | 0041 8379 | 0c00 0f86 | 791e 0000 | 418b 7910 | 48c1 e703 
  0x000001a099ad3454: 4889 bc24 | c800 0000 | 4183 790c | 010f 8670 | 1e00 0041 | 8b59 1448 | c1e3 0348 | 899c 24d8 
  0x000001a099ad3474: 0000 0041 | 8379 0c02 | 0f86 671e | 0000 418b | 4118 48c1 | e003 4889 | 8424 e000 

  0x000001a099ad3490: ;   {metadata(method data for {method} {0x000001a0b23c46e0} 'invokeImpl' '(Ljava/lang/Object;[Ljava/lang/Object;)Ljava/lang/Object;' in 'jdk/internal/reflect/DirectMethodHandleAccessor')}
  0x000001a099ad3490: 0000 48b9 | 1803 37f3 | a001 0000 | 488d 8918 | 0300 004d | 85c0 750e | f641 0801 | 7554 f048 
  0x000001a099ad34b0: 8349 0801 | eb4c 458b | 4808 49ba | 0000 00b2 | a001 0000 | 4d03 ca4d | 8bd1 4c33 | 4908 49f7 
  0x000001a099ad34d0: c1fc ffff | ff74 2b41 | f6c1 0275 | 2548 f741 | 08fe ffff | ff74 174d | 8bca 4c33 | 4908 49f7 
  0x000001a099ad34f0: c1fc ffff | ff74 0b48 | 8349 0802 | eb04 4c89 

  0x000001a099ad3500: ;   {metadata(method data for {method} {0x000001a0f342b6b8} 'invokeExact_MT' '(Ljava/lang/Object;Ljava/lang/Object;Ljava/lang/Object;Ljava/lang/Object;Ljava/lang/Object;Ljava/lang/Object;)Ljava/lang/Object;' in 'java/lang/invoke/LambdaForm$MH+0x000001a0b300f400')}
  0x000001a099ad3500: 4908 48b9 | 0028 5ef3 | a001 0000 | 488d 89c8 | 0200 0048 | 85f6 750c | f601 0175 | 4ef0 4883 
  0x000001a099ad3520: 0901 eb47 | 448b 4e08 | 49ba 0000 | 00b2 a001 | 0000 4d03 | ca4d 8bd1 | 4c33 0949 | f7c1 fcff 
  0x000001a099ad3540: ffff 7427 | 41f6 c102 | 7521 48f7 | 01fe ffff | ff74 154d | 8bca 4c33 | 0949 f7c1 | fcff ffff 
  0x000001a099ad3560: 7409 4883 | 0902 eb03 | 4c89 094d | 85c0 750e | f641 1001 | 7554 f048 | 8349 1001 | eb4c 458b 
  0x000001a099ad3580: 4808 49ba | 0000 00b2 | a001 0000 | 4d03 ca4d | 8bd1 4c33 | 4910 49f7 | c1fc ffff | ff74 2b41 
  0x000001a099ad35a0: f6c1 0275 | 2548 f741 | 10fe ffff | ff74 174d | 8bca 4c33 | 4910 49f7 | c1fc ffff | ff74 0b48 
  0x000001a099ad35c0: 8349 1002 | eb04 4c89 

  0x000001a099ad35c8: ;   {metadata(method data for {method} {0x000001a0b23c46e0} 'invokeImpl' '(Ljava/lang/Object;[Ljava/lang/Object;)Ljava/lang/Object;' in 'jdk/internal/reflect/DirectMethodHandleAccessor')}
  0x000001a099ad35c8: 4910 48b9 | 1803 37f3 | a001 0000 | 4883 81e0 | 0200 0001 

  0x000001a099ad35dc: ;   {metadata(method data for {method} {0x000001a0f342b6b8} 'invokeExact_MT' '(Ljava/lang/Object;Ljava/lang/Object;Ljava/lang/Object;Ljava/lang/Object;Ljava/lang/Object;Ljava/lang/Object;)Ljava/lang/Object;' in 'java/lang/invoke/LambdaForm$MH+0x000001a0b300f400')}
  0x000001a099ad35dc: 48b9 0028 | 5ef3 a001 | 0000 448b | 89cc 0000 | 0041 83c1 | 0244 8989 | cc00 0000 | 4181 e1fe 
  0x000001a099ad35fc: ff1f 0045 | 85c9 0f84 | f31c 0000 

  0x000001a099ad3608: ;   {metadata(method data for {method} {0x000001a0f342b6b8} 'invokeExact_MT' '(Ljava/lang/Object;Ljava/lang/Object;Ljava/lang/Object;Ljava/lang/Object;Ljava/lang/Object;Ljava/lang/Object;)Ljava/lang/Object;' in 'java/lang/invoke/LambdaForm$MH+0x000001a0b300f400')}
  0x000001a099ad3608: 48b9 0028 | 5ef3 a001 | 0000 488d | 8990 0100 | 0048 85f6 | 750e f641 | 0801 7554 | f048 8349 
  0x000001a099ad3628: 0801 eb4c | 448b 4e08 | 49ba 0000 | 00b2 a001 | 0000 4d03 | ca4d 8bd1 | 4c33 4908 | 49f7 c1fc 
  0x000001a099ad3648: ffff ff74 | 2b41 f6c1 | 0275 2548 | f741 08fe | ffff ff74 | 174d 8bca | 4c33 4908 | 49f7 c1fc 
  0x000001a099ad3668: ffff ff74 | 0b48 8349 | 0802 eb04 | 4c89 4908 

  0x000001a099ad3678: ;   {oop(a 'java/lang/invoke/MethodType'{0x00000007401f2110} = (Ljava/lang/Object;Ljava/lang/Object;Ljava/lang/Object;Ljava/lang/Object;)Ljava/lang/Object;)}
  0x000001a099ad3678: 49b9 1021 | 1f40 0700 | 0000 4d85 | c975 0cf6 | 4118 0175 | 06f0 4883 

  0x000001a099ad3690: ;   {metadata(method data for {method} {0x000001a0f342b6b8} 'invokeExact_MT' '(Ljava/lang/Object;Ljava/lang/Object;Ljava/lang/Object;Ljava/lang/Object;Ljava/lang/Object;Ljava/lang/Object;)Ljava/lang/Object;' in 'java/lang/invoke/LambdaForm$MH+0x000001a0b300f400')}
  0x000001a099ad3690: 4918 0148 | b900 285e | f3a0 0100 | 0048 8381 | 8001 0000 

  0x000001a099ad36a4: ;   {metadata(method data for {method} {0x000001a0b23d94e0} 'checkExactType' '(Ljava/lang/invoke/MethodHandle;Ljava/lang/invoke/MethodType;)V' in 'java/lang/invoke/Invokers')}
  0x000001a099ad36a4: 0148 b9a8 | 6b2a f3a0 | 0100 0044 | 8b99 cc00 | 0000 4183 | c302 4489 | 99cc 0000 | 0041 81e3 
  0x000001a099ad36c4: feff 1f00 | 4585 db0f | 844b 1c00 | 0048 3b06 

  0x000001a099ad36d4: ;   {metadata(method data for {method} {0x000001a0b23d94e0} 'checkExactType' '(Ljava/lang/invoke/MethodHandle;Ljava/lang/invoke/MethodType;)V' in 'java/lang/invoke/Invokers')}
  0x000001a099ad36d4: 488b ce49 | bba8 6b2a | f3a0 0100 | 008b 4908 | 49ba 0000 | 00b2 a001 | 0000 4903 | ca49 3b8b 
  0x000001a099ad36f4: 2001 0000 | 750d 4983 | 8328 0100 | 0001 e960 | 0000 0049 | 3b8b 3001 | 0000 750d | 4983 8338 
  0x000001a099ad3714: 0100 0001 | e94a 0000 | 0049 83bb | 2001 0000 | 0075 1749 | 898b 2001 | 0000 49c7 | 8328 0100 
  0x000001a099ad3734: 0001 0000 | 00e9 2900 | 0000 4983 | bb30 0100 | 0000 7517 | 4989 8b30 | 0100 0049 | c783 3801 
  0x000001a099ad3754: 0000 0100 | 0000 e908 | 0000 0049 | 8383 1001 | 0000 018b | 4e10 48c1 | e103 493b 

  0x000001a099ad3770: ;   {metadata(method data for {method} {0x000001a0b23d94e0} 'checkExactType' '(Ljava/lang/invoke/MethodHandle;Ljava/lang/invoke/MethodType;)V' in 'java/lang/invoke/Invokers')}
  0x000001a099ad3770: c949 b9a8 | 6b2a f3a0 | 0100 0049 | c7c3 5801 | 0000 7507 | 49c7 c348 | 0100 004f | 8b2c 194d 
  0x000001a099ad3790: 8d6d 014f | 892c 190f | 8592 1400 

  0x000001a099ad379c: ;   {metadata(method data for {method} {0x000001a0f342b6b8} 'invokeExact_MT' '(Ljava/lang/Object;Ljava/lang/Object;Ljava/lang/Object;Ljava/lang/Object;Ljava/lang/Object;Ljava/lang/Object;)Ljava/lang/Object;' in 'java/lang/invoke/LambdaForm$MH+0x000001a0b300f400')}
  0x000001a099ad379c: 0048 b900 | 285e f3a0 | 0100 0048 | 8d89 c801 | 0000 448b | 4e08 49ba | 0000 00b2 | a001 0000 
  0x000001a099ad37bc: 4d03 ca4d | 8bd1 4c33 | 4908 49f7 | c1fc ffff | ff74 2b41 | f6c1 0275 | 2548 f741 | 08fe ffff 
  0x000001a099ad37dc: ff74 174d | 8bca 4c33 | 4908 49f7 | c1fc ffff | ff74 0b48 | 8349 0802 | eb04 4c89 

  0x000001a099ad37f8: ;   {metadata(method data for {method} {0x000001a0f342b6b8} 'invokeExact_MT' '(Ljava/lang/Object;Ljava/lang/Object;Ljava/lang/Object;Ljava/lang/Object;Ljava/lang/Object;Ljava/lang/Object;)Ljava/lang/Object;' in 'java/lang/invoke/LambdaForm$MH+0x000001a0b300f400')}
  0x000001a099ad37f8: 4908 48b9 | 0028 5ef3 | a001 0000 | 4883 81b8 | 0100 0001 

  0x000001a099ad380c: ;   {metadata(method data for {method} {0x000001a0b23d93d8} 'checkCustomized' '(Ljava/lang/invoke/MethodHandle;)V' in 'java/lang/invoke/Invokers')}
  0x000001a099ad380c: 48b9 f86f | 2af3 a001 | 0000 448b | 89cc 0000 | 0041 83c1 | 0244 8989 | cc00 0000 | 4181 e1fe 
  0x000001a099ad382c: ff1f 0045 | 85c9 0f84 | 0a1b 0000 

  0x000001a099ad3838: ;   {metadata(method data for {method} {0x000001a0b23d93d8} 'checkCustomized' '(Ljava/lang/invoke/MethodHandle;)V' in 'java/lang/invoke/Invokers')}
  0x000001a099ad3838: 48b9 f86f | 2af3 a001 | 0000 4883 | 8110 0100 

  0x000001a099ad3848: ;   {metadata(method data for {method} {0x000001a0b2095ff0} 'isCompileConstant' '(Ljava/lang/Object;)Z' in 'java/lang/invoke/MethodHandleImpl')}
  0x000001a099ad3848: 0001 48b9 | a871 2af3 | a001 0000 | 448b 89cc | 0000 0041 | 83c1 0244 | 8989 cc00 | 0000 4181 
  0x000001a099ad3868: e1fe ff1f | 0045 85c9 | 0f84 ed1a 

  0x000001a099ad3874: ;   {metadata(method data for {method} {0x000001a0b23d93d8} 'checkCustomized' '(Ljava/lang/invoke/MethodHandle;)V' in 'java/lang/invoke/Invokers')}
  0x000001a099ad3874: 0000 48b9 | f86f 2af3 | a001 0000 | ff81 2001 | 0000 8b4e | 1448 c1e1 | 038b 491c | 48c1 e103 
  0x000001a099ad3894: ;   {metadata(method data for {method} {0x000001a0b23d93d8} 'checkCustomized' '(Ljava/lang/invoke/MethodHandle;)V' in 'java/lang/invoke/Invokers')}
  0x000001a099ad3894: 4885 c948 | b9f8 6f2a | f3a0 0100 | 0049 c7c1 | 4001 0000 | 7507 49c7 | c150 0100 | 004e 8b1c 
  0x000001a099ad38b4: 094d 8d5b | 014e 891c | 090f 8529 

  0x000001a099ad38c0: ;   {metadata(method data for {method} {0x000001a0b23d93d8} 'checkCustomized' '(Ljava/lang/invoke/MethodHandle;)V' in 'java/lang/invoke/Invokers')}
  0x000001a099ad38c0: 0000 0048 | b9f8 6f2a | f3a0 0100 | 0048 8381 | 6001 0000 | 0148 8bd6 | 0f1f 8000 

  0x000001a099ad38dc: ;   {static_call}
  0x000001a099ad38dc: 0000 00e8 

  0x000001a099ad38e0: ; ImmutableOopMap {[176]=Oop [192]=Oop [200]=Oop [208]=Oop [216]=Oop [224]=Oop }
                      ;*invokestatic maybeCustomize {reexecute=0 rethrow=0 return_oop=0}
                      ; - java.lang.invoke.Invokers::checkCustomized@19
                      ; - java.lang.invoke.LambdaForm$MH/0x000001a0b300f400::invokeExact_MT@15
                      ; - jdk.internal.reflect.DirectMethodHandleAccessor::invokeImpl@92
                      ; - jdk.internal.reflect.DirectMethodHandleAccessor::invoke@23
  0x000001a099ad38e0: dcb4 4501 

  0x000001a099ad38e4: ;   {other}
  0x000001a099ad38e4: 0f1f 8400 | d40e 0003 | 488b bc24 | c800 0000 | 4c8b 8424 | c000 0000 

  0x000001a099ad38fc: ;   {metadata(method data for {method} {0x000001a0f342b6b8} 'invokeExact_MT' '(Ljava/lang/Object;Ljava/lang/Object;Ljava/lang/Object;Ljava/lang/Object;Ljava/lang/Object;Ljava/lang/Object;)Ljava/lang/Object;' in 'java/lang/invoke/LambdaForm$MH+0x000001a0b300f400')}
  0x000001a099ad38fc: 49b9 0028 | 5ef3 a001 | 0000 4d8d | 8918 0200 | 004d 85c0 | 750f 41f6 | 4108 0175 | 54f0 4983 
  0x000001a099ad391c: 4908 01eb | 4c41 8b70 | 0849 ba00 | 0000 b2a0 | 0100 0049 | 03f2 4c8b | d649 3371 | 0848 f7c6 
  0x000001a099ad393c: fcff ffff | 742b 40f6 | c602 7525 | 49f7 4108 | feff ffff | 7417 498b | f249 3371 | 0848 f7c6 
  0x000001a099ad395c: fcff ffff | 740b 4983 | 4908 02eb | 0449 8971 | 0848 85ff | 750f 41f6 | 4118 0175 | 53f0 4983 
  0x000001a099ad397c: 4918 01eb | 4b8b 7708 | 49ba 0000 | 00b2 a001 | 0000 4903 | f24c 8bd6 | 4933 7118 | 48f7 c6fc 
  0x000001a099ad399c: ffff ff74 | 2b40 f6c6 | 0275 2549 | f741 18fe | ffff ff74 | 1749 8bf2 | 4933 7118 | 48f7 c6fc 
  0x000001a099ad39bc: ffff ff74 | 0b49 8349 | 1802 eb04 | 4989 7118 | 488b b424 | d000 0000 

  0x000001a099ad39d4: ;   {metadata(method data for {method} {0x000001a0f342b6b8} 'invokeExact_MT' '(Ljava/lang/Object;Ljava/lang/Object;Ljava/lang/Object;Ljava/lang/Object;Ljava/lang/Object;Ljava/lang/Object;)Ljava/lang/Object;' in 'java/lang/invoke/LambdaForm$MH+0x000001a0b300f400')}
  0x000001a099ad39d4: 49b9 0028 | 5ef3 a001 | 0000 4983 | 81e0 0100 | 0001 4c8b | cf48 8bbc | 24d8 0000 | 0048 8bb4 
  0x000001a099ad39f4: 24e0 0000 | 0048 8b94 | 24d0 0000 | 0066 0f1f 

  0x000001a099ad3a04: ;   {optimized virtual_call}
  0x000001a099ad3a04: 4400 00e8 

  0x000001a099ad3a08: ; ImmutableOopMap {[176]=Oop }
                      ;*invokevirtual invokeBasic {reexecute=0 rethrow=0 return_oop=0}
                      ; - java.lang.invoke.LambdaForm$MH/0x000001a0b300f400::invokeExact_MT@24
                      ; - jdk.internal.reflect.DirectMethodHandleAccessor::invokeImpl@92
                      ; - jdk.internal.reflect.DirectMethodHandleAccessor::invoke@23
  0x000001a099ad3a08: f44a 9307 

  0x000001a099ad3a0c: ;   {other}
  0x000001a099ad3a0c: 0f1f 8400 | fc0f 0004 

  0x000001a099ad3a14: ;   {metadata(method data for {method} {0x000001a0f342b6b8} 'invokeExact_MT' '(Ljava/lang/Object;Ljava/lang/Object;Ljava/lang/Object;Ljava/lang/Object;Ljava/lang/Object;Ljava/lang/Object;)Ljava/lang/Object;' in 'java/lang/invoke/LambdaForm$MH+0x000001a0b300f400')}
  0x000001a099ad3a14: 48ba 0028 | 5ef3 a001 | 0000 488d | 9238 0200 | 0048 85c0 | 750c f602 | 0175 4df0 | 4883 0a01 
  0x000001a099ad3a34: eb46 8b70 | 0849 ba00 | 0000 b2a0 | 0100 0049 | 03f2 4c8b | d648 3332 | 48f7 c6fc | ffff ff74 
  0x000001a099ad3a54: 2740 f6c6 | 0275 2148 | f702 feff | ffff 7415 | 498b f248 | 3332 48f7 | c6fc ffff | ff74 0948 
  0x000001a099ad3a74: 830a 02eb | 0348 8932 

  0x000001a099ad3a7c: ;   {metadata(method data for {method} {0x000001a0b23c46e0} 'invokeImpl' '(Ljava/lang/Object;[Ljava/lang/Object;)Ljava/lang/Object;' in 'jdk/internal/reflect/DirectMethodHandleAccessor')}
  0x000001a099ad3a7c: 48ba 1803 | 37f3 a001 | 0000 488d | 9238 0300 | 0048 85c0 | 750c f602 | 0175 4df0 | 4883 0a01 
  0x000001a099ad3a9c: eb46 8b70 | 0849 ba00 | 0000 b2a0 | 0100 0049 | 03f2 4c8b | d648 3332 | 48f7 c6fc | ffff ff74 
  0x000001a099ad3abc: 2740 f6c6 | 0275 2148 | f702 feff | ffff 7415 | 498b f248 | 3332 48f7 | c6fc ffff | ff74 0948 
  0x000001a099ad3adc: 830a 02eb | 0348 8932 

  0x000001a099ad3ae4: ;   {metadata(method data for {method} {0x000001a0b23c46e0} 'invokeImpl' '(Ljava/lang/Object;[Ljava/lang/Object;)Ljava/lang/Object;' in 'jdk/internal/reflect/DirectMethodHandleAccessor')}
  0x000001a099ad3ae4: 48ba 1803 | 37f3 a001 | 0000 ff82 | 4803 0000 | 4881 c460 | 0100 005d 

  0x000001a099ad3afc: ;   {poll_return}
  0x000001a099ad3afc: 493b a748 | 0400 000f | 8780 1800 | 00c3 4c8b | 8c24 b800 | 0000 4c8b | 8424 c000 | 0000 8b72 
  0x000001a099ad3b1c: 1848 c1e6 | 0348 89b4 | 24f0 0000 | 0041 8379 | 0c00 0f86 | 7518 0000 | 418b 7910 | 48c1 e703 
  0x000001a099ad3b3c: 4889 bc24 | e800 0000 | 4183 790c | 010f 866c | 1800 0041 | 8b59 1448 | c1e3 0348 | 899c 24f8 
  0x000001a099ad3b5c: ;   {metadata(method data for {method} {0x000001a0b23c46e0} 'invokeImpl' '(Ljava/lang/Object;[Ljava/lang/Object;)Ljava/lang/Object;' in 'jdk/internal/reflect/DirectMethodHandleAccessor')}
  0x000001a099ad3b5c: 0000 0048 | b818 0337 | f3a0 0100 | 0048 8d80 | 9802 0000 | 4d85 c075 | 0ef6 4008 | 0175 53f0 
  0x000001a099ad3b7c: 4883 4808 | 01eb 4b41 | 8b48 0849 | ba00 0000 | b2a0 0100 | 0049 03ca | 4c8b d148 | 3348 0848 
  0x000001a099ad3b9c: f7c1 fcff | ffff 742a | f6c1 0275 | 2548 f740 | 08fe ffff | ff74 1749 | 8bca 4833 | 4808 48f7 
  0x000001a099ad3bbc: c1fc ffff | ff74 0b48 | 8348 0802 | eb04 4889 

  0x000001a099ad3bcc: ;   {metadata(method data for {method} {0x000001a0f3455ab8} 'invokeExact_MT' '(Ljava/lang/Object;Ljava/lang/Object;Ljava/lang/Object;Ljava/lang/Object;Ljava/lang/Object;)Ljava/lang/Object;' in 'java/lang/invoke/LambdaForm$MH+0x000001a0b301cc00')}
  0x000001a099ad3bcc: 4808 48b8 | 185d 45f3 | a001 0000 | 488d 80c0 | 0200 0048 | 85f6 750c | f600 0175 | 4cf0 4883 
  0x000001a099ad3bec: 0801 eb45 | 8b4e 0849 | ba00 0000 | b2a0 0100 | 0049 03ca | 4c8b d148 | 3308 48f7 | c1fc ffff 
  0x000001a099ad3c0c: ff74 26f6 | c102 7521 | 48f7 00fe | ffff ff74 | 1549 8bca | 4833 0848 | f7c1 fcff | ffff 7409 
  0x000001a099ad3c2c: 4883 0802 | eb03 4889 | 084d 85c0 | 750e f640 | 1001 7553 | f048 8348 | 1001 eb4b | 418b 4808 
  0x000001a099ad3c4c: 49ba 0000 | 00b2 a001 | 0000 4903 | ca4c 8bd1 | 4833 4810 | 48f7 c1fc | ffff ff74 | 2af6 c102 
  0x000001a099ad3c6c: 7525 48f7 | 4010 feff | ffff 7417 | 498b ca48 | 3348 1048 | f7c1 fcff | ffff 740b | 4883 4810 
  0x000001a099ad3c8c: 02eb 0448 

  0x000001a099ad3c90: ;   {metadata(method data for {method} {0x000001a0b23c46e0} 'invokeImpl' '(Ljava/lang/Object;[Ljava/lang/Object;)Ljava/lang/Object;' in 'jdk/internal/reflect/DirectMethodHandleAccessor')}
  0x000001a099ad3c90: 8948 1048 | b818 0337 | f3a0 0100 | 0048 8380 | 6002 0000 

  0x000001a099ad3ca4: ;   {metadata(method data for {method} {0x000001a0f3455ab8} 'invokeExact_MT' '(Ljava/lang/Object;Ljava/lang/Object;Ljava/lang/Object;Ljava/lang/Object;Ljava/lang/Object;)Ljava/lang/Object;' in 'java/lang/invoke/LambdaForm$MH+0x000001a0b301cc00')}
  0x000001a099ad3ca4: 0148 b818 | 5d45 f3a0 | 0100 008b | 88cc 0000 | 0083 c102 | 8988 cc00 | 0000 81e1 | feff 1f00 
  0x000001a099ad3cc4: 85c9 0f84 | 0117 0000 

  0x000001a099ad3ccc: ;   {metadata(method data for {method} {0x000001a0f3455ab8} 'invokeExact_MT' '(Ljava/lang/Object;Ljava/lang/Object;Ljava/lang/Object;Ljava/lang/Object;Ljava/lang/Object;)Ljava/lang/Object;' in 'java/lang/invoke/LambdaForm$MH+0x000001a0b301cc00')}
  0x000001a099ad3ccc: 48b8 185d | 45f3 a001 | 0000 488d | 8090 0100 | 0048 85f6 | 750e f640 | 0801 7552 | f048 8348 
  0x000001a099ad3cec: 0801 eb4a | 8b4e 0849 | ba00 0000 | b2a0 0100 | 0049 03ca | 4c8b d148 | 3348 0848 | f7c1 fcff 
  0x000001a099ad3d0c: ffff 742a | f6c1 0275 | 2548 f740 | 08fe ffff | ff74 1749 | 8bca 4833 | 4808 48f7 | c1fc ffff 
  0x000001a099ad3d2c: ff74 0b48 | 8348 0802 | eb04 4889 

  0x000001a099ad3d38: ;   {oop(a 'java/lang/invoke/MethodType'{0x00000007401e5340} = (Ljava/lang/Object;Ljava/lang/Object;Ljava/lang/Object;)Ljava/lang/Object;)}
  0x000001a099ad3d38: 4808 48b9 | 4053 1e40 | 0700 0000 | 4885 c975 | 0cf6 4018 | 0175 06f0 | 4883 4818 

  0x000001a099ad3d54: ;   {metadata(method data for {method} {0x000001a0f3455ab8} 'invokeExact_MT' '(Ljava/lang/Object;Ljava/lang/Object;Ljava/lang/Object;Ljava/lang/Object;Ljava/lang/Object;)Ljava/lang/Object;' in 'java/lang/invoke/LambdaForm$MH+0x000001a0b301cc00')}
  0x000001a099ad3d54: 0148 b818 | 5d45 f3a0 | 0100 0048 | 8380 8001 

  0x000001a099ad3d64: ;   {metadata(method data for {method} {0x000001a0b23d94e0} 'checkExactType' '(Ljava/lang/invoke/MethodHandle;Ljava/lang/invoke/MethodType;)V' in 'java/lang/invoke/Invokers')}
  0x000001a099ad3d64: 0000 0148 | b8a8 6b2a | f3a0 0100 | 0044 8b88 | cc00 0000 | 4183 c102 | 4489 88cc | 0000 0041 
  0x000001a099ad3d84: 81e1 feff | 1f00 4585 | c90f 845b | 1600 0048 | 3b06 488b 

  0x000001a099ad3d98: ;   {metadata(method data for {method} {0x000001a0b23d94e0} 'checkExactType' '(Ljava/lang/invoke/MethodHandle;Ljava/lang/invoke/MethodType;)V' in 'java/lang/invoke/Invokers')}
  0x000001a099ad3d98: c649 b9a8 | 6b2a f3a0 | 0100 008b | 4008 49ba | 0000 00b2 | a001 0000 | 4903 c249 | 3b81 2001 
  0x000001a099ad3db8: 0000 750d | 4983 8128 | 0100 0001 | e960 0000 | 0049 3b81 | 3001 0000 | 750d 4983 | 8138 0100 
  0x000001a099ad3dd8: 0001 e94a | 0000 0049 | 83b9 2001 | 0000 0075 | 1749 8981 | 2001 0000 | 49c7 8128 | 0100 0001 
  0x000001a099ad3df8: 0000 00e9 | 2900 0000 | 4983 b930 | 0100 0000 | 7517 4989 | 8130 0100 | 0049 c781 | 3801 0000 
  0x000001a099ad3e18: 0100 0000 | e908 0000 | 0049 8381 | 1001 0000 | 018b 4610 | 48c1 e003 

  0x000001a099ad3e30: ;   {metadata(method data for {method} {0x000001a0b23d94e0} 'checkExactType' '(Ljava/lang/invoke/MethodHandle;Ljava/lang/invoke/MethodType;)V' in 'java/lang/invoke/Invokers')}
  0x000001a099ad3e30: 483b c148 | b9a8 6b2a | f3a0 0100 | 0049 c7c1 | 5801 0000 | 7507 49c7 | c148 0100 | 004e 8b1c 
  0x000001a099ad3e50: 094d 8d5b | 014e 891c | 090f 8590 

  0x000001a099ad3e5c: ;   {metadata(method data for {method} {0x000001a0f3455ab8} 'invokeExact_MT' '(Ljava/lang/Object;Ljava/lang/Object;Ljava/lang/Object;Ljava/lang/Object;Ljava/lang/Object;)Ljava/lang/Object;' in 'java/lang/invoke/LambdaForm$MH+0x000001a0b301cc00')}
  0x000001a099ad3e5c: 0d00 0048 | b818 5d45 | f3a0 0100 | 0048 8d80 | c801 0000 | 8b4e 0849 | ba00 0000 | b2a0 0100 
  0x000001a099ad3e7c: 0049 03ca | 4c8b d148 | 3348 0848 | f7c1 fcff | ffff 742a | f6c1 0275 | 2548 f740 | 08fe ffff 
  0x000001a099ad3e9c: ff74 1749 | 8bca 4833 | 4808 48f7 | c1fc ffff | ff74 0b48 | 8348 0802 | eb04 4889 

  0x000001a099ad3eb8: ;   {metadata(method data for {method} {0x000001a0f3455ab8} 'invokeExact_MT' '(Ljava/lang/Object;Ljava/lang/Object;Ljava/lang/Object;Ljava/lang/Object;Ljava/lang/Object;)Ljava/lang/Object;' in 'java/lang/invoke/LambdaForm$MH+0x000001a0b301cc00')}
  0x000001a099ad3eb8: 4808 48b8 | 185d 45f3 | a001 0000 | 4883 80b8 | 0100 0001 

  0x000001a099ad3ecc: ;   {metadata(method data for {method} {0x000001a0b23d93d8} 'checkCustomized' '(Ljava/lang/invoke/MethodHandle;)V' in 'java/lang/invoke/Invokers')}
  0x000001a099ad3ecc: 48b8 f86f | 2af3 a001 | 0000 8b88 | cc00 0000 | 83c1 0289 | 88cc 0000 | 0081 e1fe | ff1f 0085 
  0x000001a099ad3eec: c90f 8421 

  0x000001a099ad3ef0: ;   {metadata(method data for {method} {0x000001a0b23d93d8} 'checkCustomized' '(Ljava/lang/invoke/MethodHandle;)V' in 'java/lang/invoke/Invokers')}
  0x000001a099ad3ef0: 1500 0048 | b8f8 6f2a | f3a0 0100 | 0048 8380 | 1001 0000 

  0x000001a099ad3f04: ;   {metadata(method data for {method} {0x000001a0b2095ff0} 'isCompileConstant' '(Ljava/lang/Object;)Z' in 'java/lang/invoke/MethodHandleImpl')}
  0x000001a099ad3f04: 0148 b8a8 | 712a f3a0 | 0100 008b | 88cc 0000 | 0083 c102 | 8988 cc00 | 0000 81e1 | feff 1f00 
  0x000001a099ad3f24: 85c9 0f84 | 0915 0000 

  0x000001a099ad3f2c: ;   {metadata(method data for {method} {0x000001a0b23d93d8} 'checkCustomized' '(Ljava/lang/invoke/MethodHandle;)V' in 'java/lang/invoke/Invokers')}
  0x000001a099ad3f2c: 48b8 f86f | 2af3 a001 | 0000 ff80 | 2001 0000 | 8b46 1448 | c1e0 038b | 401c 48c1 | e003 4885 
  0x000001a099ad3f4c: ;   {metadata(method data for {method} {0x000001a0b23d93d8} 'checkCustomized' '(Ljava/lang/invoke/MethodHandle;)V' in 'java/lang/invoke/Invokers')}
  0x000001a099ad3f4c: c048 b8f8 | 6f2a f3a0 | 0100 0048 | c7c1 4001 | 0000 7507 | 48c7 c150 | 0100 004c | 8b0c 084d 
  0x000001a099ad3f6c: 8d49 014c | 890c 080f | 8523 0000 

  0x000001a099ad3f78: ;   {metadata(method data for {method} {0x000001a0b23d93d8} 'checkCustomized' '(Ljava/lang/invoke/MethodHandle;)V' in 'java/lang/invoke/Invokers')}
  0x000001a099ad3f78: 0048 b8f8 | 6f2a f3a0 | 0100 0048 | 8380 6001 | 0000 0148 

  0x000001a099ad3f8c: ;   {static_call}
  0x000001a099ad3f8c: 8bd6 90e8 

  0x000001a099ad3f90: ; ImmutableOopMap {[176]=Oop [192]=Oop [232]=Oop [240]=Oop [248]=Oop }
                      ;*invokestatic maybeCustomize {reexecute=0 rethrow=0 return_oop=0}
                      ; - java.lang.invoke.Invokers::checkCustomized@19
                      ; - java.lang.invoke.LambdaForm$MH/0x000001a0b301cc00::invokeExact_MT@15
                      ; - jdk.internal.reflect.DirectMethodHandleAccessor::invokeImpl@72
                      ; - jdk.internal.reflect.DirectMethodHandleAccessor::invoke@23
  0x000001a099ad3f90: 2cae 4501 

  0x000001a099ad3f94: ;   {other}
  0x000001a099ad3f94: 0f1f 8400 | 8415 0005 | 488b bc24 | e800 0000 | 4c8b 8424 | c000 0000 

  0x000001a099ad3fac: ;   {metadata(method data for {method} {0x000001a0f3455ab8} 'invokeExact_MT' '(Ljava/lang/Object;Ljava/lang/Object;Ljava/lang/Object;Ljava/lang/Object;Ljava/lang/Object;)Ljava/lang/Object;' in 'java/lang/invoke/LambdaForm$MH+0x000001a0b301cc00')}
  0x000001a099ad3fac: 49b9 185d | 45f3 a001 | 0000 4d8d | 8918 0200 | 004d 85c0 | 750f 41f6 | 4108 0175 | 53f0 4983 
  0x000001a099ad3fcc: 4908 01eb | 4b41 8b50 | 0849 ba00 | 0000 b2a0 | 0100 0049 | 03d2 4c8b | d249 3351 | 0848 f7c2 
  0x000001a099ad3fec: fcff ffff | 742a f6c2 | 0275 2549 | f741 08fe | ffff ff74 | 1749 8bd2 | 4933 5108 | 48f7 c2fc 
  0x000001a099ad400c: ffff ff74 | 0b49 8349 | 0802 eb04 | 4989 5108 | 4885 ff75 | 0f41 f641 | 1801 7552 | f049 8349 
  0x000001a099ad402c: 1801 eb4a | 8b57 0849 | ba00 0000 | b2a0 0100 | 0049 03d2 | 4c8b d249 | 3351 1848 | f7c2 fcff 
  0x000001a099ad404c: ffff 742a | f6c2 0275 | 2549 f741 | 18fe ffff | ff74 1749 | 8bd2 4933 | 5118 48f7 | c2fc ffff 
  0x000001a099ad406c: ff74 0b49 | 8349 1802 | eb04 4989 | 5118 488b | b424 f000 

  0x000001a099ad4080: ;   {metadata(method data for {method} {0x000001a0f3455ab8} 'invokeExact_MT' '(Ljava/lang/Object;Ljava/lang/Object;Ljava/lang/Object;Ljava/lang/Object;Ljava/lang/Object;)Ljava/lang/Object;' in 'java/lang/invoke/LambdaForm$MH+0x000001a0b301cc00')}
  0x000001a099ad4080: 0000 49b9 | 185d 45f3 | a001 0000 | 4983 81e0 | 0100 0001 | 4c8b cf48 | 8bbc 24f8 | 0000 0048 
  0x000001a099ad40a0: 8b94 24f0 

  0x000001a099ad40a4: ;   {optimized virtual_call}
  0x000001a099ad40a4: 0000 00e8 

  0x000001a099ad40a8: ; ImmutableOopMap {[176]=Oop }
                      ;*invokevirtual invokeBasic {reexecute=0 rethrow=0 return_oop=0}
                      ; - java.lang.invoke.LambdaForm$MH/0x000001a0b301cc00::invokeExact_MT@22
                      ; - jdk.internal.reflect.DirectMethodHandleAccessor::invokeImpl@72
                      ; - jdk.internal.reflect.DirectMethodHandleAccessor::invoke@23
  0x000001a099ad40a8: 5404 9307 

  0x000001a099ad40ac: ;   {other}
  0x000001a099ad40ac: 0f1f 8400 | 9c16 0006 

  0x000001a099ad40b4: ;   {metadata(method data for {method} {0x000001a0f3455ab8} 'invokeExact_MT' '(Ljava/lang/Object;Ljava/lang/Object;Ljava/lang/Object;Ljava/lang/Object;Ljava/lang/Object;)Ljava/lang/Object;' in 'java/lang/invoke/LambdaForm$MH+0x000001a0b301cc00')}
  0x000001a099ad40b4: 48ba 185d | 45f3 a001 | 0000 488d | 9238 0200 | 0048 85c0 | 750c f602 | 0175 4df0 | 4883 0a01 
  0x000001a099ad40d4: eb46 8b70 | 0849 ba00 | 0000 b2a0 | 0100 0049 | 03f2 4c8b | d648 3332 | 48f7 c6fc | ffff ff74 
  0x000001a099ad40f4: 2740 f6c6 | 0275 2148 | f702 feff | ffff 7415 | 498b f248 | 3332 48f7 | c6fc ffff | ff74 0948 
  0x000001a099ad4114: 830a 02eb | 0348 8932 

  0x000001a099ad411c: ;   {metadata(method data for {method} {0x000001a0b23c46e0} 'invokeImpl' '(Ljava/lang/Object;[Ljava/lang/Object;)Ljava/lang/Object;' in 'jdk/internal/reflect/DirectMethodHandleAccessor')}
  0x000001a099ad411c: 48ba 1803 | 37f3 a001 | 0000 488d | 92b8 0200 | 0048 85c0 | 750c f602 | 0175 4df0 | 4883 0a01 
  0x000001a099ad413c: eb46 8b70 | 0849 ba00 | 0000 b2a0 | 0100 0049 | 03f2 4c8b | d648 3332 | 48f7 c6fc | ffff ff74 
  0x000001a099ad415c: 2740 f6c6 | 0275 2148 | f702 feff | ffff 7415 | 498b f248 | 3332 48f7 | c6fc ffff | ff74 0948 
  0x000001a099ad417c: 830a 02eb | 0348 8932 

  0x000001a099ad4184: ;   {metadata(method data for {method} {0x000001a0b23c46e0} 'invokeImpl' '(Ljava/lang/Object;[Ljava/lang/Object;)Ljava/lang/Object;' in 'jdk/internal/reflect/DirectMethodHandleAccessor')}
  0x000001a099ad4184: 48ba 1803 | 37f3 a001 | 0000 ff82 | c802 0000 | 4881 c460 | 0100 005d 

  0x000001a099ad419c: ;   {poll_return}
  0x000001a099ad419c: 493b a748 | 0400 000f | 87b2 1200 | 00c3 4c8b | 8c24 b800 | 0000 4c8b | 8424 c000 | 0000 8b72 
  0x000001a099ad41bc: 1848 c1e6 | 0348 89b4 | 2408 0100 | 0041 8379 | 0c00 0f86 | a712 0000 | 418b 7910 | 48c1 e703 
  0x000001a099ad41dc: 4889 bc24 | 0001 0000 

  0x000001a099ad41e4: ;   {metadata(method data for {method} {0x000001a0b23c46e0} 'invokeImpl' '(Ljava/lang/Object;[Ljava/lang/Object;)Ljava/lang/Object;' in 'jdk/internal/reflect/DirectMethodHandleAccessor')}
  0x000001a099ad41e4: 48bb 1803 | 37f3 a001 | 0000 488d | 9b18 0200 | 004d 85c0 | 750e f643 | 0801 7550 | f048 834b 
  0x000001a099ad4204: 0801 eb48 | 418b 4008 | 49ba 0000 | 00b2 a001 | 0000 4903 | c24c 8bd0 | 4833 4308 | 48a9 fcff 
  0x000001a099ad4224: ffff 7428 | a802 7524 | 48f7 4308 | feff ffff | 7416 498b | c248 3343 | 0848 a9fc | ffff ff74 
  0x000001a099ad4244: 0b48 834b | 0802 eb04 | 4889 4308 

  0x000001a099ad4250: ;   {metadata(method data for {method} {0x000001a0b20b0158} 'invokeExact_MT' '(Ljava/lang/Object;Ljava/lang/Object;Ljava/lang/Object;Ljava/lang/Object;)Ljava/lang/Object;' in 'java/lang/invoke/Invokers$Holder')}
  0x000001a099ad4250: 48bb a030 | 32f3 a001 | 0000 488d | 9bb8 0200 | 0048 85f6 | 750c f603 | 0175 49f0 | 4883 0b01 
  0x000001a099ad4270: eb42 8b46 | 0849 ba00 | 0000 b2a0 | 0100 0049 | 03c2 4c8b | d048 3303 | 48a9 fcff | ffff 7424 
  0x000001a099ad4290: a802 7520 | 48f7 03fe | ffff ff74 | 1449 8bc2 | 4833 0348 | a9fc ffff | ff74 0948 | 830b 02eb 
  0x000001a099ad42b0: 0348 8903 | 4d85 c075 | 0ef6 4310 | 0175 50f0 | 4883 4b10 | 01eb 4841 | 8b40 0849 | ba00 0000 
  0x000001a099ad42d0: b2a0 0100 | 0049 03c2 | 4c8b d048 | 3343 1048 | a9fc ffff | ff74 28a8 | 0275 2448 | f743 10fe 
  0x000001a099ad42f0: ffff ff74 | 1649 8bc2 | 4833 4310 | 48a9 fcff | ffff 740b | 4883 4b10 | 02eb 0448 

  0x000001a099ad430c: ;   {metadata(method data for {method} {0x000001a0b23c46e0} 'invokeImpl' '(Ljava/lang/Object;[Ljava/lang/Object;)Ljava/lang/Object;' in 'jdk/internal/reflect/DirectMethodHandleAccessor')}
  0x000001a099ad430c: 8943 1048 | bb18 0337 | f3a0 0100 | 0048 8383 | e001 0000 

  0x000001a099ad4320: ;   {metadata(method data for {method} {0x000001a0b20b0158} 'invokeExact_MT' '(Ljava/lang/Object;Ljava/lang/Object;Ljava/lang/Object;Ljava/lang/Object;)Ljava/lang/Object;' in 'java/lang/invoke/Invokers$Holder')}
  0x000001a099ad4320: 0148 bba0 | 3032 f3a0 | 0100 008b | 83cc 0000 | 0083 c002 | 8983 cc00 | 0000 25fe | ff1f 0085 
  0x000001a099ad4340: c00f 8446 

  0x000001a099ad4344: ;   {metadata(method data for {method} {0x000001a0b20b0158} 'invokeExact_MT' '(Ljava/lang/Object;Ljava/lang/Object;Ljava/lang/Object;Ljava/lang/Object;)Ljava/lang/Object;' in 'java/lang/invoke/Invokers$Holder')}
  0x000001a099ad4344: 1100 0048 | bba0 3032 | f3a0 0100 | 0048 8d9b | 9001 0000 | 4885 f675 | 0ef6 4308 | 0175 4ff0 
  0x000001a099ad4364: 4883 4b08 | 01eb 478b | 4608 49ba | 0000 00b2 | a001 0000 | 4903 c24c | 8bd0 4833 | 4308 48a9 
  0x000001a099ad4384: fcff ffff | 7428 a802 | 7524 48f7 | 4308 feff | ffff 7416 | 498b c248 | 3343 0848 | a9fc ffff 
  0x000001a099ad43a4: ff74 0b48 | 834b 0802 | eb04 4889 

  0x000001a099ad43b0: ;   {oop(a 'java/lang/invoke/MethodType'{0x00000007401ec0a0} = (Ljava/lang/Object;Ljava/lang/Object;)Ljava/lang/Object;)}
  0x000001a099ad43b0: 4308 48b8 | a0c0 1e40 | 0700 0000 | 4885 c075 | 0cf6 4318 | 0175 06f0 | 4883 4b18 

  0x000001a099ad43cc: ;   {metadata(method data for {method} {0x000001a0b20b0158} 'invokeExact_MT' '(Ljava/lang/Object;Ljava/lang/Object;Ljava/lang/Object;Ljava/lang/Object;)Ljava/lang/Object;' in 'java/lang/invoke/Invokers$Holder')}
  0x000001a099ad43cc: 0148 bba0 | 3032 f3a0 | 0100 0048 | 8383 8001 

  0x000001a099ad43dc: ;   {metadata(method data for {method} {0x000001a0b23d94e0} 'checkExactType' '(Ljava/lang/invoke/MethodHandle;Ljava/lang/invoke/MethodType;)V' in 'java/lang/invoke/Invokers')}
  0x000001a099ad43dc: 0000 0148 | bba8 6b2a | f3a0 0100 | 008b 8bcc | 0000 0083 | c102 898b | cc00 0000 | 81e1 feff 
  0x000001a099ad43fc: 1f00 85c9 | 0f84 a810 | 0000 483b | 0648 8bde 

  0x000001a099ad440c: ;   {metadata(method data for {method} {0x000001a0b23d94e0} 'checkExactType' '(Ljava/lang/invoke/MethodHandle;Ljava/lang/invoke/MethodType;)V' in 'java/lang/invoke/Invokers')}
  0x000001a099ad440c: 48b9 a86b | 2af3 a001 | 0000 8b5b | 0849 ba00 | 0000 b2a0 | 0100 0049 | 03da 483b | 9920 0100 
  0x000001a099ad442c: 0075 0d48 | 8381 2801 | 0000 01e9 | 6000 0000 | 483b 9930 | 0100 0075 | 0d48 8381 | 3801 0000 
  0x000001a099ad444c: 01e9 4a00 | 0000 4883 | b920 0100 | 0000 7517 | 4889 9920 | 0100 0048 | c781 2801 | 0000 0100 
  0x000001a099ad446c: 0000 e929 | 0000 0048 | 83b9 3001 | 0000 0075 | 1748 8999 | 3001 0000 | 48c7 8138 | 0100 0001 
  0x000001a099ad448c: 0000 00e9 | 0800 0000 | 4883 8110 | 0100 0001 | 8b5e 1048 | c1e3 0348 

  0x000001a099ad44a4: ;   {metadata(method data for {method} {0x000001a0b23d94e0} 'checkExactType' '(Ljava/lang/invoke/MethodHandle;Ljava/lang/invoke/MethodType;)V' in 'java/lang/invoke/Invokers')}
  0x000001a099ad44a4: 3bd8 48b8 | a86b 2af3 | a001 0000 | 48c7 c158 | 0100 0075 | 0748 c7c1 | 4801 0000 | 4c8b 0c08 
  0x000001a099ad44c4: 4d8d 4901 | 4c89 0c08 | 0f85 dd06 

  0x000001a099ad44d0: ;   {metadata(method data for {method} {0x000001a0b20b0158} 'invokeExact_MT' '(Ljava/lang/Object;Ljava/lang/Object;Ljava/lang/Object;Ljava/lang/Object;)Ljava/lang/Object;' in 'java/lang/invoke/Invokers$Holder')}
  0x000001a099ad44d0: 0000 48bb | a030 32f3 | a001 0000 | 488d 9bc8 | 0100 008b | 4608 49ba | 0000 00b2 | a001 0000 
  0x000001a099ad44f0: 4903 c24c | 8bd0 4833 | 4308 48a9 | fcff ffff | 7428 a802 | 7524 48f7 | 4308 feff | ffff 7416 
  0x000001a099ad4510: 498b c248 | 3343 0848 | a9fc ffff | ff74 0b48 | 834b 0802 | eb04 4889 

  0x000001a099ad4528: ;   {metadata(method data for {method} {0x000001a0b20b0158} 'invokeExact_MT' '(Ljava/lang/Object;Ljava/lang/Object;Ljava/lang/Object;Ljava/lang/Object;)Ljava/lang/Object;' in 'java/lang/invoke/Invokers$Holder')}
  0x000001a099ad4528: 4308 48bb | a030 32f3 | a001 0000 | 4883 83b8 | 0100 0001 

  0x000001a099ad453c: ;   {metadata(method data for {method} {0x000001a0b23d93d8} 'checkCustomized' '(Ljava/lang/invoke/MethodHandle;)V' in 'java/lang/invoke/Invokers')}
  0x000001a099ad453c: 48bb f86f | 2af3 a001 | 0000 8b83 | cc00 0000 | 83c0 0289 | 83cc 0000 | 0025 feff | 1f00 85c0 
  0x000001a099ad455c: 0f84 720f 

  0x000001a099ad4560: ;   {metadata(method data for {method} {0x000001a0b23d93d8} 'checkCustomized' '(Ljava/lang/invoke/MethodHandle;)V' in 'java/lang/invoke/Invokers')}
  0x000001a099ad4560: 0000 48bb | f86f 2af3 | a001 0000 | 4883 8310 | 0100 0001 

  0x000001a099ad4574: ;   {metadata(method data for {method} {0x000001a0b2095ff0} 'isCompileConstant' '(Ljava/lang/Object;)Z' in 'java/lang/invoke/MethodHandleImpl')}
  0x000001a099ad4574: 48bb a871 | 2af3 a001 | 0000 8b83 | cc00 0000 | 83c0 0289 | 83cc 0000 | 0025 feff | 1f00 85c0 
  0x000001a099ad4594: 0f84 5b0f 

  0x000001a099ad4598: ;   {metadata(method data for {method} {0x000001a0b23d93d8} 'checkCustomized' '(Ljava/lang/invoke/MethodHandle;)V' in 'java/lang/invoke/Invokers')}
  0x000001a099ad4598: 0000 48bb | f86f 2af3 | a001 0000 | ff83 2001 | 0000 8b5e | 1448 c1e3 | 038b 5b1c | 48c1 e303 
  0x000001a099ad45b8: ;   {metadata(method data for {method} {0x000001a0b23d93d8} 'checkCustomized' '(Ljava/lang/invoke/MethodHandle;)V' in 'java/lang/invoke/Invokers')}
  0x000001a099ad45b8: 4885 db48 | bbf8 6f2a | f3a0 0100 | 0048 c7c0 | 4001 0000 | 7507 48c7 | c050 0100 | 0048 8b0c 
  0x000001a099ad45d8: 0348 8d49 | 0148 890c | 030f 8525 

  0x000001a099ad45e4: ;   {metadata(method data for {method} {0x000001a0b23d93d8} 'checkCustomized' '(Ljava/lang/invoke/MethodHandle;)V' in 'java/lang/invoke/Invokers')}
  0x000001a099ad45e4: 0000 0048 | bbf8 6f2a | f3a0 0100 | 0048 8383 | 6001 0000 | 0148 8bd6 

  0x000001a099ad45fc: ;   {static_call}
  0x000001a099ad45fc: 6666 90e8 

  0x000001a099ad4600: ; ImmutableOopMap {[176]=Oop [192]=Oop [256]=Oop [264]=Oop }
                      ;*invokestatic maybeCustomize {reexecute=0 rethrow=0 return_oop=0}
                      ; - java.lang.invoke.Invokers::checkCustomized@19
                      ; - java.lang.invoke.Invokers$Holder::invokeExact_MT@14
                      ; - jdk.internal.reflect.DirectMethodHandleAccessor::invokeImpl@55
                      ; - jdk.internal.reflect.DirectMethodHandleAccessor::invoke@23
  0x000001a099ad4600: bca7 4501 

  0x000001a099ad4604: ;   {other}
  0x000001a099ad4604: 0f1f 8400 | f41b 0007 | 488b bc24 | 0001 0000 | 4c8b 8424 | c000 0000 

  0x000001a099ad461c: ;   {metadata(method data for {method} {0x000001a0b20b0158} 'invokeExact_MT' '(Ljava/lang/Object;Ljava/lang/Object;Ljava/lang/Object;Ljava/lang/Object;)Ljava/lang/Object;' in 'java/lang/invoke/Invokers$Holder')}
  0x000001a099ad461c: 49b9 a030 | 32f3 a001 | 0000 4d8d | 8918 0200 | 004d 85c0 | 750f 41f6 | 4108 0175 | 53f0 4983 
  0x000001a099ad463c: 4908 01eb | 4b41 8b50 | 0849 ba00 | 0000 b2a0 | 0100 0049 | 03d2 4c8b | d249 3351 | 0848 f7c2 
  0x000001a099ad465c: fcff ffff | 742a f6c2 | 0275 2549 | f741 08fe | ffff ff74 | 1749 8bd2 | 4933 5108 | 48f7 c2fc 
  0x000001a099ad467c: ffff ff74 | 0b49 8349 | 0802 eb04 | 4989 5108 | 4885 ff75 | 0f41 f641 | 1801 7552 | f049 8349 
  0x000001a099ad469c: 1801 eb4a | 8b57 0849 | ba00 0000 | b2a0 0100 | 0049 03d2 | 4c8b d249 | 3351 1848 | f7c2 fcff 
  0x000001a099ad46bc: ffff 742a | f6c2 0275 | 2549 f741 | 18fe ffff | ff74 1749 | 8bd2 4933 | 5118 48f7 | c2fc ffff 
  0x000001a099ad46dc: ff74 0b49 | 8349 1802 | eb04 4989 | 5118 488b | b424 0801 

  0x000001a099ad46f0: ;   {metadata(method data for {method} {0x000001a0b20b0158} 'invokeExact_MT' '(Ljava/lang/Object;Ljava/lang/Object;Ljava/lang/Object;Ljava/lang/Object;)Ljava/lang/Object;' in 'java/lang/invoke/Invokers$Holder')}
  0x000001a099ad46f0: 0000 49b9 | a030 32f3 | a001 0000 | 4983 81e0 | 0100 0001 | 4c8b cf48 | 8b94 2408 

  0x000001a099ad470c: ;   {optimized virtual_call}
  0x000001a099ad470c: 0100 00e8 

  0x000001a099ad4710: ; ImmutableOopMap {[176]=Oop }
                      ;*invokevirtual invokeBasic {reexecute=0 rethrow=0 return_oop=0}
                      ; - java.lang.invoke.Invokers$Holder::invokeExact_MT@20
                      ; - jdk.internal.reflect.DirectMethodHandleAccessor::invokeImpl@55
                      ; - jdk.internal.reflect.DirectMethodHandleAccessor::invoke@23
  0x000001a099ad4710: ecaa 9307 

  0x000001a099ad4714: ;   {other}
  0x000001a099ad4714: 0f1f 8400 | 041d 0008 

  0x000001a099ad471c: ;   {metadata(method data for {method} {0x000001a0b20b0158} 'invokeExact_MT' '(Ljava/lang/Object;Ljava/lang/Object;Ljava/lang/Object;Ljava/lang/Object;)Ljava/lang/Object;' in 'java/lang/invoke/Invokers$Holder')}
  0x000001a099ad471c: 48ba a030 | 32f3 a001 | 0000 488d | 9238 0200 | 0048 85c0 | 750c f602 | 0175 4df0 | 4883 0a01 
  0x000001a099ad473c: eb46 8b70 | 0849 ba00 | 0000 b2a0 | 0100 0049 | 03f2 4c8b | d648 3332 | 48f7 c6fc | ffff ff74 
  0x000001a099ad475c: 2740 f6c6 | 0275 2148 | f702 feff | ffff 7415 | 498b f248 | 3332 48f7 | c6fc ffff | ff74 0948 
  0x000001a099ad477c: 830a 02eb | 0348 8932 

  0x000001a099ad4784: ;   {metadata(method data for {method} {0x000001a0b23c46e0} 'invokeImpl' '(Ljava/lang/Object;[Ljava/lang/Object;)Ljava/lang/Object;' in 'jdk/internal/reflect/DirectMethodHandleAccessor')}
  0x000001a099ad4784: 48ba 1803 | 37f3 a001 | 0000 488d | 9238 0200 | 0048 85c0 | 750c f602 | 0175 4df0 | 4883 0a01 
  0x000001a099ad47a4: eb46 8b70 | 0849 ba00 | 0000 b2a0 | 0100 0049 | 03f2 4c8b | d648 3332 | 48f7 c6fc | ffff ff74 
  0x000001a099ad47c4: 2740 f6c6 | 0275 2148 | f702 feff | ffff 7415 | 498b f248 | 3332 48f7 | c6fc ffff | ff74 0948 
  0x000001a099ad47e4: 830a 02eb | 0348 8932 

  0x000001a099ad47ec: ;   {metadata(method data for {method} {0x000001a0b23c46e0} 'invokeImpl' '(Ljava/lang/Object;[Ljava/lang/Object;)Ljava/lang/Object;' in 'jdk/internal/reflect/DirectMethodHandleAccessor')}
  0x000001a099ad47ec: 48ba 1803 | 37f3 a001 | 0000 ff82 | 4802 0000 | 4881 c460 | 0100 005d 

  0x000001a099ad4804: ;   {poll_return}
  0x000001a099ad4804: 493b a748 | 0400 000f | 870a 0d00 | 00c3 4c8b | 8424 c000 | 0000 8b72 | 1848 c1e6 | 0348 89b4 
  0x000001a099ad4824: 2410 0100 

  0x000001a099ad4828: ;   {metadata(method data for {method} {0x000001a0b23c46e0} 'invokeImpl' '(Ljava/lang/Object;[Ljava/lang/Object;)Ljava/lang/Object;' in 'jdk/internal/reflect/DirectMethodHandleAccessor')}
  0x000001a099ad4828: 0048 bf18 | 0337 f3a0 | 0100 0048 | 8dbf a801 | 0000 4d85 | c075 0cf6 | 4708 0175 | 06f0 4883 
  0x000001a099ad4848: ;   {metadata(method data for {method} {0x000001a0b20b0208} 'invokeExact_MT' '(Ljava/lang/Object;Ljava/lang/Object;Ljava/lang/Object;)Ljava/lang/Object;' in 'java/lang/invoke/Invokers$Holder')}
  0x000001a099ad4848: 4f08 0148 | bfe8 2d32 | f3a0 0100 | 0048 8dbf | a002 0000 | 4885 f675 | 0af6 0701 | 7505 f048 
  0x000001a099ad4868: ;   {metadata(method data for {method} {0x000001a0b23c46e0} 'invokeImpl' '(Ljava/lang/Object;[Ljava/lang/Object;)Ljava/lang/Object;' in 'jdk/internal/reflect/DirectMethodHandleAccessor')}
  0x000001a099ad4868: 830f 0148 | bf18 0337 | f3a0 0100 | 0048 8387 | 7001 0000 

  0x000001a099ad487c: ;   {metadata(method data for {method} {0x000001a0b20b0208} 'invokeExact_MT' '(Ljava/lang/Object;Ljava/lang/Object;Ljava/lang/Object;)Ljava/lang/Object;' in 'java/lang/invoke/Invokers$Holder')}
  0x000001a099ad487c: 0148 bfe8 | 2d32 f3a0 | 0100 008b | 9fcc 0000 | 0083 c302 | 899f cc00 | 0000 81e3 | feff 1f00 
  0x000001a099ad489c: 85db 0f84 | 8d0c 0000 

  0x000001a099ad48a4: ;   {metadata(method data for {method} {0x000001a0b20b0208} 'invokeExact_MT' '(Ljava/lang/Object;Ljava/lang/Object;Ljava/lang/Object;)Ljava/lang/Object;' in 'java/lang/invoke/Invokers$Holder')}
  0x000001a099ad48a4: 48bf e82d | 32f3 a001 | 0000 488d | bf90 0100 | 0048 85f6 | 750c f647 | 0801 7506 | f048 834f 
  0x000001a099ad48c4: ;   {oop(a 'java/lang/invoke/MethodType'{0x00000007401ebf88} = (Ljava/lang/Object;)Ljava/lang/Object;)}
  0x000001a099ad48c4: 0801 48bb | 88bf 1e40 | 0700 0000 | 4885 db75 | 0cf6 4718 | 0175 06f0 | 4883 4f18 

  0x000001a099ad48e0: ;   {metadata(method data for {method} {0x000001a0b20b0208} 'invokeExact_MT' '(Ljava/lang/Object;Ljava/lang/Object;Ljava/lang/Object;)Ljava/lang/Object;' in 'java/lang/invoke/Invokers$Holder')}
  0x000001a099ad48e0: 0148 bfe8 | 2d32 f3a0 | 0100 0048 | 8387 8001 

  0x000001a099ad48f0: ;   {metadata(method data for {method} {0x000001a0b23d94e0} 'checkExactType' '(Ljava/lang/invoke/MethodHandle;Ljava/lang/invoke/MethodType;)V' in 'java/lang/invoke/Invokers')}
  0x000001a099ad48f0: 0000 0148 | bfa8 6b2a | f3a0 0100 | 008b 87cc | 0000 0083 | c002 8987 | cc00 0000 | 25fe ff1f 
  0x000001a099ad4910: 0085 c00f | 8439 0c00 | 0048 3b06 

  0x000001a099ad491c: ;   {metadata(method data for {method} {0x000001a0b23d94e0} 'checkExactType' '(Ljava/lang/invoke/MethodHandle;Ljava/lang/invoke/MethodType;)V' in 'java/lang/invoke/Invokers')}
  0x000001a099ad491c: 488b fe48 | b8a8 6b2a | f3a0 0100 | 008b 7f08 | 49ba 0000 | 00b2 a001 | 0000 4903 | fa48 3bb8 
  0x000001a099ad493c: 2001 0000 | 750d 4883 | 8028 0100 | 0001 e960 | 0000 0048 | 3bb8 3001 | 0000 750d | 4883 8038 
  0x000001a099ad495c: 0100 0001 | e94a 0000 | 0048 83b8 | 2001 0000 | 0075 1748 | 89b8 2001 | 0000 48c7 | 8028 0100 
  0x000001a099ad497c: 0001 0000 | 00e9 2900 | 0000 4883 | b830 0100 | 0000 7517 | 4889 b830 | 0100 0048 | c780 3801 
  0x000001a099ad499c: 0000 0100 | 0000 e908 | 0000 0048 | 8380 1001 | 0000 018b | 7e10 48c1 | e703 483b 

  0x000001a099ad49b8: ;   {metadata(method data for {method} {0x000001a0b23d94e0} 'checkExactType' '(Ljava/lang/invoke/MethodHandle;Ljava/lang/invoke/MethodType;)V' in 'java/lang/invoke/Invokers')}
  0x000001a099ad49b8: fb48 bba8 | 6b2a f3a0 | 0100 0048 | c7c0 5801 | 0000 7507 | 48c7 c048 | 0100 0048 | 8b0c 0348 
  0x000001a099ad49d8: 8d49 0148 | 890c 030f | 8585 0100 

  0x000001a099ad49e4: ;   {metadata(method data for {method} {0x000001a0b20b0208} 'invokeExact_MT' '(Ljava/lang/Object;Ljava/lang/Object;Ljava/lang/Object;)Ljava/lang/Object;' in 'java/lang/invoke/Invokers$Holder')}
  0x000001a099ad49e4: 0048 bfe8 | 2d32 f3a0 | 0100 0048 | 8387 b801 

  0x000001a099ad49f4: ;   {metadata(method data for {method} {0x000001a0b23d93d8} 'checkCustomized' '(Ljava/lang/invoke/MethodHandle;)V' in 'java/lang/invoke/Invokers')}
  0x000001a099ad49f4: 0000 0148 | bff8 6f2a | f3a0 0100 | 008b 9fcc | 0000 0083 | c302 899f | cc00 0000 | 81e3 feff 
  0x000001a099ad4a14: 1f00 85db | 0f84 5a0b 

  0x000001a099ad4a1c: ;   {metadata(method data for {method} {0x000001a0b23d93d8} 'checkCustomized' '(Ljava/lang/invoke/MethodHandle;)V' in 'java/lang/invoke/Invokers')}
  0x000001a099ad4a1c: 0000 48bf | f86f 2af3 | a001 0000 | 4883 8710 | 0100 0001 

  0x000001a099ad4a30: ;   {metadata(method data for {method} {0x000001a0b2095ff0} 'isCompileConstant' '(Ljava/lang/Object;)Z' in 'java/lang/invoke/MethodHandleImpl')}
  0x000001a099ad4a30: 48bf a871 | 2af3 a001 | 0000 8b9f | cc00 0000 | 83c3 0289 | 9fcc 0000 | 0081 e3fe | ff1f 0085 
  0x000001a099ad4a50: db0f 8442 

  0x000001a099ad4a54: ;   {metadata(method data for {method} {0x000001a0b23d93d8} 'checkCustomized' '(Ljava/lang/invoke/MethodHandle;)V' in 'java/lang/invoke/Invokers')}
  0x000001a099ad4a54: 0b00 0048 | bff8 6f2a | f3a0 0100 | 00ff 8720 | 0100 008b | 7e14 48c1 | e703 8b7f | 1c48 c1e7 
  0x000001a099ad4a74: 0348 85ff 

  0x000001a099ad4a78: ;   {metadata(method data for {method} {0x000001a0b23d93d8} 'checkCustomized' '(Ljava/lang/invoke/MethodHandle;)V' in 'java/lang/invoke/Invokers')}
  0x000001a099ad4a78: 48bf f86f | 2af3 a001 | 0000 48c7 | c340 0100 | 0075 0748 | c7c3 5001 | 0000 488b | 041f 488d 
  0x000001a099ad4a98: 4001 4889 | 041f 0f85 | 2800 0000 

  0x000001a099ad4aa4: ;   {metadata(method data for {method} {0x000001a0b23d93d8} 'checkCustomized' '(Ljava/lang/invoke/MethodHandle;)V' in 'java/lang/invoke/Invokers')}
  0x000001a099ad4aa4: 48bf f86f | 2af3 a001 | 0000 4883 | 8760 0100 | 0001 488b | d666 0f1f 

  0x000001a099ad4abc: ;   {static_call}
  0x000001a099ad4abc: 4400 00e8 

  0x000001a099ad4ac0: ; ImmutableOopMap {[176]=Oop [192]=Oop [272]=Oop }
                      ;*invokestatic maybeCustomize {reexecute=0 rethrow=0 return_oop=0}
                      ; - java.lang.invoke.Invokers::checkCustomized@19
                      ; - java.lang.invoke.Invokers$Holder::invokeExact_MT@14
                      ; - jdk.internal.reflect.DirectMethodHandleAccessor::invokeImpl@41
                      ; - jdk.internal.reflect.DirectMethodHandleAccessor::invoke@23
  0x000001a099ad4ac0: dc14 0008 

  0x000001a099ad4ac4: ;   {other}
  0x000001a099ad4ac4: 0f1f 8400 | b420 0009 | 488b b424 | 1001 0000 

  0x000001a099ad4ad4: ;   {metadata(method data for {method} {0x000001a0b20b0208} 'invokeExact_MT' '(Ljava/lang/Object;Ljava/lang/Object;Ljava/lang/Object;)Ljava/lang/Object;' in 'java/lang/invoke/Invokers$Holder')}
  0x000001a099ad4ad4: 49b8 e82d | 32f3 a001 | 0000 4983 | 80e0 0100 | 0001 4c8b | 8424 c000 | 0000 488b | 9424 1001 
  0x000001a099ad4af4: ;   {optimized virtual_call}
  0x000001a099ad4af4: 0000 90e8 

  0x000001a099ad4af8: ; ImmutableOopMap {[176]=Oop }
                      ;*invokevirtual invokeBasic {reexecute=0 rethrow=0 return_oop=0}
                      ; - java.lang.invoke.Invokers$Holder::invokeExact_MT@19
                      ; - jdk.internal.reflect.DirectMethodHandleAccessor::invokeImpl@41
                      ; - jdk.internal.reflect.DirectMethodHandleAccessor::invoke@23
  0x000001a099ad4af8: 04ee 9107 

  0x000001a099ad4afc: ;   {other}
  0x000001a099ad4afc: 0f1f 8400 | ec20 000a 

  0x000001a099ad4b04: ;   {metadata(method data for {method} {0x000001a0b20b0208} 'invokeExact_MT' '(Ljava/lang/Object;Ljava/lang/Object;Ljava/lang/Object;)Ljava/lang/Object;' in 'java/lang/invoke/Invokers$Holder')}
  0x000001a099ad4b04: 48ba e82d | 32f3 a001 | 0000 488d | 9228 0200 | 0048 85c0 | 750a f602 | 0175 05f0 | 4883 0a01 
  0x000001a099ad4b24: ;   {metadata(method data for {method} {0x000001a0b23c46e0} 'invokeImpl' '(Ljava/lang/Object;[Ljava/lang/Object;)Ljava/lang/Object;' in 'jdk/internal/reflect/DirectMethodHandleAccessor')}
  0x000001a099ad4b24: 48ba 1803 | 37f3 a001 | 0000 488d | 92b8 0100 | 0048 85c0 | 750a f602 | 0175 05f0 | 4883 0a01 
  0x000001a099ad4b44: ;   {metadata(method data for {method} {0x000001a0b23c46e0} 'invokeImpl' '(Ljava/lang/Object;[Ljava/lang/Object;)Ljava/lang/Object;' in 'jdk/internal/reflect/DirectMethodHandleAccessor')}
  0x000001a099ad4b44: 48ba 1803 | 37f3 a001 | 0000 ff82 | c801 0000 | 4881 c460 | 0100 005d 

  0x000001a099ad4b5c: ;   {poll_return}
  0x000001a099ad4b5c: 493b a748 | 0400 000f | 8756 0a00 

  0x000001a099ad4b68: ;   {metadata(method data for {method} {0x000001a0b23d94e0} 'checkExactType' '(Ljava/lang/invoke/MethodHandle;Ljava/lang/invoke/MethodType;)V' in 'java/lang/invoke/Invokers')}
  0x000001a099ad4b68: 00c3 48ba | a86b 2af3 | a001 0000 | 4883 8268 | 0100 0001 

  0x000001a099ad4b7c: ;   {oop(a 'java/lang/invoke/MethodType'{0x00000007401ebf88} = (Ljava/lang/Object;)Ljava/lang/Object;)}
  0x000001a099ad4b7c: 49b8 88bf | 1e40 0700 | 0000 488b | d766 0f1f 

  0x000001a099ad4b8c: ;   {static_call}
  0x000001a099ad4b8c: 4400 00e8 

  0x000001a099ad4b90: ; ImmutableOopMap {[176]=Oop [192]=Oop [272]=Oop }
                      ;*invokestatic newWrongMethodTypeException {reexecute=0 rethrow=0 return_oop=0}
                      ; - java.lang.invoke.Invokers::checkExactType@12
                      ; - java.lang.invoke.Invokers$Holder::invokeExact_MT@10
                      ; - jdk.internal.reflect.DirectMethodHandleAccessor::invokeImpl@41
                      ; - jdk.internal.reflect.DirectMethodHandleAccessor::invoke@23
  0x000001a099ad4b90: eca4 1807 

  0x000001a099ad4b94: ;   {other}
  0x000001a099ad4b94: 0f1f 8400 | 8421 000b 

  0x000001a099ad4b9c: ; implicit exception: dispatches to 0x000001a099ad55d5
                      ; ImmutableOopMap {rax=Oop [176]=Oop [192]=Oop [272]=Oop }
                      ;*athrow {reexecute=1 rethrow=0 return_oop=0}
                      ; - (reexecute) java.lang.invoke.Invokers::checkExactType@15
                      ; - java.lang.invoke.Invokers$Holder::invokeExact_MT@10
                      ; - jdk.internal.reflect.DirectMethodHandleAccessor::invokeImpl@41
                      ; - jdk.internal.reflect.DirectMethodHandleAccessor::invoke@23
                      ;   {section_word}
  0x000001a099ad4b9c: 483b 0048 | ba9f 4bad | 99a0 0100 

  0x000001a099ad4ba8: ;   {runtime_call handle_exception_nofpu Runtime1 stub}
  0x000001a099ad4ba8: 00e8 d2f9 

  0x000001a099ad4bac: ;   {metadata(method data for {method} {0x000001a0b23d94e0} 'checkExactType' '(Ljava/lang/invoke/MethodHandle;Ljava/lang/invoke/MethodType;)V' in 'java/lang/invoke/Invokers')}
  0x000001a099ad4bac: 2407 9048 | baa8 6b2a | f3a0 0100 | 0048 8382 | 6801 0000 

  0x000001a099ad4bc0: ;   {oop(a 'java/lang/invoke/MethodType'{0x00000007401ec0a0} = (Ljava/lang/Object;Ljava/lang/Object;)Ljava/lang/Object;)}
  0x000001a099ad4bc0: 0149 b8a0 | c01e 4007 | 0000 0048 

  0x000001a099ad4bcc: ;   {static_call}
  0x000001a099ad4bcc: 8bd3 90e8 

  0x000001a099ad4bd0: ; ImmutableOopMap {[176]=Oop [192]=Oop [256]=Oop [264]=Oop }
                      ;*invokestatic newWrongMethodTypeException {reexecute=0 rethrow=0 return_oop=0}
                      ; - java.lang.invoke.Invokers::checkExactType@12
                      ; - java.lang.invoke.Invokers$Holder::invokeExact_MT@10
                      ; - jdk.internal.reflect.DirectMethodHandleAccessor::invokeImpl@55
                      ; - jdk.internal.reflect.DirectMethodHandleAccessor::invoke@23
  0x000001a099ad4bd0: aca4 1807 

  0x000001a099ad4bd4: ;   {other}
  0x000001a099ad4bd4: 0f1f 8400 | c421 000d 

  0x000001a099ad4bdc: ; implicit exception: dispatches to 0x000001a099ad55da
                      ; ImmutableOopMap {rax=Oop [176]=Oop [192]=Oop [256]=Oop [264]=Oop }
                      ;*athrow {reexecute=1 rethrow=0 return_oop=0}
                      ; - (reexecute) java.lang.invoke.Invokers::checkExactType@15
                      ; - java.lang.invoke.Invokers$Holder::invokeExact_MT@10
                      ; - jdk.internal.reflect.DirectMethodHandleAccessor::invokeImpl@55
                      ; - jdk.internal.reflect.DirectMethodHandleAccessor::invoke@23
                      ;   {section_word}
  0x000001a099ad4bdc: 483b 0048 | badf 4bad | 99a0 0100 

  0x000001a099ad4be8: ;   {runtime_call handle_exception_nofpu Runtime1 stub}
  0x000001a099ad4be8: 00e8 92f9 

  0x000001a099ad4bec: ;   {metadata(method data for {method} {0x000001a0b23d94e0} 'checkExactType' '(Ljava/lang/invoke/MethodHandle;Ljava/lang/invoke/MethodType;)V' in 'java/lang/invoke/Invokers')}
  0x000001a099ad4bec: 2407 9048 | baa8 6b2a | f3a0 0100 | 0048 8382 | 6801 0000 

  0x000001a099ad4c00: ;   {oop(a 'java/lang/invoke/MethodType'{0x00000007401e5340} = (Ljava/lang/Object;Ljava/lang/Object;Ljava/lang/Object;)Ljava/lang/Object;)}
  0x000001a099ad4c00: 0149 b840 | 531e 4007 | 0000 0048 

  0x000001a099ad4c0c: ;   {static_call}
  0x000001a099ad4c0c: 8bd0 90e8 

  0x000001a099ad4c10: ; ImmutableOopMap {[176]=Oop [192]=Oop [232]=Oop [240]=Oop [248]=Oop }
                      ;*invokestatic newWrongMethodTypeException {reexecute=0 rethrow=0 return_oop=0}
                      ; - java.lang.invoke.Invokers::checkExactType@12
                      ; - java.lang.invoke.LambdaForm$MH/0x000001a0b301cc00::invokeExact_MT@11
                      ; - jdk.internal.reflect.DirectMethodHandleAccessor::invokeImpl@72
                      ; - jdk.internal.reflect.DirectMethodHandleAccessor::invoke@23
  0x000001a099ad4c10: 6ca4 1807 

  0x000001a099ad4c14: ;   {other}
  0x000001a099ad4c14: 0f1f 8400 | 0422 000f 

  0x000001a099ad4c1c: ; implicit exception: dispatches to 0x000001a099ad55df
                      ; ImmutableOopMap {rax=Oop [176]=Oop [192]=Oop [232]=Oop [240]=Oop [248]=Oop }
                      ;*athrow {reexecute=1 rethrow=0 return_oop=0}
                      ; - (reexecute) java.lang.invoke.Invokers::checkExactType@15
                      ; - java.lang.invoke.LambdaForm$MH/0x000001a0b301cc00::invokeExact_MT@11
                      ; - jdk.internal.reflect.DirectMethodHandleAccessor::invokeImpl@72
                      ; - jdk.internal.reflect.DirectMethodHandleAccessor::invoke@23
                      ;   {section_word}
  0x000001a099ad4c1c: 483b 0048 | ba1f 4cad | 99a0 0100 

  0x000001a099ad4c28: ;   {runtime_call handle_exception_nofpu Runtime1 stub}
  0x000001a099ad4c28: 00e8 52f9 

  0x000001a099ad4c2c: ;   {metadata(method data for {method} {0x000001a0b23d94e0} 'checkExactType' '(Ljava/lang/invoke/MethodHandle;Ljava/lang/invoke/MethodType;)V' in 'java/lang/invoke/Invokers')}
  0x000001a099ad4c2c: 2407 9048 | baa8 6b2a | f3a0 0100 | 0048 8382 | 6801 0000 

  0x000001a099ad4c40: ;   {oop(a 'java/lang/invoke/MethodType'{0x00000007401f2110} = (Ljava/lang/Object;Ljava/lang/Object;Ljava/lang/Object;Ljava/lang/Object;)Ljava/lang/Object;)}
  0x000001a099ad4c40: 0149 b810 | 211f 4007 | 0000 0048 

  0x000001a099ad4c4c: ;   {static_call}
  0x000001a099ad4c4c: 8bd1 90e8 

  0x000001a099ad4c50: ; ImmutableOopMap {[176]=Oop [192]=Oop [200]=Oop [208]=Oop [216]=Oop [224]=Oop }
                      ;*invokestatic newWrongMethodTypeException {reexecute=0 rethrow=0 return_oop=0}
                      ; - java.lang.invoke.Invokers::checkExactType@12
                      ; - java.lang.invoke.LambdaForm$MH/0x000001a0b300f400::invokeExact_MT@11
                      ; - jdk.internal.reflect.DirectMethodHandleAccessor::invokeImpl@92
                      ; - jdk.internal.reflect.DirectMethodHandleAccessor::invoke@23
  0x000001a099ad4c50: 2ca4 1807 

  0x000001a099ad4c54: ;   {other}
  0x000001a099ad4c54: 0f1f 8400 | 4422 0011 

  0x000001a099ad4c5c: ; implicit exception: dispatches to 0x000001a099ad55e4
                      ; ImmutableOopMap {rax=Oop [176]=Oop [192]=Oop [200]=Oop [208]=Oop [216]=Oop [224]=Oop }
                      ;*athrow {reexecute=1 rethrow=0 return_oop=0}
                      ; - (reexecute) java.lang.invoke.Invokers::checkExactType@15
                      ; - java.lang.invoke.LambdaForm$MH/0x000001a0b300f400::invokeExact_MT@11
                      ; - jdk.internal.reflect.DirectMethodHandleAccessor::invokeImpl@92
                      ; - jdk.internal.reflect.DirectMethodHandleAccessor::invoke@23
                      ;   {section_word}
  0x000001a099ad4c5c: 483b 0048 | ba5f 4cad | 99a0 0100 

  0x000001a099ad4c68: ;   {runtime_call handle_exception_nofpu Runtime1 stub}
  0x000001a099ad4c68: 00e8 12f9 | 2407 9049 | 8b87 f804 | 0000 4d33 | d24d 8997 | f804 0000 | 4d33 d24d | 8997 0005 
  0x000001a099ad4c88: 0000 488b | 9424 b000 

  0x000001a099ad4c90: ;   {metadata(method data for {method} {0x000001a0b219def0} 'invoke' '(Ljava/lang/Object;[Ljava/lang/Object;)Ljava/lang/Object;' in 'jdk/internal/reflect/DirectMethodHandleAccessor')}
  0x000001a099ad4c90: 0000 49b8 | e0ff 36f3 | a001 0000 | 4983 8060 | 0200 0001 

  0x000001a099ad4ca4: ;   {metadata(method data for {method} {0x000001a0b23c4688} 'isIllegalArgument' '(Ljava/lang/RuntimeException;)Z' in 'jdk/internal/reflect/DirectMethodHandleAccessor')}
  0x000001a099ad4ca4: 48ba 1015 | 37f3 a001 | 0000 448b | 82cc 0000 | 0041 83c0 | 0244 8982 | cc00 0000 | 4181 e0fe 
  0x000001a099ad4cc4: ff1f 0045 | 85c0 0f84 | 1909 0000 

  0x000001a099ad4cd0: ;   {oop(a 'java/lang/Class'{0x000000074032fc60} = 'jdk/internal/reflect/DirectMethodHandleAccessor')}
  0x000001a099ad4cd0: 48ba 60fc | 3240 0700 | 0000 4c8b | c048 8984 | 2418 0100 

  0x000001a099ad4ce4: ;   {static_call}
  0x000001a099ad4ce4: 0066 90e8 

  0x000001a099ad4ce8: ; ImmutableOopMap {[280]=Oop }
                      ;*invokestatic isIllegalArgument {reexecute=0 rethrow=0 return_oop=0}
                      ; - jdk.internal.reflect.DirectMethodHandleAccessor::isIllegalArgument@3
                      ; - jdk.internal.reflect.DirectMethodHandleAccessor::invoke@58
  0x000001a099ad4ce8: 94a3 1807 

  0x000001a099ad4cec: ;   {other}
  0x000001a099ad4cec: 0f1f 8400 | dc22 0013 | 83e0 0185 

  0x000001a099ad4cf8: ;   {metadata(method data for {method} {0x000001a0b219def0} 'invoke' '(Ljava/lang/Object;[Ljava/lang/Object;)Ljava/lang/Object;' in 'jdk/internal/reflect/DirectMethodHandleAccessor')}
  0x000001a099ad4cf8: c048 b8e0 | ff36 f3a0 | 0100 0048 | c7c2 9802 | 0000 7407 | 48c7 c2a8 | 0200 004c | 8b04 104d 
  0x000001a099ad4d18: 8d40 014c | 8904 100f | 84bc 0200 | 00e9 0f02 | 0000 498b | 87f8 0400 | 004d 33d2 | 4d89 97f8 
  0x000001a099ad4d38: 0400 004d | 33d2 4d89 | 9700 0500 | 0048 8b94 | 24b0 0000 

  0x000001a099ad4d4c: ;   {metadata(method data for {method} {0x000001a0b219def0} 'invoke' '(Ljava/lang/Object;[Ljava/lang/Object;)Ljava/lang/Object;' in 'jdk/internal/reflect/DirectMethodHandleAccessor')}
  0x000001a099ad4d4c: 0049 b8e0 | ff36 f3a0 | 0100 0049 | 8380 e801 

  0x000001a099ad4d5c: ;   {metadata(method data for {method} {0x000001a0b23c4688} 'isIllegalArgument' '(Ljava/lang/RuntimeException;)Z' in 'jdk/internal/reflect/DirectMethodHandleAccessor')}
  0x000001a099ad4d5c: 0000 0148 | ba10 1537 | f3a0 0100 | 0044 8b82 | cc00 0000 | 4183 c002 | 4489 82cc | 0000 0041 
  0x000001a099ad4d7c: 81e0 feff | 1f00 4585 | c00f 847f 

  0x000001a099ad4d88: ;   {oop(a 'java/lang/Class'{0x000000074032fc60} = 'jdk/internal/reflect/DirectMethodHandleAccessor')}
  0x000001a099ad4d88: 0800 0048 | ba60 fc32 | 4007 0000 | 004c 8bc0 | 4889 8424 | 2001 0000 | 0f1f 8000 

  0x000001a099ad4da4: ;   {static_call}
  0x000001a099ad4da4: 0000 00e8 

  0x000001a099ad4da8: ; ImmutableOopMap {[288]=Oop }
                      ;*invokestatic isIllegalArgument {reexecute=0 rethrow=0 return_oop=0}
                      ; - jdk.internal.reflect.DirectMethodHandleAccessor::isIllegalArgument@3
                      ; - jdk.internal.reflect.DirectMethodHandleAccessor::invoke@30
  0x000001a099ad4da8: d4a2 1807 

  0x000001a099ad4dac: ;   {other}
  0x000001a099ad4dac: 0f1f 8400 | 9c23 0014 | 83e0 0185 

  0x000001a099ad4db8: ;   {metadata(method data for {method} {0x000001a0b219def0} 'invoke' '(Ljava/lang/Object;[Ljava/lang/Object;)Ljava/lang/Object;' in 'jdk/internal/reflect/DirectMethodHandleAccessor')}
  0x000001a099ad4db8: c048 bae0 | ff36 f3a0 | 0100 0048 | c7c6 2002 | 0000 7407 | 48c7 c630 | 0200 0048 | 8b3c 3248 
  0x000001a099ad4dd8: 8d7f 0148 | 893c 320f | 84a4 0000 | 0066 6690 

  0x000001a099ad4de8: ;   {no_reloc}
  0x000001a099ad4de8: e94d 0800 | 0000 0000 | 0000 498b | 87b8 0100 | 0048 8d78 | 2849 3bbf | c801 0000 | 0f87 3a08 
  0x000001a099ad4e08: 0000 4989 | bfb8 0100 | 0048 c700 | 0100 0000 | 488b ca49 | ba00 0000 | b2a0 0100 | 0049 2bca 
  0x000001a099ad4e28: 8948 0848 | 33c9 8948 | 0c48 33c9 | 4889 4810 | 4889 4818 | 4889 4820 

  0x000001a099ad4e40: ;   {metadata(method data for {method} {0x000001a0b219def0} 'invoke' '(Ljava/lang/Object;[Ljava/lang/Object;)Ljava/lang/Object;' in 'jdk/internal/reflect/DirectMethodHandleAccessor')}
  0x000001a099ad4e40: 4c8b c048 | bae0 ff36 | f3a0 0100 | 0048 8382 | 4002 0000 

  0x000001a099ad4e54: ;   {oop("argument type mismatch"{0x00000007402fa9f0})}
  0x000001a099ad4e54: 0149 b8f0 | a92f 4007 | 0000 0048 | 8bd0 4889 | 8424 2801 | 0000 0f1f 

  0x000001a099ad4e6c: ;   {optimized virtual_call}
  0x000001a099ad4e6c: 4400 00e8 

  0x000001a099ad4e70: ; ImmutableOopMap {[296]=Oop }
                      ;*invokespecial <init> {reexecute=0 rethrow=0 return_oop=0}
                      ; - jdk.internal.reflect.DirectMethodHandleAccessor::invoke@42
  0x000001a099ad4e70: 0c9c 1807 

  0x000001a099ad4e74: ;   {other}
  0x000001a099ad4e74: 0f1f 8400 | 6424 0015 | 488b 8424 | 2801 0000 | e9b2 0800 | 004c 8b84 | 2420 0100 | 000f 1f80 
  0x000001a099ad4e94: 0000 0000 

  0x000001a099ad4e98: ;   {no_reloc}
  0x000001a099ad4e98: e9c3 0700 | 0000 0000 | 0000 80ba | 2101 0000 | 040f 85c0 | 0700 0049 | 8b87 b801 | 0000 488d 
  0x000001a099ad4eb8: 7828 493b | bfc8 0100 | 000f 87a8 | 0700 0049 | 89bf b801 | 0000 48c7 | 0001 0000 | 0048 8bca 
  0x000001a099ad4ed8: 49ba 0000 | 00b2 a001 | 0000 492b | ca89 4808 | 4833 c989 | 480c 4833 | c948 8948 | 1048 8948 
  0x000001a099ad4ef8: 1848 8948 | 2048 8bd0 

  0x000001a099ad4f00: ;   {metadata(method data for {method} {0x000001a0b219def0} 'invoke' '(Ljava/lang/Object;[Ljava/lang/Object;)Ljava/lang/Object;' in 'jdk/internal/reflect/DirectMethodHandleAccessor')}
  0x000001a099ad4f00: 48be e0ff | 36f3 a001 | 0000 4883 | 8650 0200 | 0001 488b | d048 8984 | 2430 0100 

  0x000001a099ad4f1c: ;   {optimized virtual_call}
  0x000001a099ad4f1c: 0066 90e8 

  0x000001a099ad4f20: ; ImmutableOopMap {[304]=Oop }
                      ;*invokespecial <init> {reexecute=0 rethrow=0 return_oop=0}
                      ; - jdk.internal.reflect.DirectMethodHandleAccessor::invoke@51
  0x000001a099ad4f20: 5c9b 1807 

  0x000001a099ad4f24: ;   {other}
  0x000001a099ad4f24: 0f1f 8400 | 1425 0016 | 488b 8424 | 3001 0000 | e902 0800 | 000f 1f80 | 0000 0000 

  0x000001a099ad4f40: ;   {no_reloc}
  0x000001a099ad4f40: e946 0700 | 0000 0000 | 0000 498b | 87b8 0100 | 0048 8d78 | 2849 3bbf | c801 0000 | 0f87 3307 
  0x000001a099ad4f60: 0000 4989 | bfb8 0100 | 0048 c700 | 0100 0000 | 488b ca49 | ba00 0000 | b2a0 0100 | 0049 2bca 
  0x000001a099ad4f80: 8948 0848 | 33c9 8948 | 0c48 33c9 | 4889 4810 | 4889 4818 | 4889 4820 

  0x000001a099ad4f98: ;   {metadata(method data for {method} {0x000001a0b219def0} 'invoke' '(Ljava/lang/Object;[Ljava/lang/Object;)Ljava/lang/Object;' in 'jdk/internal/reflect/DirectMethodHandleAccessor')}
  0x000001a099ad4f98: 4c8b c048 | bae0 ff36 | f3a0 0100 | 0048 8382 | b802 0000 | 014c 8b84 | 2418 0100 | 0048 8bd0 
  0x000001a099ad4fb8: 4889 8424 | 3801 0000 | 0f1f 8000 

  0x000001a099ad4fc4: ;   {optimized virtual_call}
  0x000001a099ad4fc4: 0000 00e8 

  0x000001a099ad4fc8: ; ImmutableOopMap {[312]=Oop }
                      ;*invokespecial <init> {reexecute=0 rethrow=0 return_oop=0}
                      ; - jdk.internal.reflect.DirectMethodHandleAccessor::invoke@69
  0x000001a099ad4fc8: b49a 1807 

  0x000001a099ad4fcc: ;   {other}
  0x000001a099ad4fcc: 0f1f 8400 | bc25 0017 | 488b 8424 | 3801 0000 | e95a 0700 | 004c 8b84 | 2418 0100 | 000f 1f80 
  0x000001a099ad4fec: 0000 0000 

  0x000001a099ad4ff0: ;   {no_reloc}
  0x000001a099ad4ff0: e9bc 0600 | 0000 0000 | 0000 80ba | 2101 0000 | 040f 85b9 | 0600 0049 | 8b87 b801 | 0000 488d 
  0x000001a099ad5010: 7828 493b | bfc8 0100 | 000f 87a1 | 0600 0049 | 89bf b801 | 0000 48c7 | 0001 0000 | 0048 8bca 
  0x000001a099ad5030: 49ba 0000 | 00b2 a001 | 0000 492b | ca89 4808 | 4833 c989 | 480c 4833 | c948 8948 | 1048 8948 
  0x000001a099ad5050: 1848 8948 | 2048 8bd0 

  0x000001a099ad5058: ;   {metadata(method data for {method} {0x000001a0b219def0} 'invoke' '(Ljava/lang/Object;[Ljava/lang/Object;)Ljava/lang/Object;' in 'jdk/internal/reflect/DirectMethodHandleAccessor')}
  0x000001a099ad5058: 48be e0ff | 36f3 a001 | 0000 4883 | 86c8 0200 | 0001 488b | d048 8984 | 2440 0100 

  0x000001a099ad5074: ;   {optimized virtual_call}
  0x000001a099ad5074: 0066 90e8 

  0x000001a099ad5078: ; ImmutableOopMap {[320]=Oop }
                      ;*invokespecial <init> {reexecute=0 rethrow=0 return_oop=0}
                      ; - jdk.internal.reflect.DirectMethodHandleAccessor::invoke@78
  0x000001a099ad5078: 049a 1807 

  0x000001a099ad507c: ;   {other}
  0x000001a099ad507c: 0f1f 8400 | 6c26 0018 | 488b 8424 | 4001 0000 | e9aa 0600 | 000f 1f80 | 0000 0000 

  0x000001a099ad5098: ;   {no_reloc}
  0x000001a099ad5098: e93f 0600 | 0000 0000 | 0000 498b | 87b8 0100 | 0048 8d78 | 2849 3bbf | c801 0000 | 0f87 2c06 
  0x000001a099ad50b8: 0000 4989 | bfb8 0100 | 0048 c700 | 0100 0000 | 488b ca49 | ba00 0000 | b2a0 0100 | 0049 2bca 
  0x000001a099ad50d8: 8948 0848 | 33c9 8948 | 0c48 33c9 | 4889 4810 | 4889 4818 | 4889 4820 

  0x000001a099ad50f0: ;   {metadata(method data for {method} {0x000001a0b23c4898} 'checkReceiver' '(Ljava/lang/Object;)V' in 'jdk/internal/reflect/DirectMethodHandleAccessor')}
  0x000001a099ad50f0: 488b d048 | be30 0737 | f3a0 0100 | 0048 8386 | a001 0000 

  0x000001a099ad5104: ;   {oop("object is not an instance of declaring class"{0x000000074060a7c8})}
  0x000001a099ad5104: 0149 b8c8 | a760 4007 | 0000 0048 | 8bd0 4889 | 8424 4801 | 0000 0f1f 

  0x000001a099ad511c: ;   {optimized virtual_call}
  0x000001a099ad511c: 4400 00e8 

  0x000001a099ad5120: ; ImmutableOopMap {[176]=Oop [184]=Oop [192]=Oop [328]=Oop }
                      ;*invokespecial <init> {reexecute=0 rethrow=0 return_oop=0}
                      ; - jdk.internal.reflect.DirectMethodHandleAccessor::checkReceiver@20
                      ; - jdk.internal.reflect.DirectMethodHandleAccessor::invoke@9
  0x000001a099ad5120: 5c99 1807 

  0x000001a099ad5124: ;   {other}
  0x000001a099ad5124: 0f1f 8400 | 1427 0019 | 488b 8424 | 4801 0000 | e902 0600 | 0049 8b87 | f804 0000 | 4d33 d24d 
  0x000001a099ad5144: 8997 f804 | 0000 4d33 | d24d 8997 | 0005 0000 | 4c8b c090 

  0x000001a099ad5158: ;   {metadata('java/lang/reflect/InvocationTargetException')}
  0x000001a099ad5158: 48ba f04e | 04b3 a001 | 0000 80ba | 2101 0000 | 040f 85a2 | 0500 0049 | 8b87 b801 | 0000 488d 
  0x000001a099ad5178: 7828 493b | bfc8 0100 | 000f 878a | 0500 0049 | 89bf b801 | 0000 48c7 | 0001 0000 | 0048 8bca 
  0x000001a099ad5198: 49ba 0000 | 00b2 a001 | 0000 492b | ca89 4808 | 4833 c989 | 480c 4833 | c948 8948 | 1048 8948 
  0x000001a099ad51b8: 1848 8948 | 2048 8bd0 

  0x000001a099ad51c0: ;   {metadata(method data for {method} {0x000001a0b219def0} 'invoke' '(Ljava/lang/Object;[Ljava/lang/Object;)Ljava/lang/Object;' in 'jdk/internal/reflect/DirectMethodHandleAccessor')}
  0x000001a099ad51c0: 48be e0ff | 36f3 a001 | 0000 4883 | 86d8 0200 | 0001 488b | d048 8984 | 2450 0100 

  0x000001a099ad51dc: ;   {optimized virtual_call}
  0x000001a099ad51dc: 0066 90e8 

  0x000001a099ad51e0: ; ImmutableOopMap {[336]=Oop }
                      ;*invokespecial <init> {reexecute=0 rethrow=0 return_oop=0}
                      ; - jdk.internal.reflect.DirectMethodHandleAccessor::invoke@88
  0x000001a099ad51e0: b905 0000 

  0x000001a099ad51e4: ;   {other}
  0x000001a099ad51e4: 0f1f 8400 | d427 001a | 488b 8424 | 5001 0000 | e942 0500 

  0x000001a099ad51f8: ;   {metadata({method} {0x000001a0b219def0} 'invoke' '(Ljava/lang/Object;[Ljava/lang/Object;)Ljava/lang/Object;' in 'jdk/internal/reflect/DirectMethodHandleAccessor')}
  0x000001a099ad51f8: 0049 bae8 | de19 b2a0 | 0100 004c | 8954 2408 | 48c7 0424 | ffff ffff 

  0x000001a099ad5210: ;   {runtime_call counter_overflow Runtime1 stub}
  0x000001a099ad5210: e86b 5125 

  0x000001a099ad5214: ; ImmutableOopMap {rdx=Oop r8=Oop r9=Oop [176]=Oop [184]=Oop [192]=Oop }
                      ;*synchronization entry
                      ; - jdk.internal.reflect.DirectMethodHandleAccessor::invoke@-1
  0x000001a099ad5214: 07e9 44dd 

  0x000001a099ad5218: ;   {metadata({method} {0x000001a0b23c4948} 'isStatic' '()Z' in 'jdk/internal/reflect/DirectMethodHandleAccessor')}
  0x000001a099ad5218: ffff 49ba | 4049 3cb2 | a001 0000 | 4c89 5424 | 0848 c704 | 24ff ffff 

  0x000001a099ad5230: ;   {runtime_call counter_overflow Runtime1 stub}
  0x000001a099ad5230: ffe8 4a51 

  0x000001a099ad5234: ; ImmutableOopMap {rdx=Oop r8=Oop r9=Oop [176]=Oop [184]=Oop [192]=Oop }
                      ;*synchronization entry
                      ; - jdk.internal.reflect.DirectMethodHandleAccessor::isStatic@-1
                      ; - jdk.internal.reflect.DirectMethodHandleAccessor::invoke@1
  0x000001a099ad5234: 2507 e95f 

  0x000001a099ad5238: ;   {metadata({method} {0x000001a0b23c4898} 'checkReceiver' '(Ljava/lang/Object;)V' in 'jdk/internal/reflect/DirectMethodHandleAccessor')}
  0x000001a099ad5238: ddff ff49 | ba90 483c | b2a0 0100 | 004c 8954 | 2408 48c7 | 0424 ffff 

  0x000001a099ad5250: ;   {runtime_call counter_overflow Runtime1 stub}
  0x000001a099ad5250: ffff e829 

  0x000001a099ad5254: ; ImmutableOopMap {rdx=Oop r8=Oop [176]=Oop [184]=Oop [192]=Oop }
                      ;*synchronization entry
                      ; - jdk.internal.reflect.DirectMethodHandleAccessor::checkReceiver@-1
                      ; - jdk.internal.reflect.DirectMethodHandleAccessor::invoke@9
  0x000001a099ad5254: 5125 07e9 | 05de ffff 

  0x000001a099ad525c: ;   {runtime_call throw_null_pointer_exception Runtime1 stub}
  0x000001a099ad525c: e89f d124 

  0x000001a099ad5260: ; ImmutableOopMap {rdx=Oop r8=Oop rsi=Oop [176]=Oop [184]=Oop [192]=Oop }
                      ;*invokevirtual getClass {reexecute=0 rethrow=0 return_oop=0}
                      ; - jdk.internal.reflect.DirectMethodHandleAccessor::checkReceiver@5
                      ; - jdk.internal.reflect.DirectMethodHandleAccessor::invoke@9
                      ;   {runtime_call throw_null_pointer_exception Runtime1 stub}
  0x000001a099ad5260: 07e8 9ad1 

  0x000001a099ad5264: ; ImmutableOopMap {rdx=Oop r8=Oop rsi=Oop rdi=Oop [176]=Oop [184]=Oop [192]=Oop }
                      ;*invokevirtual isAssignableFrom {reexecute=0 rethrow=0 return_oop=0}
                      ; - jdk.internal.reflect.DirectMethodHandleAccessor::checkReceiver@8
                      ; - jdk.internal.reflect.DirectMethodHandleAccessor::invoke@9
                      ;   {metadata({method} {0x000001a0b23c46e0} 'invokeImpl' '(Ljava/lang/Object;[Ljava/lang/Object;)Ljava/lang/Object;' in 'jdk/internal/reflect/DirectMethodHandleAccessor')}
  0x000001a099ad5264: 2407 49ba | d846 3cb2 | a001 0000 | 4c89 5424 | 0848 c704 | 24ff ffff 

  0x000001a099ad527c: ;   {runtime_call counter_overflow Runtime1 stub}
  0x000001a099ad527c: ffe8 fe50 

  0x000001a099ad5280: ; ImmutableOopMap {rdx=Oop [176]=Oop [184]=Oop [192]=Oop }
                      ;*synchronization entry
                      ; - jdk.internal.reflect.DirectMethodHandleAccessor::invokeImpl@-1
                      ; - jdk.internal.reflect.DirectMethodHandleAccessor::invoke@23
  0x000001a099ad5280: 2507 e9ee | deff ff48 | bf48 201f | 4007 0000 | 00b8 000f 

  0x000001a099ad5294: ;   {runtime_call load_appendix_patching Runtime1 stub}
  0x000001a099ad5294: 050a e865 

  0x000001a099ad5298: ; ImmutableOopMap {rdx=Oop r9=Oop r8=Oop rsi=Oop [176]=Oop [184]=Oop [192]=Oop }
                      ;*invokevirtual invokeExact {reexecute=1 rethrow=0 return_oop=0}
                      ; - (reexecute) jdk.internal.reflect.DirectMethodHandleAccessor::invokeImpl@104
                      ; - jdk.internal.reflect.DirectMethodHandleAccessor::invoke@23
  0x000001a099ad5298: 4925 07e9 | 88df ffff 

  0x000001a099ad52a0: ;   {runtime_call throw_null_pointer_exception Runtime1 stub}
  0x000001a099ad52a0: e85b d124 

  0x000001a099ad52a4: ; ImmutableOopMap {rdx=Oop r9=Oop r8=Oop rsi=Oop rdi=Oop [176]=Oop [184]=Oop [192]=Oop }
                      ;*invokevirtual invokeExact {reexecute=0 rethrow=0 return_oop=0}
                      ; - jdk.internal.reflect.DirectMethodHandleAccessor::invokeImpl@104
                      ; - jdk.internal.reflect.DirectMethodHandleAccessor::invoke@23
                      ;   {internal_word}
  0x000001a099ad52a4: 0749 ba14 | 34ad 99a0 | 0100 004d | 8997 6004 

  0x000001a099ad52b4: ;   {runtime_call SafepointBlob}
  0x000001a099ad52b4: 0000 e945 

  0x000001a099ad52b8: ;   {runtime_call throw_null_pointer_exception Runtime1 stub}
  0x000001a099ad52b8: 0419 07e8 

  0x000001a099ad52bc: ; ImmutableOopMap {rdx=Oop r9=Oop r8=Oop rsi=Oop [176]=Oop [184]=Oop [192]=Oop [208]=Oop }
                      ;*aaload {reexecute=0 rethrow=0 return_oop=0}
                      ; - jdk.internal.reflect.DirectMethodHandleAccessor::invokeImpl@85
                      ; - jdk.internal.reflect.DirectMethodHandleAccessor::invoke@23
  0x000001a099ad52bc: 40d1 2407 

  0x000001a099ad52c0: ;   {runtime_call throw_null_pointer_exception Runtime1 stub}
  0x000001a099ad52c0: e83b d124 

  0x000001a099ad52c4: ; ImmutableOopMap {rdx=Oop r9=Oop r8=Oop rsi=Oop [176]=Oop [184]=Oop [192]=Oop [208]=Oop }
                      ;*aaload {reexecute=0 rethrow=0 return_oop=0}
                      ; - jdk.internal.reflect.DirectMethodHandleAccessor::invokeImpl@85
                      ; - jdk.internal.reflect.DirectMethodHandleAccessor::invoke@23
  0x000001a099ad52c4: 0748 c704 | 2400 0000 | 004c 894c 

  0x000001a099ad52d0: ;   {runtime_call throw_range_check_failed Runtime1 stub}
  0x000001a099ad52d0: 2408 e829 

  0x000001a099ad52d4: ; ImmutableOopMap {rdx=Oop r9=Oop r8=Oop rsi=Oop [176]=Oop [184]=Oop [192]=Oop [208]=Oop }
                      ;*aaload {reexecute=0 rethrow=0 return_oop=0}
                      ; - jdk.internal.reflect.DirectMethodHandleAccessor::invokeImpl@85
                      ; - jdk.internal.reflect.DirectMethodHandleAccessor::invoke@23
  0x000001a099ad52d4: c824 0748 | c704 2401 | 0000 004c | 894c 2408 

  0x000001a099ad52e4: ;   {runtime_call throw_range_check_failed Runtime1 stub}
  0x000001a099ad52e4: e817 c824 

  0x000001a099ad52e8: ; ImmutableOopMap {rdx=Oop r9=Oop r8=Oop rsi=Oop rdi=Oop [176]=Oop [184]=Oop [192]=Oop [200]=Oop [208]=Oop }
                      ;*aaload {reexecute=0 rethrow=0 return_oop=0}
                      ; - jdk.internal.reflect.DirectMethodHandleAccessor::invokeImpl@88
                      ; - jdk.internal.reflect.DirectMethodHandleAccessor::invoke@23
  0x000001a099ad52e8: 0748 c704 | 2402 0000 | 004c 894c 

  0x000001a099ad52f4: ;   {runtime_call throw_range_check_failed Runtime1 stub}
  0x000001a099ad52f4: 2408 e805 

  0x000001a099ad52f8: ; ImmutableOopMap {rdx=Oop r9=Oop r8=Oop rsi=Oop rdi=Oop rbx=Oop [176]=Oop [184]=Oop [192]=Oop [200]=Oop [208]=Oop [216]=Oop }
                      ;*aaload {reexecute=0 rethrow=0 return_oop=0}
                      ; - jdk.internal.reflect.DirectMethodHandleAccessor::invokeImpl@91
                      ; - jdk.internal.reflect.DirectMethodHandleAccessor::invoke@23
                      ;   {metadata({method} {0x000001a0f342b6b8} 'invokeExact_MT' '(Ljava/lang/Object;Ljava/lang/Object;Ljava/lang/Object;Ljava/lang/Object;Ljava/lang/Object;Ljava/lang/Object;)Ljava/lang/Object;' in 'java/lang/invoke/LambdaForm$MH+0x000001a0b300f400')}
  0x000001a099ad52f8: c824 0749 | bab0 b642 | f3a0 0100 | 004c 8954 | 2408 48c7 | 0424 ffff 

  0x000001a099ad5310: ;   {runtime_call counter_overflow Runtime1 stub}
  0x000001a099ad5310: ffff e869 

  0x000001a099ad5314: ; ImmutableOopMap {rdx=Oop r8=Oop rsi=Oop rdi=Oop rbx=Oop rax=Oop [176]=Oop [192]=Oop [200]=Oop [208]=Oop [216]=Oop [224]=Oop }
                      ;*synchronization entry
                      ; - java.lang.invoke.LambdaForm$MH/0x000001a0b300f400::invokeExact_MT@-1
                      ; - jdk.internal.reflect.DirectMethodHandleAccessor::invokeImpl@92
                      ; - jdk.internal.reflect.DirectMethodHandleAccessor::invoke@23
  0x000001a099ad5314: 5025 07e9 | ece2 ffff 

  0x000001a099ad531c: ;   {metadata({method} {0x000001a0b23d94e0} 'checkExactType' '(Ljava/lang/invoke/MethodHandle;Ljava/lang/invoke/MethodType;)V' in 'java/lang/invoke/Invokers')}
  0x000001a099ad531c: 49ba d894 | 3db2 a001 | 0000 4c89 | 5424 0848 | c704 24ff 

  0x000001a099ad5330: ;   {runtime_call counter_overflow Runtime1 stub}
  0x000001a099ad5330: ffff ffe8 

  0x000001a099ad5334: ; ImmutableOopMap {rdx=Oop r8=Oop rsi=Oop rdi=Oop rbx=Oop rax=Oop r9=Oop [176]=Oop [192]=Oop [200]=Oop [208]=Oop [216]=Oop [224]=Oop }
                      ;*synchronization entry
                      ; - java.lang.invoke.Invokers::checkExactType@-1
                      ; - java.lang.invoke.LambdaForm$MH/0x000001a0b300f400::invokeExact_MT@11
                      ; - jdk.internal.reflect.DirectMethodHandleAccessor::invokeImpl@92
                      ; - jdk.internal.reflect.DirectMethodHandleAccessor::invoke@23
  0x000001a099ad5334: 4850 2507 | e994 e3ff 

  0x000001a099ad533c: ;   {runtime_call throw_null_pointer_exception Runtime1 stub}
  0x000001a099ad533c: ffe8 bed0 

  0x000001a099ad5340: ; ImmutableOopMap {rdx=Oop r8=Oop rsi=Oop rdi=Oop rbx=Oop rax=Oop r9=Oop [176]=Oop [192]=Oop [200]=Oop [208]=Oop [216]=Oop [224]=Oop }
                      ;*invokevirtual type {reexecute=0 rethrow=0 return_oop=0}
                      ; - java.lang.invoke.Invokers::checkExactType@1
                      ; - java.lang.invoke.LambdaForm$MH/0x000001a0b300f400::invokeExact_MT@11
                      ; - jdk.internal.reflect.DirectMethodHandleAccessor::invokeImpl@92
                      ; - jdk.internal.reflect.DirectMethodHandleAccessor::invoke@23
                      ;   {metadata({method} {0x000001a0b23d93d8} 'checkCustomized' '(Ljava/lang/invoke/MethodHandle;)V' in 'java/lang/invoke/Invokers')}
  0x000001a099ad5340: 2407 49ba | d093 3db2 | a001 0000 | 4c89 5424 | 0848 c704 | 24ff ffff 

  0x000001a099ad5358: ;   {runtime_call counter_overflow Runtime1 stub}
  0x000001a099ad5358: ffe8 2250 

  0x000001a099ad535c: ; ImmutableOopMap {rdx=Oop r8=Oop rsi=Oop rdi=Oop rbx=Oop rax=Oop [176]=Oop [192]=Oop [200]=Oop [208]=Oop [216]=Oop [224]=Oop }
                      ;*synchronization entry
                      ; - java.lang.invoke.Invokers::checkCustomized@-1
                      ; - java.lang.invoke.LambdaForm$MH/0x000001a0b300f400::invokeExact_MT@15
                      ; - jdk.internal.reflect.DirectMethodHandleAccessor::invokeImpl@92
                      ; - jdk.internal.reflect.DirectMethodHandleAccessor::invoke@23
  0x000001a099ad535c: 2507 e9d5 

  0x000001a099ad5360: ;   {metadata({method} {0x000001a0b2095ff0} 'isCompileConstant' '(Ljava/lang/Object;)Z' in 'java/lang/invoke/MethodHandleImpl')}
  0x000001a099ad5360: e4ff ff49 | bae8 5f09 | b2a0 0100 | 004c 8954 | 2408 48c7 | 0424 ffff 

  0x000001a099ad5378: ;   {runtime_call counter_overflow Runtime1 stub}
  0x000001a099ad5378: ffff e801 

  0x000001a099ad537c: ; ImmutableOopMap {rdx=Oop r8=Oop rsi=Oop rdi=Oop rbx=Oop rax=Oop [176]=Oop [192]=Oop [200]=Oop [208]=Oop [216]=Oop [224]=Oop }
                      ;*synchronization entry
                      ; - java.lang.invoke.MethodHandleImpl::isCompileConstant@-1
                      ; - java.lang.invoke.Invokers::checkCustomized@1
                      ; - java.lang.invoke.LambdaForm$MH/0x000001a0b300f400::invokeExact_MT@15
                      ; - jdk.internal.reflect.DirectMethodHandleAccessor::invokeImpl@92
                      ; - jdk.internal.reflect.DirectMethodHandleAccessor::invoke@23
  0x000001a099ad537c: 5025 07e9 | f2e4 ffff 

  0x000001a099ad5384: ;   {runtime_call throw_null_pointer_exception Runtime1 stub}
  0x000001a099ad5384: e877 d024 

  0x000001a099ad5388: ; ImmutableOopMap {rdx=Oop r8=Oop rsi=Oop rdi=Oop rbx=Oop rax=Oop [176]=Oop [192]=Oop [200]=Oop [208]=Oop [216]=Oop [224]=Oop }
                      ;*getfield customized {reexecute=1 rethrow=0 return_oop=0}
                      ; - (reexecute) java.lang.invoke.Invokers::checkCustomized@12
                      ; - java.lang.invoke.LambdaForm$MH/0x000001a0b300f400::invokeExact_MT@15
                      ; - jdk.internal.reflect.DirectMethodHandleAccessor::invokeImpl@92
                      ; - jdk.internal.reflect.DirectMethodHandleAccessor::invoke@23
                      ;   {internal_word}
  0x000001a099ad5388: 0749 bafc | 3aad 99a0 | 0100 004d | 8997 6004 

  0x000001a099ad5398: ;   {runtime_call SafepointBlob}
  0x000001a099ad5398: 0000 e961 

  0x000001a099ad539c: ;   {runtime_call throw_null_pointer_exception Runtime1 stub}
  0x000001a099ad539c: 0319 07e8 

  0x000001a099ad53a0: ; ImmutableOopMap {rdx=Oop r9=Oop r8=Oop rsi=Oop [176]=Oop [184]=Oop [192]=Oop [240]=Oop }
                      ;*aaload {reexecute=0 rethrow=0 return_oop=0}
                      ; - jdk.internal.reflect.DirectMethodHandleAccessor::invokeImpl@68
                      ; - jdk.internal.reflect.DirectMethodHandleAccessor::invoke@23
  0x000001a099ad53a0: 5cd0 2407 

  0x000001a099ad53a4: ;   {runtime_call throw_null_pointer_exception Runtime1 stub}
  0x000001a099ad53a4: e857 d024 

  0x000001a099ad53a8: ; ImmutableOopMap {rdx=Oop r9=Oop r8=Oop rsi=Oop [176]=Oop [184]=Oop [192]=Oop [240]=Oop }
                      ;*aaload {reexecute=0 rethrow=0 return_oop=0}
                      ; - jdk.internal.reflect.DirectMethodHandleAccessor::invokeImpl@68
                      ; - jdk.internal.reflect.DirectMethodHandleAccessor::invoke@23
  0x000001a099ad53a8: 0748 c704 | 2400 0000 | 004c 894c 

  0x000001a099ad53b4: ;   {runtime_call throw_range_check_failed Runtime1 stub}
  0x000001a099ad53b4: 2408 e845 

  0x000001a099ad53b8: ; ImmutableOopMap {rdx=Oop r9=Oop r8=Oop rsi=Oop [176]=Oop [184]=Oop [192]=Oop [240]=Oop }
                      ;*aaload {reexecute=0 rethrow=0 return_oop=0}
                      ; - jdk.internal.reflect.DirectMethodHandleAccessor::invokeImpl@68
                      ; - jdk.internal.reflect.DirectMethodHandleAccessor::invoke@23
  0x000001a099ad53b8: c724 0748 | c704 2401 | 0000 004c | 894c 2408 

  0x000001a099ad53c8: ;   {runtime_call throw_range_check_failed Runtime1 stub}
  0x000001a099ad53c8: e833 c724 

  0x000001a099ad53cc: ; ImmutableOopMap {rdx=Oop r9=Oop r8=Oop rsi=Oop rdi=Oop [176]=Oop [184]=Oop [192]=Oop [232]=Oop [240]=Oop }
                      ;*aaload {reexecute=0 rethrow=0 return_oop=0}
                      ; - jdk.internal.reflect.DirectMethodHandleAccessor::invokeImpl@71
                      ; - jdk.internal.reflect.DirectMethodHandleAccessor::invoke@23
                      ;   {metadata({method} {0x000001a0f3455ab8} 'invokeExact_MT' '(Ljava/lang/Object;Ljava/lang/Object;Ljava/lang/Object;Ljava/lang/Object;Ljava/lang/Object;)Ljava/lang/Object;' in 'java/lang/invoke/LambdaForm$MH+0x000001a0b301cc00')}
  0x000001a099ad53cc: 0749 bab0 | 5a45 f3a0 | 0100 004c | 8954 2408 | 48c7 0424 | ffff ffff 

  0x000001a099ad53e4: ;   {runtime_call counter_overflow Runtime1 stub}
  0x000001a099ad53e4: e897 4f25 

  0x000001a099ad53e8: ; ImmutableOopMap {rdx=Oop r8=Oop rsi=Oop rdi=Oop rbx=Oop [176]=Oop [192]=Oop [232]=Oop [240]=Oop [248]=Oop }
                      ;*synchronization entry
                      ; - java.lang.invoke.LambdaForm$MH/0x000001a0b301cc00::invokeExact_MT@-1
                      ; - jdk.internal.reflect.DirectMethodHandleAccessor::invokeImpl@72
                      ; - jdk.internal.reflect.DirectMethodHandleAccessor::invoke@23
  0x000001a099ad53e8: 07e9 dee8 

  0x000001a099ad53ec: ;   {metadata({method} {0x000001a0b23d94e0} 'checkExactType' '(Ljava/lang/invoke/MethodHandle;Ljava/lang/invoke/MethodType;)V' in 'java/lang/invoke/Invokers')}
  0x000001a099ad53ec: ffff 49ba | d894 3db2 | a001 0000 | 4c89 5424 | 0848 c704 | 24ff ffff 

  0x000001a099ad5404: ;   {runtime_call counter_overflow Runtime1 stub}
  0x000001a099ad5404: ffe8 764f 

  0x000001a099ad5408: ; ImmutableOopMap {rdx=Oop r8=Oop rsi=Oop rdi=Oop rbx=Oop rcx=Oop [176]=Oop [192]=Oop [232]=Oop [240]=Oop [248]=Oop }
                      ;*synchronization entry
                      ; - java.lang.invoke.Invokers::checkExactType@-1
                      ; - java.lang.invoke.LambdaForm$MH/0x000001a0b301cc00::invokeExact_MT@11
                      ; - jdk.internal.reflect.DirectMethodHandleAccessor::invokeImpl@72
                      ; - jdk.internal.reflect.DirectMethodHandleAccessor::invoke@23
  0x000001a099ad5408: 2507 e984 

  0x000001a099ad540c: ;   {runtime_call throw_null_pointer_exception Runtime1 stub}
  0x000001a099ad540c: e9ff ffe8 

  0x000001a099ad5410: ; ImmutableOopMap {rdx=Oop r8=Oop rsi=Oop rdi=Oop rbx=Oop rcx=Oop [176]=Oop [192]=Oop [232]=Oop [240]=Oop [248]=Oop }
                      ;*invokevirtual type {reexecute=0 rethrow=0 return_oop=0}
                      ; - java.lang.invoke.Invokers::checkExactType@1
                      ; - java.lang.invoke.LambdaForm$MH/0x000001a0b301cc00::invokeExact_MT@11
                      ; - jdk.internal.reflect.DirectMethodHandleAccessor::invokeImpl@72
                      ; - jdk.internal.reflect.DirectMethodHandleAccessor::invoke@23
  0x000001a099ad5410: eccf 2407 

  0x000001a099ad5414: ;   {metadata({method} {0x000001a0b23d93d8} 'checkCustomized' '(Ljava/lang/invoke/MethodHandle;)V' in 'java/lang/invoke/Invokers')}
  0x000001a099ad5414: 49ba d093 | 3db2 a001 | 0000 4c89 | 5424 0848 | c704 24ff 

  0x000001a099ad5428: ;   {runtime_call counter_overflow Runtime1 stub}
  0x000001a099ad5428: ffff ffe8 

  0x000001a099ad542c: ; ImmutableOopMap {rdx=Oop r8=Oop rsi=Oop rdi=Oop rbx=Oop [176]=Oop [192]=Oop [232]=Oop [240]=Oop [248]=Oop }
                      ;*synchronization entry
                      ; - java.lang.invoke.Invokers::checkCustomized@-1
                      ; - java.lang.invoke.LambdaForm$MH/0x000001a0b301cc00::invokeExact_MT@15
                      ; - jdk.internal.reflect.DirectMethodHandleAccessor::invokeImpl@72
                      ; - jdk.internal.reflect.DirectMethodHandleAccessor::invoke@23
  0x000001a099ad542c: 504f 2507 | e9be eaff 

  0x000001a099ad5434: ;   {metadata({method} {0x000001a0b2095ff0} 'isCompileConstant' '(Ljava/lang/Object;)Z' in 'java/lang/invoke/MethodHandleImpl')}
  0x000001a099ad5434: ff49 bae8 | 5f09 b2a0 | 0100 004c | 8954 2408 | 48c7 0424 | ffff ffff 

  0x000001a099ad544c: ;   {runtime_call counter_overflow Runtime1 stub}
  0x000001a099ad544c: e82f 4f25 

  0x000001a099ad5450: ; ImmutableOopMap {rdx=Oop r8=Oop rsi=Oop rdi=Oop rbx=Oop [176]=Oop [192]=Oop [232]=Oop [240]=Oop [248]=Oop }
                      ;*synchronization entry
                      ; - java.lang.invoke.MethodHandleImpl::isCompileConstant@-1
                      ; - java.lang.invoke.Invokers::checkCustomized@1
                      ; - java.lang.invoke.LambdaForm$MH/0x000001a0b301cc00::invokeExact_MT@15
                      ; - jdk.internal.reflect.DirectMethodHandleAccessor::invokeImpl@72
                      ; - jdk.internal.reflect.DirectMethodHandleAccessor::invoke@23
  0x000001a099ad5450: 07e9 d6ea 

  0x000001a099ad5454: ;   {runtime_call throw_null_pointer_exception Runtime1 stub}
  0x000001a099ad5454: ffff e8a5 

  0x000001a099ad5458: ; ImmutableOopMap {rdx=Oop r8=Oop rsi=Oop rdi=Oop rbx=Oop [176]=Oop [192]=Oop [232]=Oop [240]=Oop [248]=Oop }
                      ;*getfield customized {reexecute=1 rethrow=0 return_oop=0}
                      ; - (reexecute) java.lang.invoke.Invokers::checkCustomized@12
                      ; - java.lang.invoke.LambdaForm$MH/0x000001a0b301cc00::invokeExact_MT@15
                      ; - jdk.internal.reflect.DirectMethodHandleAccessor::invokeImpl@72
                      ; - jdk.internal.reflect.DirectMethodHandleAccessor::invoke@23
                      ;   {internal_word}
  0x000001a099ad5458: cf24 0749 | ba9c 41ad | 99a0 0100 | 004d 8997 | 6004 0000 

  0x000001a099ad546c: ;   {runtime_call SafepointBlob}
  0x000001a099ad546c: e98f 0219 

  0x000001a099ad5470: ;   {runtime_call throw_null_pointer_exception Runtime1 stub}
  0x000001a099ad5470: 07e8 8acf 

  0x000001a099ad5474: ; ImmutableOopMap {rdx=Oop r9=Oop r8=Oop rsi=Oop [176]=Oop [184]=Oop [192]=Oop [264]=Oop }
                      ;*aaload {reexecute=0 rethrow=0 return_oop=0}
                      ; - jdk.internal.reflect.DirectMethodHandleAccessor::invokeImpl@54
                      ; - jdk.internal.reflect.DirectMethodHandleAccessor::invoke@23
                      ;   {runtime_call throw_null_pointer_exception Runtime1 stub}
  0x000001a099ad5474: 2407 e885 

  0x000001a099ad5478: ; ImmutableOopMap {rdx=Oop r9=Oop r8=Oop rsi=Oop [176]=Oop [184]=Oop [192]=Oop [264]=Oop }
                      ;*aaload {reexecute=0 rethrow=0 return_oop=0}
                      ; - jdk.internal.reflect.DirectMethodHandleAccessor::invokeImpl@54
                      ; - jdk.internal.reflect.DirectMethodHandleAccessor::invoke@23
  0x000001a099ad5478: cf24 0748 | c704 2400 | 0000 004c | 894c 2408 

  0x000001a099ad5488: ;   {runtime_call throw_range_check_failed Runtime1 stub}
  0x000001a099ad5488: e873 c624 

  0x000001a099ad548c: ; ImmutableOopMap {rdx=Oop r9=Oop r8=Oop rsi=Oop [176]=Oop [184]=Oop [192]=Oop [264]=Oop }
                      ;*aaload {reexecute=0 rethrow=0 return_oop=0}
                      ; - jdk.internal.reflect.DirectMethodHandleAccessor::invokeImpl@54
                      ; - jdk.internal.reflect.DirectMethodHandleAccessor::invoke@23
                      ;   {metadata({method} {0x000001a0b20b0158} 'invokeExact_MT' '(Ljava/lang/Object;Ljava/lang/Object;Ljava/lang/Object;Ljava/lang/Object;)Ljava/lang/Object;' in 'java/lang/invoke/Invokers$Holder')}
  0x000001a099ad548c: 0749 ba50 | 010b b2a0 | 0100 004c | 8954 2408 | 48c7 0424 | ffff ffff 

  0x000001a099ad54a4: ;   {runtime_call counter_overflow Runtime1 stub}
  0x000001a099ad54a4: e8d7 4e25 

  0x000001a099ad54a8: ; ImmutableOopMap {rdx=Oop r8=Oop rsi=Oop rdi=Oop [176]=Oop [192]=Oop [256]=Oop [264]=Oop }
                      ;*synchronization entry
                      ; - java.lang.invoke.Invokers$Holder::invokeExact_MT@-1
                      ; - jdk.internal.reflect.DirectMethodHandleAccessor::invokeImpl@55
                      ; - jdk.internal.reflect.DirectMethodHandleAccessor::invoke@23
  0x000001a099ad54a8: 07e9 99ee 

  0x000001a099ad54ac: ;   {metadata({method} {0x000001a0b23d94e0} 'checkExactType' '(Ljava/lang/invoke/MethodHandle;Ljava/lang/invoke/MethodType;)V' in 'java/lang/invoke/Invokers')}
  0x000001a099ad54ac: ffff 49ba | d894 3db2 | a001 0000 | 4c89 5424 | 0848 c704 | 24ff ffff 

  0x000001a099ad54c4: ;   {runtime_call counter_overflow Runtime1 stub}
  0x000001a099ad54c4: ffe8 b64e 

  0x000001a099ad54c8: ; ImmutableOopMap {rdx=Oop r8=Oop rsi=Oop rdi=Oop rax=Oop [176]=Oop [192]=Oop [256]=Oop [264]=Oop }
                      ;*synchronization entry
                      ; - java.lang.invoke.Invokers::checkExactType@-1
                      ; - java.lang.invoke.Invokers$Holder::invokeExact_MT@10
                      ; - jdk.internal.reflect.DirectMethodHandleAccessor::invokeImpl@55
                      ; - jdk.internal.reflect.DirectMethodHandleAccessor::invoke@23
  0x000001a099ad54c8: 2507 e937 

  0x000001a099ad54cc: ;   {runtime_call throw_null_pointer_exception Runtime1 stub}
  0x000001a099ad54cc: efff ffe8 

  0x000001a099ad54d0: ; ImmutableOopMap {rdx=Oop r8=Oop rsi=Oop rdi=Oop rax=Oop [176]=Oop [192]=Oop [256]=Oop [264]=Oop }
                      ;*invokevirtual type {reexecute=0 rethrow=0 return_oop=0}
                      ; - java.lang.invoke.Invokers::checkExactType@1
                      ; - java.lang.invoke.Invokers$Holder::invokeExact_MT@10
                      ; - jdk.internal.reflect.DirectMethodHandleAccessor::invokeImpl@55
                      ; - jdk.internal.reflect.DirectMethodHandleAccessor::invoke@23
  0x000001a099ad54d0: 2ccf 2407 

  0x000001a099ad54d4: ;   {metadata({method} {0x000001a0b23d93d8} 'checkCustomized' '(Ljava/lang/invoke/MethodHandle;)V' in 'java/lang/invoke/Invokers')}
  0x000001a099ad54d4: 49ba d093 | 3db2 a001 | 0000 4c89 | 5424 0848 | c704 24ff 

  0x000001a099ad54e8: ;   {runtime_call counter_overflow Runtime1 stub}
  0x000001a099ad54e8: ffff ffe8 

  0x000001a099ad54ec: ; ImmutableOopMap {rdx=Oop r8=Oop rsi=Oop rdi=Oop [176]=Oop [192]=Oop [256]=Oop [264]=Oop }
                      ;*synchronization entry
                      ; - java.lang.invoke.Invokers::checkCustomized@-1
                      ; - java.lang.invoke.Invokers$Holder::invokeExact_MT@14
                      ; - jdk.internal.reflect.DirectMethodHandleAccessor::invokeImpl@55
                      ; - jdk.internal.reflect.DirectMethodHandleAccessor::invoke@23
  0x000001a099ad54ec: 904e 2507 | e96d f0ff 

  0x000001a099ad54f4: ;   {metadata({method} {0x000001a0b2095ff0} 'isCompileConstant' '(Ljava/lang/Object;)Z' in 'java/lang/invoke/MethodHandleImpl')}
  0x000001a099ad54f4: ff49 bae8 | 5f09 b2a0 | 0100 004c | 8954 2408 | 48c7 0424 | ffff ffff 

  0x000001a099ad550c: ;   {runtime_call counter_overflow Runtime1 stub}
  0x000001a099ad550c: e86f 4e25 

  0x000001a099ad5510: ; ImmutableOopMap {rdx=Oop r8=Oop rsi=Oop rdi=Oop [176]=Oop [192]=Oop [256]=Oop [264]=Oop }
                      ;*synchronization entry
                      ; - java.lang.invoke.MethodHandleImpl::isCompileConstant@-1
                      ; - java.lang.invoke.Invokers::checkCustomized@1
                      ; - java.lang.invoke.Invokers$Holder::invokeExact_MT@14
                      ; - jdk.internal.reflect.DirectMethodHandleAccessor::invokeImpl@55
                      ; - jdk.internal.reflect.DirectMethodHandleAccessor::invoke@23
  0x000001a099ad5510: 07e9 84f0 

  0x000001a099ad5514: ;   {runtime_call throw_null_pointer_exception Runtime1 stub}
  0x000001a099ad5514: ffff e8e5 

  0x000001a099ad5518: ; ImmutableOopMap {rdx=Oop r8=Oop rsi=Oop rdi=Oop [176]=Oop [192]=Oop [256]=Oop [264]=Oop }
                      ;*getfield customized {reexecute=1 rethrow=0 return_oop=0}
                      ; - (reexecute) java.lang.invoke.Invokers::checkCustomized@12
                      ; - java.lang.invoke.Invokers$Holder::invokeExact_MT@14
                      ; - jdk.internal.reflect.DirectMethodHandleAccessor::invokeImpl@55
                      ; - jdk.internal.reflect.DirectMethodHandleAccessor::invoke@23
                      ;   {internal_word}
  0x000001a099ad5518: ce24 0749 | ba04 48ad | 99a0 0100 | 004d 8997 | 6004 0000 

  0x000001a099ad552c: ;   {runtime_call SafepointBlob}
  0x000001a099ad552c: e9cf 0119 

  0x000001a099ad5530: ;   {metadata({method} {0x000001a0b20b0208} 'invokeExact_MT' '(Ljava/lang/Object;Ljava/lang/Object;Ljava/lang/Object;)Ljava/lang/Object;' in 'java/lang/invoke/Invokers$Holder')}
  0x000001a099ad5530: 0749 ba00 | 020b b2a0 | 0100 004c | 8954 2408 | 48c7 0424 | ffff ffff 

  0x000001a099ad5548: ;   {runtime_call counter_overflow Runtime1 stub}
  0x000001a099ad5548: e833 4e25 

  0x000001a099ad554c: ; ImmutableOopMap {rdx=Oop r8=Oop rsi=Oop [176]=Oop [192]=Oop [272]=Oop }
                      ;*synchronization entry
                      ; - java.lang.invoke.Invokers$Holder::invokeExact_MT@-1
                      ; - jdk.internal.reflect.DirectMethodHandleAccessor::invokeImpl@41
                      ; - jdk.internal.reflect.DirectMethodHandleAccessor::invoke@23
  0x000001a099ad554c: 07e9 52f3 

  0x000001a099ad5550: ;   {metadata({method} {0x000001a0b23d94e0} 'checkExactType' '(Ljava/lang/invoke/MethodHandle;Ljava/lang/invoke/MethodType;)V' in 'java/lang/invoke/Invokers')}
  0x000001a099ad5550: ffff 49ba | d894 3db2 | a001 0000 | 4c89 5424 | 0848 c704 | 24ff ffff 

  0x000001a099ad5568: ;   {runtime_call counter_overflow Runtime1 stub}
  0x000001a099ad5568: ffe8 124e 

  0x000001a099ad556c: ; ImmutableOopMap {rdx=Oop r8=Oop rsi=Oop rbx=Oop [176]=Oop [192]=Oop [272]=Oop }
                      ;*synchronization entry
                      ; - java.lang.invoke.Invokers::checkExactType@-1
                      ; - java.lang.invoke.Invokers$Holder::invokeExact_MT@10
                      ; - jdk.internal.reflect.DirectMethodHandleAccessor::invokeImpl@41
                      ; - jdk.internal.reflect.DirectMethodHandleAccessor::invoke@23
  0x000001a099ad556c: 2507 e9a6 

  0x000001a099ad5570: ;   {runtime_call throw_null_pointer_exception Runtime1 stub}
  0x000001a099ad5570: f3ff ffe8 

  0x000001a099ad5574: ; ImmutableOopMap {rdx=Oop r8=Oop rsi=Oop rbx=Oop [176]=Oop [192]=Oop [272]=Oop }
                      ;*invokevirtual type {reexecute=0 rethrow=0 return_oop=0}
                      ; - java.lang.invoke.Invokers::checkExactType@1
                      ; - java.lang.invoke.Invokers$Holder::invokeExact_MT@10
                      ; - jdk.internal.reflect.DirectMethodHandleAccessor::invokeImpl@41
                      ; - jdk.internal.reflect.DirectMethodHandleAccessor::invoke@23
  0x000001a099ad5574: 88ce 2407 

  0x000001a099ad5578: ;   {metadata({method} {0x000001a0b23d93d8} 'checkCustomized' '(Ljava/lang/invoke/MethodHandle;)V' in 'java/lang/invoke/Invokers')}
  0x000001a099ad5578: 49ba d093 | 3db2 a001 | 0000 4c89 | 5424 0848 | c704 24ff 

  0x000001a099ad558c: ;   {runtime_call counter_overflow Runtime1 stub}
  0x000001a099ad558c: ffff ffe8 

  0x000001a099ad5590: ; ImmutableOopMap {rdx=Oop r8=Oop rsi=Oop [176]=Oop [192]=Oop [272]=Oop }
                      ;*synchronization entry
                      ; - java.lang.invoke.Invokers::checkCustomized@-1
                      ; - java.lang.invoke.Invokers$Holder::invokeExact_MT@14
                      ; - jdk.internal.reflect.DirectMethodHandleAccessor::invokeImpl@41
                      ; - jdk.internal.reflect.DirectMethodHandleAccessor::invoke@23
  0x000001a099ad5590: ec4d 2507 | e985 f4ff 

  0x000001a099ad5598: ;   {metadata({method} {0x000001a0b2095ff0} 'isCompileConstant' '(Ljava/lang/Object;)Z' in 'java/lang/invoke/MethodHandleImpl')}
  0x000001a099ad5598: ff49 bae8 | 5f09 b2a0 | 0100 004c | 8954 2408 | 48c7 0424 | ffff ffff 

  0x000001a099ad55b0: ;   {runtime_call counter_overflow Runtime1 stub}
  0x000001a099ad55b0: e8cb 4d25 

  0x000001a099ad55b4: ; ImmutableOopMap {rdx=Oop r8=Oop rsi=Oop [176]=Oop [192]=Oop [272]=Oop }
                      ;*synchronization entry
                      ; - java.lang.invoke.MethodHandleImpl::isCompileConstant@-1
                      ; - java.lang.invoke.Invokers::checkCustomized@1
                      ; - java.lang.invoke.Invokers$Holder::invokeExact_MT@14
                      ; - jdk.internal.reflect.DirectMethodHandleAccessor::invokeImpl@41
                      ; - jdk.internal.reflect.DirectMethodHandleAccessor::invoke@23
  0x000001a099ad55b4: 07e9 9df4 

  0x000001a099ad55b8: ;   {runtime_call throw_null_pointer_exception Runtime1 stub}
  0x000001a099ad55b8: ffff e841 

  0x000001a099ad55bc: ; ImmutableOopMap {rdx=Oop r8=Oop rsi=Oop [176]=Oop [192]=Oop [272]=Oop }
                      ;*getfield customized {reexecute=1 rethrow=0 return_oop=0}
                      ; - (reexecute) java.lang.invoke.Invokers::checkCustomized@12
                      ; - java.lang.invoke.Invokers$Holder::invokeExact_MT@14
                      ; - jdk.internal.reflect.DirectMethodHandleAccessor::invokeImpl@41
                      ; - jdk.internal.reflect.DirectMethodHandleAccessor::invoke@23
                      ;   {internal_word}
  0x000001a099ad55bc: ce24 0749 | ba5c 4bad | 99a0 0100 | 004d 8997 | 6004 0000 

  0x000001a099ad55d0: ;   {runtime_call SafepointBlob}
  0x000001a099ad55d0: e92b 0119 

  0x000001a099ad55d4: ;   {runtime_call throw_null_pointer_exception Runtime1 stub}
  0x000001a099ad55d4: 07e8 26ce 

  0x000001a099ad55d8: ; ImmutableOopMap {rax=Oop [176]=Oop [192]=Oop [272]=Oop }
                      ;*athrow {reexecute=1 rethrow=0 return_oop=0}
                      ; - (reexecute) java.lang.invoke.Invokers::checkExactType@15
                      ; - java.lang.invoke.Invokers$Holder::invokeExact_MT@10
                      ; - jdk.internal.reflect.DirectMethodHandleAccessor::invokeImpl@41
                      ; - jdk.internal.reflect.DirectMethodHandleAccessor::invoke@23
                      ;   {runtime_call throw_null_pointer_exception Runtime1 stub}
  0x000001a099ad55d8: 2407 e821 

  0x000001a099ad55dc: ; ImmutableOopMap {rax=Oop [176]=Oop [192]=Oop [256]=Oop [264]=Oop }
                      ;*athrow {reexecute=1 rethrow=0 return_oop=0}
                      ; - (reexecute) java.lang.invoke.Invokers::checkExactType@15
                      ; - java.lang.invoke.Invokers$Holder::invokeExact_MT@10
                      ; - jdk.internal.reflect.DirectMethodHandleAccessor::invokeImpl@55
                      ; - jdk.internal.reflect.DirectMethodHandleAccessor::invoke@23
                      ;   {runtime_call throw_null_pointer_exception Runtime1 stub}
  0x000001a099ad55dc: ce24 07e8 

  0x000001a099ad55e0: ; ImmutableOopMap {rax=Oop [176]=Oop [192]=Oop [232]=Oop [240]=Oop [248]=Oop }
                      ;*athrow {reexecute=1 rethrow=0 return_oop=0}
                      ; - (reexecute) java.lang.invoke.Invokers::checkExactType@15
                      ; - java.lang.invoke.LambdaForm$MH/0x000001a0b301cc00::invokeExact_MT@11
                      ; - jdk.internal.reflect.DirectMethodHandleAccessor::invokeImpl@72
                      ; - jdk.internal.reflect.DirectMethodHandleAccessor::invoke@23
  0x000001a099ad55e0: 1cce 2407 

  0x000001a099ad55e4: ;   {runtime_call throw_null_pointer_exception Runtime1 stub}
  0x000001a099ad55e4: e817 ce24 

  0x000001a099ad55e8: ; ImmutableOopMap {rax=Oop [176]=Oop [192]=Oop [200]=Oop [208]=Oop [216]=Oop [224]=Oop }
                      ;*athrow {reexecute=1 rethrow=0 return_oop=0}
                      ; - (reexecute) java.lang.invoke.Invokers::checkExactType@15
                      ; - java.lang.invoke.LambdaForm$MH/0x000001a0b300f400::invokeExact_MT@11
                      ; - jdk.internal.reflect.DirectMethodHandleAccessor::invokeImpl@92
                      ; - jdk.internal.reflect.DirectMethodHandleAccessor::invoke@23
                      ;   {metadata({method} {0x000001a0b23c4688} 'isIllegalArgument' '(Ljava/lang/RuntimeException;)Z' in 'jdk/internal/reflect/DirectMethodHandleAccessor')}
  0x000001a099ad55e8: 0749 ba80 | 463c b2a0 | 0100 004c | 8954 2408 | 48c7 0424 | ffff ffff 

  0x000001a099ad5600: ;   {runtime_call counter_overflow Runtime1 stub}
  0x000001a099ad5600: e87b 4d25 

  0x000001a099ad5604: ; ImmutableOopMap {rax=Oop }
                      ;*synchronization entry
                      ; - jdk.internal.reflect.DirectMethodHandleAccessor::isIllegalArgument@-1
                      ; - jdk.internal.reflect.DirectMethodHandleAccessor::invoke@58
  0x000001a099ad5604: 07e9 c6f6 

  0x000001a099ad5608: ;   {metadata({method} {0x000001a0b23c4688} 'isIllegalArgument' '(Ljava/lang/RuntimeException;)Z' in 'jdk/internal/reflect/DirectMethodHandleAccessor')}
  0x000001a099ad5608: ffff 49ba | 8046 3cb2 | a001 0000 | 4c89 5424 | 0848 c704 | 24ff ffff 

  0x000001a099ad5620: ;   {runtime_call counter_overflow Runtime1 stub}
  0x000001a099ad5620: ffe8 5a4d 

  0x000001a099ad5624: ; ImmutableOopMap {rax=Oop }
                      ;*synchronization entry
                      ; - jdk.internal.reflect.DirectMethodHandleAccessor::isIllegalArgument@-1
                      ; - jdk.internal.reflect.DirectMethodHandleAccessor::invoke@30
  0x000001a099ad5624: 2507 e960 

  0x000001a099ad5628: ;   {metadata(nullptr)}
  0x000001a099ad5628: f7ff ff48 | ba00 0000 | 0000 0000 | 00b8 000f 

  0x000001a099ad5638: ;   {runtime_call load_klass_patching Runtime1 stub}
  0x000001a099ad5638: 050a e841 

  0x000001a099ad563c: ; ImmutableOopMap {}
                      ;*new {reexecute=1 rethrow=0 return_oop=0}
                      ; - (reexecute) jdk.internal.reflect.DirectMethodHandleAccessor::invoke@36
  0x000001a099ad563c: 3325 07e9 | a4f7 ffff 

  0x000001a099ad5644: ;   {runtime_call fast_new_instance Runtime1 stub}
  0x000001a099ad5644: 488b d2e8 

  0x000001a099ad5648: ; ImmutableOopMap {}
                      ;*new {reexecute=0 rethrow=0 return_oop=0}
                      ; - jdk.internal.reflect.DirectMethodHandleAccessor::invoke@36
  0x000001a099ad5648: b4db 2407 | e9ef f7ff 

  0x000001a099ad5650: ;   {metadata(nullptr)}
  0x000001a099ad5650: ff48 ba00 | 0000 0000 | 0000 00b8 | 000f 050a 

  0x000001a099ad5660: ;   {runtime_call load_klass_patching Runtime1 stub}
  0x000001a099ad5660: e81b 3325 

  0x000001a099ad5664: ; ImmutableOopMap {r8=Oop }
                      ;*new {reexecute=1 rethrow=0 return_oop=0}
                      ; - (reexecute) jdk.internal.reflect.DirectMethodHandleAccessor::invoke@46
  0x000001a099ad5664: 07e9 2ef8 

  0x000001a099ad5668: ;   {runtime_call throw_null_pointer_exception Runtime1 stub}
  0x000001a099ad5668: ffff e891 

  0x000001a099ad566c: ; ImmutableOopMap {r8=Oop }
                      ;*new {reexecute=0 rethrow=0 return_oop=0}
                      ; - jdk.internal.reflect.DirectMethodHandleAccessor::invoke@46
  0x000001a099ad566c: cd24 0748 

  0x000001a099ad5670: ;   {runtime_call fast_new_instance_init_check Runtime1 stub}
  0x000001a099ad5670: 8bd2 e809 

  0x000001a099ad5674: ; ImmutableOopMap {r8=Oop }
                      ;*new {reexecute=0 rethrow=0 return_oop=0}
                      ; - jdk.internal.reflect.DirectMethodHandleAccessor::invoke@46
  0x000001a099ad5674: e324 07e9 | 81f8 ffff 

  0x000001a099ad567c: ;   {metadata(nullptr)}
  0x000001a099ad567c: 48ba 0000 | 0000 0000 | 0000 b800 

  0x000001a099ad5688: ;   {runtime_call load_klass_patching Runtime1 stub}
  0x000001a099ad5688: 0f05 0ae8 

  0x000001a099ad568c: ; ImmutableOopMap {[280]=Oop }
                      ;*new {reexecute=1 rethrow=0 return_oop=0}
                      ; - (reexecute) jdk.internal.reflect.DirectMethodHandleAccessor::invoke@64
  0x000001a099ad568c: f032 2507 | e9ab f8ff | ff48 8bd2 

  0x000001a099ad5698: ;   {runtime_call fast_new_instance Runtime1 stub}
  0x000001a099ad5698: e863 db24 

  0x000001a099ad569c: ; ImmutableOopMap {[280]=Oop }
                      ;*new {reexecute=0 rethrow=0 return_oop=0}
                      ; - jdk.internal.reflect.DirectMethodHandleAccessor::invoke@64
  0x000001a099ad569c: 07e9 f6f8 

  0x000001a099ad56a0: ;   {metadata(nullptr)}
  0x000001a099ad56a0: ffff 48ba | 0000 0000 | 0000 0000 | b800 0f05 

  0x000001a099ad56b0: ;   {runtime_call load_klass_patching Runtime1 stub}
  0x000001a099ad56b0: 0ae8 ca32 

  0x000001a099ad56b4: ; ImmutableOopMap {r8=Oop }
                      ;*new {reexecute=1 rethrow=0 return_oop=0}
                      ; - (reexecute) jdk.internal.reflect.DirectMethodHandleAccessor::invoke@73
  0x000001a099ad56b4: 2507 e935 

  0x000001a099ad56b8: ;   {runtime_call throw_null_pointer_exception Runtime1 stub}
  0x000001a099ad56b8: f9ff ffe8 

  0x000001a099ad56bc: ; ImmutableOopMap {r8=Oop }
                      ;*new {reexecute=0 rethrow=0 return_oop=0}
                      ; - jdk.internal.reflect.DirectMethodHandleAccessor::invoke@73
  0x000001a099ad56bc: 40cd 2407 

  0x000001a099ad56c0: ;   {runtime_call fast_new_instance_init_check Runtime1 stub}
  0x000001a099ad56c0: 488b d2e8 

  0x000001a099ad56c4: ; ImmutableOopMap {r8=Oop }
                      ;*new {reexecute=0 rethrow=0 return_oop=0}
                      ; - jdk.internal.reflect.DirectMethodHandleAccessor::invoke@73
  0x000001a099ad56c4: b8e2 2407 | e988 f9ff 

  0x000001a099ad56cc: ;   {metadata(nullptr)}
  0x000001a099ad56cc: ff48 ba00 | 0000 0000 | 0000 00b8 | 000f 050a 

  0x000001a099ad56dc: ;   {runtime_call load_klass_patching Runtime1 stub}
  0x000001a099ad56dc: e89f 3225 

  0x000001a099ad56e0: ; ImmutableOopMap {[176]=Oop [184]=Oop [192]=Oop }
                      ;*new {reexecute=1 rethrow=0 return_oop=0}
                      ; - (reexecute) jdk.internal.reflect.DirectMethodHandleAccessor::checkReceiver@14
                      ; - jdk.internal.reflect.DirectMethodHandleAccessor::invoke@9
  0x000001a099ad56e0: 07e9 b2f9 | ffff 488b 

  0x000001a099ad56e8: ;   {runtime_call fast_new_instance Runtime1 stub}
  0x000001a099ad56e8: d2e8 12db 

  0x000001a099ad56ec: ; ImmutableOopMap {[176]=Oop [184]=Oop [192]=Oop }
                      ;*new {reexecute=0 rethrow=0 return_oop=0}
                      ; - jdk.internal.reflect.DirectMethodHandleAccessor::checkReceiver@14
                      ; - jdk.internal.reflect.DirectMethodHandleAccessor::invoke@9
  0x000001a099ad56ec: 2407 e9fd 

  0x000001a099ad56f0: ;   {metadata('java/lang/reflect/InvocationTargetException')}
  0x000001a099ad56f0: f9ff ff48 | baf0 4e04 | b3a0 0100 | 00b8 000f 

  0x000001a099ad5700: ;   {runtime_call load_klass_patching Runtime1 stub}
  0x000001a099ad5700: 050a e879 

  0x000001a099ad5704: ; ImmutableOopMap {r8=Oop }
                      ;*new {reexecute=1 rethrow=0 return_oop=0}
                      ; - (reexecute) jdk.internal.reflect.DirectMethodHandleAccessor::invoke@83
  0x000001a099ad5704: 3225 07e9 | 4cfa ffff 

  0x000001a099ad570c: ;   {runtime_call throw_null_pointer_exception Runtime1 stub}
  0x000001a099ad570c: e8ef cc24 

  0x000001a099ad5710: ; ImmutableOopMap {r8=Oop }
                      ;*new {reexecute=0 rethrow=0 return_oop=0}
                      ; - jdk.internal.reflect.DirectMethodHandleAccessor::invoke@83
  0x000001a099ad5710: 0748 8bd2 

  0x000001a099ad5714: ;   {runtime_call fast_new_instance_init_check Runtime1 stub}
  0x000001a099ad5714: e867 e224 

  0x000001a099ad5718: ; ImmutableOopMap {r8=Oop }
                      ;*new {reexecute=0 rethrow=0 return_oop=0}
                      ; - jdk.internal.reflect.DirectMethodHandleAccessor::invoke@83
  0x000001a099ad5718: 07e9 9ffa | ffff 498b | 87f8 0400 | 0049 c787 | f804 0000 | 0000 0000 | 49c7 8700 | 0500 0000 
  0x000001a099ad5738: 0000 0048 | 81c4 6001 

  0x000001a099ad5740: ;   {runtime_call unwind_exception Runtime1 stub}
  0x000001a099ad5740: 0000 5de9 | b8bd 2407 
[Stub Code]
  0x000001a099ad5748: ;   {no_reloc}
  0x000001a099ad5748: 0f1f 4400 

  0x000001a099ad574c: ;   {static_stub}
  0x000001a099ad574c: 0048 bb50 | 010b b2a0 

  0x000001a099ad5754: ;   {runtime_call I2C/C2I adapters}
  0x000001a099ad5754: 0100 00e9 | 13c8 1707 

  0x000001a099ad575c: ;   {static_stub}
  0x000001a099ad575c: 9048 bb00 | 0000 0000 

  0x000001a099ad5764: ;   {runtime_call nmethod}
  0x000001a099ad5764: 0000 00e9 | fbff ffff 

  0x000001a099ad576c: ;   {static_stub}
  0x000001a099ad576c: 9048 bb00 | 0000 0000 

  0x000001a099ad5774: ;   {runtime_call nmethod}
  0x000001a099ad5774: 0000 00e9 | fbff ffff 

  0x000001a099ad577c: ;   {static_stub}
  0x000001a099ad577c: 9048 bb00 | 0000 0000 

  0x000001a099ad5784: ;   {runtime_call nmethod}
  0x000001a099ad5784: 0000 00e9 | fbff ffff 

  0x000001a099ad578c: ;   {static_stub}
  0x000001a099ad578c: 9048 bb00 | 0000 0000 

  0x000001a099ad5794: ;   {runtime_call nmethod}
  0x000001a099ad5794: 0000 00e9 | fbff ffff 

  0x000001a099ad579c: ;   {static_stub}
  0x000001a099ad579c: 9048 bb40 | df04 f3a0 

  0x000001a099ad57a4: ;   {runtime_call I2C/C2I adapters}
  0x000001a099ad57a4: 0100 00e9 | 3bea 1807 

  0x000001a099ad57ac: ;   {static_stub}
  0x000001a099ad57ac: 48bb 0000 | 0000 0000 

  0x000001a099ad57b4: ;   {runtime_call nmethod}
  0x000001a099ad57b4: 0000 e9fb 

  0x000001a099ad57b8: ;   {static_stub}
  0x000001a099ad57b8: ffff ff48 | bb00 0000 | 0000 0000 

  0x000001a099ad57c4: ;   {runtime_call nmethod}
  0x000001a099ad57c4: 00e9 fbff 

  0x000001a099ad57c8: ;   {static_stub}
  0x000001a099ad57c8: ffff 48bb | 0000 0000 | 0000 0000 

  0x000001a099ad57d4: ;   {runtime_call nmethod}
  0x000001a099ad57d4: e9fb ffff 

  0x000001a099ad57d8: ;   {static_stub}
  0x000001a099ad57d8: ff48 bb00 | 0000 0000 

  0x000001a099ad57e0: ;   {runtime_call nmethod}
  0x000001a099ad57e0: 0000 00e9 | fbff ffff 

  0x000001a099ad57e8: ;   {static_stub}
  0x000001a099ad57e8: 48bb 0000 | 0000 0000 

  0x000001a099ad57f0: ;   {runtime_call nmethod}
  0x000001a099ad57f0: 0000 e9fb 

  0x000001a099ad57f4: ;   {static_stub}
  0x000001a099ad57f4: ffff ff48 | bb10 9c3d | b2a0 0100 

  0x000001a099ad5800: ;   {runtime_call I2C/C2I adapters}
  0x000001a099ad5800: 00e9 5ddc 

  0x000001a099ad5804: ;   {static_stub}
  0x000001a099ad5804: 1807 48bb | 0000 0000 | 0000 0000 

  0x000001a099ad5810: ;   {runtime_call nmethod}
  0x000001a099ad5810: e9fb ffff 

  0x000001a099ad5814: ;   {static_stub}
  0x000001a099ad5814: ff48 bb00 | 0000 0000 

  0x000001a099ad581c: ;   {runtime_call nmethod}
  0x000001a099ad581c: 0000 00e9 | fbff ffff 

  0x000001a099ad5824: ;   {static_stub}
  0x000001a099ad5824: 48bb 0000 | 0000 0000 

  0x000001a099ad582c: ;   {runtime_call nmethod}
  0x000001a099ad582c: 0000 e9fb 

  0x000001a099ad5830: ;   {static_stub}
  0x000001a099ad5830: ffff ff48 | bb00 0000 | 0000 0000 

  0x000001a099ad583c: ;   {runtime_call nmethod}
  0x000001a099ad583c: 00e9 fbff 

  0x000001a099ad5840: ;   {runtime_call handle_exception_from_callee Runtime1 stub}
  0x000001a099ad5840: ffff e839 

  0x000001a099ad5844: ;   {external_word}
  0x000001a099ad5844: f324 0748 | b990 7f16 | 27fc 7f00 | 0048 83e4 

  0x000001a099ad5854: ;   {runtime_call}
  0x000001a099ad5854: f048 b8e0 | 44d9 26fc | 7f00 00ff 

  0x000001a099ad5860: ;   {section_word}
  0x000001a099ad5860: d0f4 49ba | 6258 ad99 | a001 0000 

  0x000001a099ad586c: ;   {runtime_call DeoptimizationBlob}
  0x000001a099ad586c: 4152 e92d 

  0x000001a099ad5870: ;   {section_word}
  0x000001a099ad5870: f118 0749 | ba73 58ad | 99a0 0100 

  0x000001a099ad587c: ;   {runtime_call DeoptimizationBlob}
  0x000001a099ad587c: 0041 52e9 | 1cf1 1807 | f4f4 f4f4 
[/MachCode]


Compiled method (c1) 9685 10122   !   3       org.eclipse.e4.core.internal.di.MethodRequestor::execute (176 bytes)
 total in heap  [0x000001a099f8a390,0x000001a099f8df48] = 15288
 relocation     [0x000001a099f8a4f0,0x000001a099f8a800] = 784
 main code      [0x000001a099f8a800,0x000001a099f8cdd8] = 9688
 stub code      [0x000001a099f8cdd8,0x000001a099f8cf28] = 336
 oops           [0x000001a099f8cf28,0x000001a099f8cf38] = 16
 metadata       [0x000001a099f8cf38,0x000001a099f8cff8] = 192
 scopes data    [0x000001a099f8cff8,0x000001a099f8d438] = 1088
 scopes pcs     [0x000001a099f8d438,0x000001a099f8d918] = 1248
 dependencies   [0x000001a099f8d918,0x000001a099f8d938] = 32
 handler table  [0x000001a099f8d938,0x000001a099f8de90] = 1368
 nul chk table  [0x000001a099f8de90,0x000001a099f8df48] = 184

[Constant Pool (empty)]

[MachCode]
[Entry Point]
  # {method} {0x000001a0f48e7f38} 'execute' '()Ljava/lang/Object;' in 'org/eclipse/e4/core/internal/di/MethodRequestor'
  #           [sp+0x160]  (sp of caller)
  0x000001a099f8a800: 448b 5208 | 49bb 0000 | 00b2 a001 | 0000 4d03 | d34c 3bd0 

  0x000001a099f8a814: ;   {runtime_call ic_miss_stub}
  0x000001a099f8a814: 0f85 663f | cd06 660f | 1f44 0000 
[Verified Entry Point]
  0x000001a099f8a820: 8984 2400 | 80ff ff55 | 4881 ec50 | 0100 0090 | 4181 7f20 | 0800 0000 

  0x000001a099f8a838: ;   {runtime_call StubRoutines (final stubs)}
  0x000001a099f8a838: 7405 e821 | a5cb 0648 | 8994 24b8 

  0x000001a099f8a844: ;   {metadata(method data for {method} {0x000001a0f48e7f38} 'execute' '()Ljava/lang/Object;' in 'org/eclipse/e4/core/internal/di/MethodRequestor')}
  0x000001a099f8a844: 0000 0048 | bea0 5975 | f5a0 0100 | 008b becc | 0000 0083 | c702 89be | cc00 0000 | 81e7 fe07 
  0x000001a099f8a864: 0000 85ff | 0f84 d21e | 0000 8b72 | 2848 c1e6 | 0348 85f6 

  0x000001a099f8a878: ;   {metadata(method data for {method} {0x000001a0f48e7f38} 'execute' '()Ljava/lang/Object;' in 'org/eclipse/e4/core/internal/di/MethodRequestor')}
  0x000001a099f8a878: 48be a059 | 75f5 a001 | 0000 48c7 | c710 0100 | 0075 0748 | c7c7 2001 | 0000 488b | 1c3e 488d 
  0x000001a099f8a898: 5b01 4889 | 1c3e 0f85 | 0c03 0000 | 8b72 1448 | c1e6 0348 | 85f6 7516 

  0x000001a099f8a8b0: ;   {metadata(method data for {method} {0x000001a0f48e7f38} 'execute' '()Ljava/lang/Object;' in 'org/eclipse/e4/core/internal/di/MethodRequestor')}
  0x000001a099f8a8b0: 48bb a059 | 75f5 a001 | 0000 808b | 2901 0000 | 01e9 cc00 

  0x000001a099f8a8c4: ;   {metadata('java/lang/reflect/Method')}
  0x000001a099f8a8c4: 0000 48b8 | a805 04b2 | a001 0000 | 8b7e 0849 | ba00 0000 | b2a0 0100 | 0049 03fa | 483b c70f 
  0x000001a099f8a8e4: 858d 0000 

  0x000001a099f8a8e8: ;   {metadata(method data for {method} {0x000001a0f48e7f38} 'execute' '()Ljava/lang/Object;' in 'org/eclipse/e4/core/internal/di/MethodRequestor')}
  0x000001a099f8a8e8: 0048 bba0 | 5975 f5a0 | 0100 008b | 4608 49ba | 0000 00b2 | a001 0000 | 4903 c248 | 3b83 4001 
  0x000001a099f8a908: 0000 750d | 4883 8348 | 0100 0001 | e979 0000 | 0048 3b83 | 5001 0000 | 750d 4883 | 8358 0100 
  0x000001a099f8a928: 0001 e963 | 0000 0048 | 83bb 4001 | 0000 0075 | 1748 8983 | 4001 0000 | 48c7 8348 | 0100 0001 
  0x000001a099f8a948: 0000 00e9 | 4200 0000 | 4883 bb50 | 0100 0000 | 7517 4889 | 8350 0100 | 0048 c783 | 5801 0000 
  0x000001a099f8a968: 0100 0000 | e921 0000 | 00e9 1c00 

  0x000001a099f8a974: ;   {metadata(method data for {method} {0x000001a0f48e7f38} 'execute' '()Ljava/lang/Object;' in 'org/eclipse/e4/core/internal/di/MethodRequestor')}
  0x000001a099f8a974: 0000 48bb | a059 75f5 | a001 0000 | 4883 ab30 | 0100 0001 | e9d4 1d00 | 00e9 0000 | 0000 483b 
  0x000001a099f8a994: 0648 8bfe 

  0x000001a099f8a998: ;   {metadata(method data for {method} {0x000001a0f48e7f38} 'execute' '()Ljava/lang/Object;' in 'org/eclipse/e4/core/internal/di/MethodRequestor')}
  0x000001a099f8a998: 48bb a059 | 75f5 a001 | 0000 4883 | 8368 0100 

  0x000001a099f8a9a8: ;   {metadata(method data for {method} {0x000001a0b2041d00} 'getParameterTypes' '()[Ljava/lang/Class;' in 'java/lang/reflect/Method')}
  0x000001a099f8a9a8: 0001 48bf | 5074 72f4 | a001 0000 | 8b9f cc00 | 0000 83c3 | 0289 9fcc | 0000 0081 | e3fe ff1f 
  0x000001a099f8a9c8: 0085 db0f | 849e 1d00 | 008b 7630 | 48c1 e603 

  0x000001a099f8a9d8: ; implicit exception: dispatches to 0x000001a099f8c790
  0x000001a099f8a9d8: 483b 0648 

  0x000001a099f8a9dc: ;   {metadata(method data for {method} {0x000001a0b2041d00} 'getParameterTypes' '()[Ljava/lang/Class;' in 'java/lang/reflect/Method')}
  0x000001a099f8a9dc: 8bfe 48bb | 5074 72f4 | a001 0000 | 8b7f 0849 | ba00 0000 | b2a0 0100 | 0049 03fa | 483b bb20 
  0x000001a099f8a9fc: 0100 0075 | 0d48 8383 | 2801 0000 | 01e9 6000 | 0000 483b | bb30 0100 | 0075 0d48 | 8383 3801 
  0x000001a099f8aa1c: 0000 01e9 | 4a00 0000 | 4883 bb20 | 0100 0000 | 7517 4889 | bb20 0100 | 0048 c783 | 2801 0000 
  0x000001a099f8aa3c: 0100 0000 | e929 0000 | 0048 83bb | 3001 0000 | 0075 1748 | 89bb 3001 | 0000 48c7 | 8338 0100 
  0x000001a099f8aa5c: 0001 0000 | 00e9 0800 | 0000 4883 | 8310 0100 | 0001 488b | d60f 1f40 | 0048 b8ff | ffff ffff 
  0x000001a099f8aa7c: ;   {virtual_call}
  0x000001a099f8aa7c: ffff ffe8 

  0x000001a099f8aa80: ; ImmutableOopMap {[184]=Oop }
                      ;*invokevirtual clone {reexecute=0 rethrow=0 return_oop=0}
                      ; - java.lang.reflect.Method::getParameterTypes@4
                      ; - org.eclipse.e4.core.internal.di.MethodRequestor::execute@14 (line 42)
  0x000001a099f8aa80: fc42 cd06 

  0x000001a099f8aa84: ;   {other}
  0x000001a099f8aa84: 0f1f 8400 | f406 0000 | 4885 c075 

  0x000001a099f8aa90: ;   {metadata(method data for {method} {0x000001a0b2041d00} 'getParameterTypes' '()[Ljava/lang/Class;' in 'java/lang/reflect/Method')}
  0x000001a099f8aa90: 1648 bf50 | 7472 f4a0 | 0100 0080 | 8f41 0100 | 0001 e9cd 

  0x000001a099f8aaa4: ;   {metadata('java/lang/Class'[])}
  0x000001a099f8aaa4: 0000 0048 | bbe0 6e00 | b2a0 0100 | 008b 7808 | 49ba 0000 | 00b2 a001 | 0000 4903 | fa48 3b5f 
  0x000001a099f8aac4: 400f 858d 

  0x000001a099f8aac8: ;   {metadata(method data for {method} {0x000001a0b2041d00} 'getParameterTypes' '()[Ljava/lang/Class;' in 'java/lang/reflect/Method')}
  0x000001a099f8aac8: 0000 0048 | bf50 7472 | f4a0 0100 | 008b 5808 | 49ba 0000 | 00b2 a001 | 0000 4903 | da48 3b9f 
  0x000001a099f8aae8: 5801 0000 | 750d 4883 | 8760 0100 | 0001 e979 | 0000 0048 | 3b9f 6801 | 0000 750d | 4883 8770 
  0x000001a099f8ab08: 0100 0001 | e963 0000 | 0048 83bf | 5801 0000 | 0075 1748 | 899f 5801 | 0000 48c7 | 8760 0100 
  0x000001a099f8ab28: 0001 0000 | 00e9 4200 | 0000 4883 | bf68 0100 | 0000 7517 | 4889 9f68 | 0100 0048 | c787 7001 
  0x000001a099f8ab48: 0000 0100 | 0000 e921 | 0000 00e9 | 1c00 0000 

  0x000001a099f8ab58: ;   {metadata(method data for {method} {0x000001a0b2041d00} 'getParameterTypes' '()[Ljava/lang/Class;' in 'java/lang/reflect/Method')}
  0x000001a099f8ab58: 48bf 5074 | 72f4 a001 | 0000 4883 | af48 0100 | 0001 e926 | 1c00 00e9 | 0000 0000 | 488b d08b 
  0x000001a099f8ab78: 520c 85d2 

  0x000001a099f8ab7c: ;   {metadata(method data for {method} {0x000001a0f48e7f38} 'execute' '()Ljava/lang/Object;' in 'org/eclipse/e4/core/internal/di/MethodRequestor')}
  0x000001a099f8ab7c: 48ba a059 | 75f5 a001 | 0000 48c7 | c6b0 0100 | 007f 0748 | c7c6 a001 | 0000 488b | 3c32 488d 
  0x000001a099f8ab9c: 7f01 4889 | 3c32 0f8f | a616 0000 | 488b 9424 | b800 0000 

  0x000001a099f8abb0: ;   {metadata(method data for {method} {0x000001a0f48e7f38} 'execute' '()Ljava/lang/Object;' in 'org/eclipse/e4/core/internal/di/MethodRequestor')}
  0x000001a099f8abb0: 488b f248 | bfa0 5975 | f5a0 0100 | 008b 7608 | 49ba 0000 | 00b2 a001 | 0000 4903 | f248 3bb7 
  0x000001a099f8abd0: d001 0000 | 750d 4883 | 87d8 0100 | 0001 e960 | 0000 0048 | 3bb7 e001 | 0000 750d | 4883 87e8 
  0x000001a099f8abf0: 0100 0001 | e94a 0000 | 0048 83bf | d001 0000 | 0075 1748 | 89b7 d001 | 0000 48c7 | 87d8 0100 
  0x000001a099f8ac10: 0001 0000 | 00e9 2900 | 0000 4883 | bfe0 0100 | 0000 7517 | 4889 b7e0 | 0100 0048 | c787 e801 
  0x000001a099f8ac30: 0000 0100 | 0000 e908 | 0000 0048 | 8387 c001 

  0x000001a099f8ac40: ;   {metadata(method data for {method} {0x000001a0f48e6eb8} 'getRequestingObject' '()Ljava/lang/Object;' in 'org/eclipse/e4/core/internal/di/Requestor')}
  0x000001a099f8ac40: 0000 0148 | be50 4475 | f5a0 0100 | 008b becc | 0000 0083 | c702 89be | cc00 0000 | 81e7 feff 
  0x000001a099f8ac60: 1f00 85ff | 0f84 391b | 0000 8b72 | 1848 c1e6 | 0348 85f6 

  0x000001a099f8ac74: ;   {metadata(method data for {method} {0x000001a0f48e6eb8} 'getRequestingObject' '()Ljava/lang/Object;' in 'org/eclipse/e4/core/internal/di/Requestor')}
  0x000001a099f8ac74: 48bf 5044 | 75f5 a001 | 0000 48c7 | c310 0100 | 0075 0748 | c7c3 2001 | 0000 488b | 041f 488d 
  0x000001a099f8ac94: 4001 4889 | 041f 0f85 | 0f00 0000 

  0x000001a099f8aca0: ;   {oop(nullptr)}
  0x000001a099f8aca0: 48be 0000 | 0000 0000 | 0000 e9b8 | 0000 0048 | 3b06 488b 

  0x000001a099f8acb4: ;   {metadata(method data for {method} {0x000001a0f48e6eb8} 'getRequestingObject' '()Ljava/lang/Object;' in 'org/eclipse/e4/core/internal/di/Requestor')}
  0x000001a099f8acb4: fe48 bb50 | 4475 f5a0 | 0100 008b | 7f08 49ba | 0000 00b2 | a001 0000 | 4903 fa48 | 3bbb 4001 
  0x000001a099f8acd4: 0000 750d | 4883 8348 | 0100 0001 | e960 0000 | 0048 3bbb | 5001 0000 | 750d 4883 | 8358 0100 
  0x000001a099f8acf4: 0001 e94a | 0000 0048 | 83bb 4001 | 0000 0075 | 1748 89bb | 4001 0000 | 48c7 8348 | 0100 0001 
  0x000001a099f8ad14: 0000 00e9 | 2900 0000 | 4883 bb50 | 0100 0000 | 7517 4889 | bb50 0100 | 0048 c783 | 5801 0000 
  0x000001a099f8ad34: 0100 0000 | e908 0000 | 0048 8383 | 3001 0000 | 0148 8bd6 | 0f1f 4400 | 0048 b8c0 | 2f40 fea0 
  0x000001a099f8ad54: ;   {virtual_call}
  0x000001a099f8ad54: 0100 00e8 

  0x000001a099f8ad58: ; ImmutableOopMap {[184]=Oop }
                      ;*invokevirtual get {reexecute=0 rethrow=0 return_oop=0}
                      ; - org.eclipse.e4.core.internal.di.Requestor::getRequestingObject@13 (line 108)
                      ; - org.eclipse.e4.core.internal.di.MethodRequestor::execute@24 (line 45)
  0x000001a099f8ad58: d586 cd06 

  0x000001a099f8ad5c: ;   {other}
  0x000001a099f8ad5c: 0f1f 8400 | cc09 0001 | 488b f048 

  0x000001a099f8ad68: ;   {metadata(method data for {method} {0x000001a0f48e7f38} 'execute' '()Ljava/lang/Object;' in 'org/eclipse/e4/core/internal/di/MethodRequestor')}
  0x000001a099f8ad68: 85f6 48b8 | a059 75f5 | a001 0000 | 48c7 c208 | 0200 0074 | 0748 c7c2 | f801 0000 | 488b 3c10 
  0x000001a099f8ad88: 488d 7f01 | 4889 3c10 | 0f84 9814 | 0000 488b | 9424 b800 | 0000 8b7a | 2048 c1e7 | 0348 85ff 
  0x000001a099f8ada8: ;   {metadata(method data for {method} {0x000001a0f48e7f38} 'execute' '()Ljava/lang/Object;' in 'org/eclipse/e4/core/internal/di/MethodRequestor')}
  0x000001a099f8ada8: 48b8 a059 | 75f5 a001 | 0000 48c7 | c328 0200 | 0075 0748 | c7c3 1802 | 0000 488b | 0c18 488d 
  0x000001a099f8adc8: 4901 4889 | 0c18 0f85 | 1900 0000 | bf00 0000 | 0089 bc24 | d400 0000 | 4889 b424 | c000 0000 
  0x000001a099f8ade8: e9e9 0800 | 0048 89b4 | 24c0 0000 | 0048 3b07 

  0x000001a099f8adf8: ;   {metadata(method data for {method} {0x000001a0f48e7f38} 'execute' '()Ljava/lang/Object;' in 'org/eclipse/e4/core/internal/di/MethodRequestor')}
  0x000001a099f8adf8: 488b c748 | bba0 5975 | f5a0 0100 

  0x000001a099f8ae04: ;   {metadata('org/eclipse/e4/core/internal/contexts/ContextObjectSupplier')}
  0x000001a099f8ae04: 0049 ba70 | 7830 b3a0 | 0100 004c | 8993 4802 | 0000 4883 | 8350 0200 | 0001 488d | 9c24 2001 
  0x000001a099f8ae24: 0000 4889 | 7b08 488b | 0748 83c8 | 0148 8903 | f048 0fb1 | 1f0f 8412 | 0000 0048 | 2bc4 4825 
  0x000001a099f8ae44: 07f0 ffff | 4889 030f | 857d 1900 | 0049 ff87 | 4805 0000 

  0x000001a099f8ae58: ;   {metadata(method data for {method} {0x000001a0f48e0080} 'pauseRecording' '()V' in 'org/eclipse/e4/core/internal/contexts/ContextObjectSupplier')}
  0x000001a099f8ae58: 48bb 1099 | 00f5 a001 | 0000 8b83 | cc00 0000 | 83c0 0289 | 83cc 0000 | 0025 feff | 1f00 85c0 
  0x000001a099f8ae78: 0f84 6319 

  0x000001a099f8ae7c: ;   {metadata(method data for {method} {0x000001a0f48e0080} 'pauseRecording' '()V' in 'org/eclipse/e4/core/internal/contexts/ContextObjectSupplier')}
  0x000001a099f8ae7c: 0000 48bf | 1099 00f5 | a001 0000 | 4883 8710 | 0100 0001 

  0x000001a099f8ae90: ;   {metadata(method data for {method} {0x000001a0f48c74e0} 'getCalculatedComputations' '()Ljava/util/Stack;' in 'org/eclipse/e4/core/internal/contexts/EclipseContext')}
  0x000001a099f8ae90: 48bf 585e | 91f4 a001 | 0000 8b9f | cc00 0000 | 83c3 0289 | 9fcc 0000 | 0081 e3fe | ff1f 0085 
  0x000001a099f8aeb0: db0f 844b 

  0x000001a099f8aeb4: ;   {oop(a 'java/lang/Class'{0x000000074a94bba0} = 'org/eclipse/e4/core/internal/contexts/EclipseContext')}
  0x000001a099f8aeb4: 1900 0048 | bfa0 bb94 | 4a07 0000 | 008b 7f7c | 48c1 e703 

  0x000001a099f8aec8: ; implicit exception: dispatches to 0x000001a099f8c823
  0x000001a099f8aec8: 483b 0748 

  0x000001a099f8aecc: ;   {metadata(method data for {method} {0x000001a0f48c74e0} 'getCalculatedComputations' '()Ljava/util/Stack;' in 'org/eclipse/e4/core/internal/contexts/EclipseContext')}
  0x000001a099f8aecc: 8bdf 48b8 | 585e 91f4 | a001 0000 | 8b5b 0849 | ba00 0000 | b2a0 0100 | 0049 03da | 483b 9820 
  0x000001a099f8aeec: 0100 0075 | 0d48 8380 | 2801 0000 | 01e9 6000 | 0000 483b | 9830 0100 | 0075 0d48 | 8380 3801 
  0x000001a099f8af0c: 0000 01e9 | 4a00 0000 | 4883 b820 | 0100 0000 | 7517 4889 | 9820 0100 | 0048 c780 | 2801 0000 
  0x000001a099f8af2c: 0100 0000 | e929 0000 | 0048 83b8 | 3001 0000 | 0075 1748 | 8998 3001 | 0000 48c7 | 8038 0100 
  0x000001a099f8af4c: 0001 0000 | 00e9 0800 | 0000 4883 | 8010 0100 | 0001 488b | d70f 1f40 | 0048 b810 | 1812 b2a0 
  0x000001a099f8af6c: ;   {virtual_call}
  0x000001a099f8af6c: 0100 00e8 

  0x000001a099f8af70: ; ImmutableOopMap {[184]=Oop [192]=Oop [296]=Oop }
                      ;*invokevirtual get {reexecute=0 rethrow=0 return_oop=0}
                      ; - org.eclipse.e4.core.internal.contexts.EclipseContext::getCalculatedComputations@3 (line 734)
                      ; - org.eclipse.e4.core.internal.contexts.ContextObjectSupplier::pauseRecording@0 (line 214)
                      ; - org.eclipse.e4.core.internal.di.MethodRequestor::execute@49 (line 51)
  0x000001a099f8af70: 4c8b 7007 

  0x000001a099f8af74: ;   {other}
  0x000001a099f8af74: 0f1f 8400 | e40b 0002 | 4885 c075 

  0x000001a099f8af80: ;   {metadata(method data for {method} {0x000001a0f48c74e0} 'getCalculatedComputations' '()Ljava/util/Stack;' in 'org/eclipse/e4/core/internal/contexts/EclipseContext')}
  0x000001a099f8af80: 1648 bf58 | 5e91 f4a0 | 0100 0080 | 8f41 0100 | 0001 e9cc 

  0x000001a099f8af94: ;   {metadata('java/util/Stack')}
  0x000001a099f8af94: 0000 0048 | bae0 720d | b3a0 0100 | 008b 7008 | 49ba 0000 | 00b2 a001 | 0000 4903 | f248 3bd6 
  0x000001a099f8afb4: 0f85 8d00 

  0x000001a099f8afb8: ;   {metadata(method data for {method} {0x000001a0f48c74e0} 'getCalculatedComputations' '()Ljava/util/Stack;' in 'org/eclipse/e4/core/internal/contexts/EclipseContext')}
  0x000001a099f8afb8: 0000 48bf | 585e 91f4 | a001 0000 | 8b50 0849 | ba00 0000 | b2a0 0100 | 0049 03d2 | 483b 9758 
  0x000001a099f8afd8: 0100 0075 | 0d48 8387 | 6001 0000 | 01e9 7900 | 0000 483b | 9768 0100 | 0075 0d48 | 8387 7001 
  0x000001a099f8aff8: 0000 01e9 | 6300 0000 | 4883 bf58 | 0100 0000 | 7517 4889 | 9758 0100 | 0048 c787 | 6001 0000 
  0x000001a099f8b018: 0100 0000 | e942 0000 | 0048 83bf | 6801 0000 | 0075 1748 | 8997 6801 | 0000 48c7 | 8770 0100 
  0x000001a099f8b038: 0001 0000 | 00e9 2100 | 0000 e91c 

  0x000001a099f8b044: ;   {metadata(method data for {method} {0x000001a0f48c74e0} 'getCalculatedComputations' '()Ljava/util/Stack;' in 'org/eclipse/e4/core/internal/contexts/EclipseContext')}
  0x000001a099f8b044: 0000 0048 | bf58 5e91 | f4a0 0100 | 0048 83af | 4801 0000 | 01e9 ca17 | 0000 e900 | 0000 0048 
  0x000001a099f8b064: 8bd0 4885 

  0x000001a099f8b068: ;   {metadata(method data for {method} {0x000001a0f48c74e0} 'getCalculatedComputations' '()Ljava/util/Stack;' in 'org/eclipse/e4/core/internal/contexts/EclipseContext')}
  0x000001a099f8b068: d248 be58 | 5e91 f4a0 | 0100 0048 | c7c7 8001 | 0000 7507 | 48c7 c790 | 0100 0048 | 8b04 3e48 
  0x000001a099f8b088: 8d40 0148 | 8904 3e0f | 8527 0200 

  0x000001a099f8b094: ;   {metadata('java/util/Stack')}
  0x000001a099f8b094: 0048 bae0 | 720d b3a0 | 0100 0049 | 8b87 b801 | 0000 488d | 7820 493b | bfc8 0100 | 000f 877a 
  0x000001a099f8b0b4: 1700 0049 | 89bf b801 | 0000 48c7 | 0001 0000 | 0048 8bca | 49ba 0000 | 00b2 a001 | 0000 492b 
  0x000001a099f8b0d4: ca89 4808 | 4833 c989 | 480c 4833 | c948 8948 | 1048 8948 | 184c 8bc0 

  0x000001a099f8b0ec: ;   {metadata(method data for {method} {0x000001a0f48c74e0} 'getCalculatedComputations' '()Ljava/util/Stack;' in 'org/eclipse/e4/core/internal/contexts/EclipseContext')}
  0x000001a099f8b0ec: 49b9 585e | 91f4 a001 | 0000 4983 | 81a0 0100 

  0x000001a099f8b0fc: ;   {metadata(method data for {method} {0x000001a0f39377a8} '<init>' '()V' in 'java/util/Stack')}
  0x000001a099f8b0fc: 0001 49b8 | 9043 b9f3 | a001 0000 | 458b 88cc | 0000 0041 | 83c1 0245 | 8988 cc00 | 0000 4181 
  0x000001a099f8b11c: e1fe ff1f | 0045 85c9 | 0f84 1417 | 0000 4c8b 

  0x000001a099f8b12c: ;   {metadata(method data for {method} {0x000001a0f39377a8} '<init>' '()V' in 'java/util/Stack')}
  0x000001a099f8b12c: c049 b990 | 43b9 f3a0 | 0100 0049 | 8381 1001 

  0x000001a099f8b13c: ;   {metadata(method data for {method} {0x000001a0f3193260} '<init>' '()V' in 'java/util/Vector')}
  0x000001a099f8b13c: 0000 0149 | b830 3ab9 | f3a0 0100 | 0045 8b88 | cc00 0000 | 4183 c102 | 4589 88cc | 0000 0041 
  0x000001a099f8b15c: 81e1 feff | 1f00 4585 | c90f 84f4 | 1600 004c 

  0x000001a099f8b16c: ;   {metadata(method data for {method} {0x000001a0f3193260} '<init>' '()V' in 'java/util/Vector')}
  0x000001a099f8b16c: 8bc0 49b9 | 303a b9f3 | a001 0000 | 4983 8110 | 0100 0001 

  0x000001a099f8b180: ;   {metadata(method data for {method} {0x000001a0f31931c8} '<init>' '(I)V' in 'java/util/Vector')}
  0x000001a099f8b180: 49b8 e838 | b9f3 a001 | 0000 458b | 88cc 0000 | 0041 83c1 | 0245 8988 | cc00 0000 | 4181 e1fe 
  0x000001a099f8b1a0: ff1f 0045 | 85c9 0f84 | d416 0000 

  0x000001a099f8b1ac: ;   {metadata(method data for {method} {0x000001a0f31931c8} '<init>' '(I)V' in 'java/util/Vector')}
  0x000001a099f8b1ac: 4c8b c049 | b9e8 38b9 | f3a0 0100 | 0049 8381 | 1001 0000 | 0141 b80a | 0000 0041 | b900 0000 
  0x000001a099f8b1cc: 0048 8bd0 | 4889 8424 | c800 0000 | 0f1f 8000 

  0x000001a099f8b1dc: ;   {optimized virtual_call}
  0x000001a099f8b1dc: 0000 00e8 

  0x000001a099f8b1e0: ; ImmutableOopMap {[184]=Oop [192]=Oop [200]=Oop [296]=Oop }
                      ;*invokespecial <init> {reexecute=0 rethrow=0 return_oop=0}
                      ; - java.util.Vector::<init>@3
                      ; - java.util.Vector::<init>@3
                      ; - java.util.Stack::<init>@1
                      ; - org.eclipse.e4.core.internal.contexts.EclipseContext::getCalculatedComputations@18 (line 736)
                      ; - org.eclipse.e4.core.internal.contexts.ContextObjectSupplier::pauseRecording@0 (line 214)
                      ; - org.eclipse.e4.core.internal.di.MethodRequestor::execute@49 (line 51)
  0x000001a099f8b1e0: 9c38 cd06 

  0x000001a099f8b1e4: ;   {other}
  0x000001a099f8b1e4: 0f1f 8400 | 540e 0003 

  0x000001a099f8b1ec: ;   {oop(a 'java/lang/Class'{0x000000074a94bba0} = 'org/eclipse/e4/core/internal/contexts/EclipseContext')}
  0x000001a099f8b1ec: 49b8 a0bb | 944a 0700 | 0000 418b | 507c 48c1 | e203 483b | 024c 8bc2 

  0x000001a099f8b204: ;   {metadata(method data for {method} {0x000001a0f48c74e0} 'getCalculatedComputations' '()Ljava/util/Stack;' in 'org/eclipse/e4/core/internal/contexts/EclipseContext')}
  0x000001a099f8b204: 48be 585e | 91f4 a001 | 0000 458b | 4008 49ba | 0000 00b2 | a001 0000 | 4d03 c24c | 3b86 c001 
  0x000001a099f8b224: 0000 750d | 4883 86c8 | 0100 0001 | e960 0000 | 004c 3b86 | d001 0000 | 750d 4883 | 86d8 0100 
  0x000001a099f8b244: 0001 e94a | 0000 0048 | 83be c001 | 0000 0075 | 174c 8986 | c001 0000 | 48c7 86c8 | 0100 0001 
  0x000001a099f8b264: 0000 00e9 | 2900 0000 | 4883 bed0 | 0100 0000 | 7517 4c89 | 86d0 0100 | 0048 c786 | d801 0000 
  0x000001a099f8b284: 0100 0000 | e908 0000 | 0048 8386 | b001 0000 | 014c 8b84 | 24c8 0000 | 0048 b8ff | ffff ffff 
  0x000001a099f8b2a4: ;   {virtual_call}
  0x000001a099f8b2a4: ffff ffe8 

  0x000001a099f8b2a8: ; ImmutableOopMap {[184]=Oop [192]=Oop [200]=Oop [296]=Oop }
                      ;*invokevirtual set {reexecute=0 rethrow=0 return_oop=0}
                      ; - org.eclipse.e4.core.internal.contexts.EclipseContext::getCalculatedComputations@26 (line 737)
                      ; - org.eclipse.e4.core.internal.contexts.ContextObjectSupplier::pauseRecording@0 (line 214)
                      ; - org.eclipse.e4.core.internal.di.MethodRequestor::execute@49 (line 51)
  0x000001a099f8b2a8: d43a cd06 

  0x000001a099f8b2ac: ;   {other}
  0x000001a099f8b2ac: 0f1f 8400 | 1c0f 0004 | 488b 9424 | c800 0000 

  0x000001a099f8b2bc: ; implicit exception: dispatches to 0x000001a099f8c8a6
  0x000001a099f8b2bc: 483b 0248 

  0x000001a099f8b2c0: ;   {metadata(method data for {method} {0x000001a0f48e0080} 'pauseRecording' '()V' in 'org/eclipse/e4/core/internal/contexts/ContextObjectSupplier')}
  0x000001a099f8b2c0: 8bc2 49b8 | 1099 00f5 | a001 0000 | 4983 8038 | 0100 0001 

  0x000001a099f8b2d4: ;   {metadata(method data for {method} {0x000001a0f3937848} 'push' '(Ljava/lang/Object;)Ljava/lang/Object;' in 'java/util/Stack')}
  0x000001a099f8b2d4: 48b8 60a1 | b8f3 a001 | 0000 448b | 80cc 0000 | 0041 83c0 | 0244 8980 | cc00 0000 | 4181 e0fe 
  0x000001a099f8b2f4: ff1f 0045 | 85c0 0f84 | ab15 0000 

  0x000001a099f8b300: ;   {metadata(method data for {method} {0x000001a0f3937848} 'push' '(Ljava/lang/Object;)Ljava/lang/Object;' in 'java/util/Stack')}
  0x000001a099f8b300: 488b c249 | b860 a1b8 | f3a0 0100 | 008b 4008 | 49ba 0000 | 00b2 a001 | 0000 4903 | c249 3b80 
  0x000001a099f8b320: 2001 0000 | 750d 4983 | 8028 0100 | 0001 e960 | 0000 0049 | 3b80 3001 | 0000 750d | 4983 8038 
  0x000001a099f8b340: 0100 0001 | e94a 0000 | 0049 83b8 | 2001 0000 | 0075 1749 | 8980 2001 | 0000 49c7 | 8028 0100 
  0x000001a099f8b360: 0001 0000 | 00e9 2900 | 0000 4983 | b830 0100 | 0000 7517 | 4989 8030 | 0100 0049 | c780 3801 
  0x000001a099f8b380: 0000 0100 | 0000 e908 | 0000 0049 | 8380 1001 | 0000 014c | 8d84 2430 | 0100 0049 | 8950 0848 
  0x000001a099f8b3a0: 8b02 4883 | c801 4989 | 00f0 4c0f | b102 0f84 | 1200 0000 | 482b c448 | 2507 f0ff | ff49 8900 
  0x000001a099f8b3c0: 0f85 0615 | 0000 49ff | 8748 0500 

  0x000001a099f8b3cc: ;   {metadata(method data for {method} {0x000001a0f3194460} 'addElement' '(Ljava/lang/Object;)V' in 'java/util/Vector')}
  0x000001a099f8b3cc: 0049 b8f8 | 93b8 f3a0 | 0100 0041 | 8bb0 cc00 | 0000 83c6 | 0241 89b0 | cc00 0000 | 81e6 feff 
  0x000001a099f8b3ec: 1f00 85f6 | 0f84 e914 | 0000 448b | 420c 41ff | c044 8942 | 0c44 8b42 | 1849 c1e0 | 038b 7210 
  0x000001a099f8b40c: ;   {metadata(method data for {method} {0x000001a0f3194460} 'addElement' '(Ljava/lang/Object;)V' in 'java/util/Vector')}
  0x000001a099f8b40c: 488b fa48 | bbf8 93b8 | f3a0 0100 | 0048 8383 | 1001 0000 

  0x000001a099f8b420: ;   {metadata(method data for {method} {0x000001a0f3194bc0} 'add' '(Ljava/lang/Object;[Ljava/lang/Object;I)V' in 'java/util/Vector')}
  0x000001a099f8b420: 0148 bf88 | 95b8 f3a0 | 0100 008b | 9fcc 0000 | 0083 c302 | 899f cc00 | 0000 81e3 | feff 1f00 
  0x000001a099f8b440: 85db 0f84 | b814 0000 

  0x000001a099f8b448: ; implicit exception: dispatches to 0x000001a099f8c921
  0x000001a099f8b448: 418b 780c 

  0x000001a099f8b44c: ;   {metadata(method data for {method} {0x000001a0f3194bc0} 'add' '(Ljava/lang/Object;[Ljava/lang/Object;I)V' in 'java/util/Vector')}
  0x000001a099f8b44c: 3bf7 48bf | 8895 b8f3 | a001 0000 | 48c7 c310 | 0100 0075 | 0748 c7c3 | 2001 0000 | 488b 041f 
  0x000001a099f8b46c: 488d 4001 | 4889 041f | 0f85 9400 | 0000 4c8b 

  0x000001a099f8b47c: ;   {metadata(method data for {method} {0x000001a0f3194bc0} 'add' '(Ljava/lang/Object;[Ljava/lang/Object;I)V' in 'java/util/Vector')}
  0x000001a099f8b47c: c248 bf88 | 95b8 f3a0 | 0100 0048 | 8387 3001 

  0x000001a099f8b48c: ;   {metadata(method data for {method} {0x000001a0f31936f8} 'grow' '()[Ljava/lang/Object;' in 'java/util/Vector')}
  0x000001a099f8b48c: 0000 0149 | b880 97b8 | f3a0 0100 | 0041 8bb8 | cc00 0000 | 83c7 0241 | 89b8 cc00 | 0000 81e7 
  0x000001a099f8b4ac: feff 1f00 | 85ff 0f84 | 6e14 0000 

  0x000001a099f8b4b8: ;   {metadata(method data for {method} {0x000001a0f31936f8} 'grow' '()[Ljava/lang/Object;' in 'java/util/Vector')}
  0x000001a099f8b4b8: 4c8b c248 | bf80 97b8 | f3a0 0100 | 0048 8387 | 1001 0000 | 014c 8bc6 | 41ff c048 | 8bfa 488b 
  0x000001a099f8b4d8: d748 89bc | 24d8 0000 | 0089 b424 | d000 0000 | 0f1f 8000 

  0x000001a099f8b4ec: ;   {optimized virtual_call}
  0x000001a099f8b4ec: 0000 00e8 

  0x000001a099f8b4f0: ; ImmutableOopMap {[184]=Oop [192]=Oop [216]=Oop [296]=Oop [312]=Oop }
                      ;*invokevirtual grow {reexecute=0 rethrow=0 return_oop=0}
                      ; - java.util.Vector::grow@7
                      ; - java.util.Vector::add@7
                      ; - java.util.Vector::addElement@20
                      ; - java.util.Stack::push@2
                      ; - org.eclipse.e4.core.internal.contexts.ContextObjectSupplier::pauseRecording@6 (line 215)
                      ; - org.eclipse.e4.core.internal.di.MethodRequestor::execute@49 (line 51)
  0x000001a099f8b4f0: 8c35 cd06 

  0x000001a099f8b4f4: ;   {other}
  0x000001a099f8b4f4: 0f1f 8400 | 6411 0005 | 4c8b c08b | b424 d000 | 0000 488b | 9424 d800 

  0x000001a099f8b50c: ;   {oop(nullptr)}
  0x000001a099f8b50c: 0000 48b8 | 0000 0000 | 0000 0000 

  0x000001a099f8b518: ; implicit exception: dispatches to 0x000001a099f8c947
  0x000001a099f8b518: 413b 700c | 0f83 2f14 | 0000 4885 

  0x000001a099f8b524: ;   {metadata(method data for {method} {0x000001a0f3194bc0} 'add' '(Ljava/lang/Object;[Ljava/lang/Object;I)V' in 'java/util/Vector')}
  0x000001a099f8b524: c075 1648 | bb88 95b8 | f3a0 0100 | 0080 8b61 | 0100 0001 | e9f9 0000 | 0041 8b78 | 0849 ba00 
  0x000001a099f8b544: 0000 b2a0 | 0100 0049 | 03fa 8b58 | 0849 ba00 | 0000 b2a0 | 0100 0049 | 03da 488b | bfd0 0000 
  0x000001a099f8b564: 0048 3bdf | 0f84 2700 | 0000 8b4f | 1448 3b3c | 0b0f 841a | 0000 0083 | f920 0f85 | 9b00 0000 
  0x000001a099f8b584: ;   {runtime_call slow_subtype_check Runtime1 stub}
  0x000001a099f8b584: 5357 e8f5 | aad9 065b | 5f85 ff0f | 848a 0000 

  0x000001a099f8b594: ;   {metadata(method data for {method} {0x000001a0f3194bc0} 'add' '(Ljava/lang/Object;[Ljava/lang/Object;I)V' in 'java/util/Vector')}
  0x000001a099f8b594: 0048 bb88 | 95b8 f3a0 | 0100 008b | 7808 49ba | 0000 00b2 | a001 0000 | 4903 fa48 | 3bbb 7801 
  0x000001a099f8b5b4: 0000 750d | 4883 8380 | 0100 0001 | e971 0000 | 0048 3bbb | 8801 0000 | 750d 4883 | 8390 0100 
  0x000001a099f8b5d4: 0001 e95b | 0000 0048 | 83bb 7801 | 0000 0075 | 1748 89bb | 7801 0000 | 48c7 8380 | 0100 0001 
  0x000001a099f8b5f4: 0000 00e9 | 3a00 0000 | 4883 bb88 | 0100 0000 | 7517 4889 | bb88 0100 | 0048 c783 | 9001 0000 
  0x000001a099f8b614: 0100 0000 | e919 0000 

  0x000001a099f8b61c: ;   {metadata(method data for {method} {0x000001a0f3194bc0} 'add' '(Ljava/lang/Object;[Ljava/lang/Object;I)V' in 'java/util/Vector')}
  0x000001a099f8b61c: 00eb 1748 | bb88 95b8 | f3a0 0100 | 0048 83ab | 6801 0000 | 01e9 2e13 | 0000 4863 | fe49 8d7c 
  0x000001a099f8b63c: b810 410f | be5f 4085 | db0f 8522 | 1300 004c | 8bd0 49c1 | ea03 4489 | 1748 8bdf | 4833 d848 
  0x000001a099f8b65c: c1eb 1548 | 83fb 000f | 8522 1300 | 00ff c689 | 7210 488d | 8424 3001 | 0000 488b | 1048 85d2 
  0x000001a099f8b67c: 0f84 0f00 | 0000 488b | 7008 f048 | 0fb1 160f | 8512 1300 | 0049 ff8f | 4805 0000 | 488d 8424 
  0x000001a099f8b69c: 2001 0000 | 488b 1048 | 85d2 0f84 | 0f00 0000 | 488b 7008 | f048 0fb1 | 160f 85fe | 1200 0049 
  0x000001a099f8b6bc: ff8f 4805 | 0000 bf01 | 0000 0089 | bc24 d400 | 0000 488b | 9424 b800 | 0000 8b72 | 1448 c1e6 
  0x000001a099f8b6dc: 0348 85f6 

  0x000001a099f8b6e0: ;   {metadata(method data for {method} {0x000001a0f48e7f38} 'execute' '()Ljava/lang/Object;' in 'org/eclipse/e4/core/internal/di/MethodRequestor')}
  0x000001a099f8b6e0: 7516 48b8 | a059 75f5 | a001 0000 | 8088 6902 | 0000 01e9 | cc00 0000 

  0x000001a099f8b6f8: ;   {metadata('java/lang/reflect/Method')}
  0x000001a099f8b6f8: 48b9 a805 | 04b2 a001 | 0000 8b5e | 0849 ba00 | 0000 b2a0 | 0100 0049 | 03da 483b | cb0f 858d 
  0x000001a099f8b718: ;   {metadata(method data for {method} {0x000001a0f48e7f38} 'execute' '()Ljava/lang/Object;' in 'org/eclipse/e4/core/internal/di/MethodRequestor')}
  0x000001a099f8b718: 0000 0048 | b8a0 5975 | f5a0 0100 | 008b 4e08 | 49ba 0000 | 00b2 a001 | 0000 4903 | ca48 3b88 
  0x000001a099f8b738: 8002 0000 | 750d 4883 | 8088 0200 | 0001 e979 | 0000 0048 | 3b88 9002 | 0000 750d | 4883 8098 
  0x000001a099f8b758: 0200 0001 | e963 0000 | 0048 83b8 | 8002 0000 | 0075 1748 | 8988 8002 | 0000 48c7 | 8088 0200 
  0x000001a099f8b778: 0001 0000 | 00e9 4200 | 0000 4883 | b890 0200 | 0000 7517 | 4889 8890 | 0200 0048 | c780 9802 
  0x000001a099f8b798: 0000 0100 | 0000 e921 | 0000 00e9 | 1c00 0000 

  0x000001a099f8b7a8: ;   {metadata(method data for {method} {0x000001a0f48e7f38} 'execute' '()Ljava/lang/Object;' in 'org/eclipse/e4/core/internal/di/MethodRequestor')}
  0x000001a099f8b7a8: 48b8 a059 | 75f5 a001 | 0000 4883 | a870 0200 | 0001 e910 | 1200 00e9 | 0000 0000 

  0x000001a099f8b7c4: ; implicit exception: dispatches to 0x000001a099f8c9d8
  0x000001a099f8b7c4: 483b 0648 

  0x000001a099f8b7c8: ;   {metadata(method data for {method} {0x000001a0f48e7f38} 'execute' '()Ljava/lang/Object;' in 'org/eclipse/e4/core/internal/di/MethodRequestor')}
  0x000001a099f8b7c8: 8bde 48b8 | a059 75f5 | a001 0000 | 4883 80a8 | 0200 0001 

  0x000001a099f8b7dc: ;   {optimized virtual_call}
  0x000001a099f8b7dc: 488b d6e8 

  0x000001a099f8b7e0: ; ImmutableOopMap {[184]=Oop [192]=Oop }
                      ;*invokevirtual trySetAccessible {reexecute=0 rethrow=0 return_oop=0}
                      ; - org.eclipse.e4.core.internal.di.MethodRequestor::execute@61 (line 55)
  0x000001a099f8b7e0: 9c34 caff 

  0x000001a099f8b7e4: ;   {other}
  0x000001a099f8b7e4: 0f1f 8400 | 5414 0006 | 488b 9424 | b800 0000 | 8b72 1448 | c1e6 0348 | 85f6 7516 

  0x000001a099f8b800: ;   {metadata(method data for {method} {0x000001a0f48e7f38} 'execute' '()Ljava/lang/Object;' in 'org/eclipse/e4/core/internal/di/MethodRequestor')}
  0x000001a099f8b800: 48bb a059 | 75f5 a001 | 0000 808b | d902 0000 | 01e9 cc00 

  0x000001a099f8b814: ;   {metadata('java/lang/reflect/Method')}
  0x000001a099f8b814: 0000 48b8 | a805 04b2 | a001 0000 | 8b7e 0849 | ba00 0000 | b2a0 0100 | 0049 03fa | 483b c70f 
  0x000001a099f8b834: 858d 0000 

  0x000001a099f8b838: ;   {metadata(method data for {method} {0x000001a0f48e7f38} 'execute' '()Ljava/lang/Object;' in 'org/eclipse/e4/core/internal/di/MethodRequestor')}
  0x000001a099f8b838: 0048 bba0 | 5975 f5a0 | 0100 008b | 4608 49ba | 0000 00b2 | a001 0000 | 4903 c248 | 3b83 f002 
  0x000001a099f8b858: 0000 750d | 4883 83f8 | 0200 0001 | e979 0000 | 0048 3b83 | 0003 0000 | 750d 4883 | 8308 0300 
  0x000001a099f8b878: 0001 e963 | 0000 0048 | 83bb f002 | 0000 0075 | 1748 8983 | f002 0000 | 48c7 83f8 | 0200 0001 
  0x000001a099f8b898: 0000 00e9 | 4200 0000 | 4883 bb00 | 0300 0000 | 7517 4889 | 8300 0300 | 0048 c783 | 0803 0000 
  0x000001a099f8b8b8: 0100 0000 | e921 0000 | 00e9 1c00 

  0x000001a099f8b8c4: ;   {metadata(method data for {method} {0x000001a0f48e7f38} 'execute' '()Ljava/lang/Object;' in 'org/eclipse/e4/core/internal/di/MethodRequestor')}
  0x000001a099f8b8c4: 0000 48bb | a059 75f5 | a001 0000 | 4883 abe0 | 0200 0001 | e900 1100 | 00e9 0000 | 0000 4889 
  0x000001a099f8b8e4: b424 e000 | 0000 8b7a | 2848 c1e7 | 0348 3b06 

  0x000001a099f8b8f4: ;   {metadata(method data for {method} {0x000001a0f48e7f38} 'execute' '()Ljava/lang/Object;' in 'org/eclipse/e4/core/internal/di/MethodRequestor')}
  0x000001a099f8b8f4: 488b de48 | b8a0 5975 | f5a0 0100 | 0048 8380 | 1803 0000 

  0x000001a099f8b908: ;   {metadata(method data for {method} {0x000001a0b2043cd8} 'invoke' '(Ljava/lang/Object;[Ljava/lang/Object;)Ljava/lang/Object;' in 'java/lang/reflect/Method')}
  0x000001a099f8b908: 0148 bbd0 | 7536 f3a0 | 0100 008b | 83cc 0000 | 0083 c002 | 8983 cc00 | 0000 25fe | ff1f 0085 
  0x000001a099f8b928: c00f 84bc | 1000 0048 

  0x000001a099f8b930: ;   {metadata(method data for {method} {0x000001a0b2043cd8} 'invoke' '(Ljava/lang/Object;[Ljava/lang/Object;)Ljava/lang/Object;' in 'java/lang/reflect/Method')}
  0x000001a099f8b930: 8bde 48b8 | d075 36f3 | a001 0000 | 4883 8010 | 0100 0001 | 488b d648 | 89bc 24e8 

  0x000001a099f8b94c: ;   {optimized virtual_call}
  0x000001a099f8b94c: 0000 00e8 

  0x000001a099f8b950: ; ImmutableOopMap {[184]=Oop [192]=Oop [224]=Oop [232]=Oop }
                      ;*invokevirtual isCallerSensitive {reexecute=0 rethrow=0 return_oop=0}
                      ; - java.lang.reflect.Method::invoke@1
                      ; - org.eclipse.e4.core.internal.di.MethodRequestor::execute@77 (line 56)
  0x000001a099f8b950: acd5 b3ff 

  0x000001a099f8b954: ;   {other}
  0x000001a099f8b954: 0f1f 8400 | c415 0007 | 488b b424 | e000 0000 | 0fbe 7e0c 

  0x000001a099f8b968: ;   {metadata(method data for {method} {0x000001a0b2043cd8} 'invoke' '(Ljava/lang/Object;[Ljava/lang/Object;)Ljava/lang/Object;' in 'java/lang/reflect/Method')}
  0x000001a099f8b968: 85ff 48bf | d075 36f3 | a001 0000 | 48c7 c348 | 0100 0074 | 0748 c7c3 | 5801 0000 | 488b 141f 
  0x000001a099f8b988: 488d 5201 | 4889 141f | 0f84 4400 | 0000 85c0 

  0x000001a099f8b998: ;   {metadata(method data for {method} {0x000001a0b2043cd8} 'invoke' '(Ljava/lang/Object;[Ljava/lang/Object;)Ljava/lang/Object;' in 'java/lang/reflect/Method')}
  0x000001a099f8b998: 48bf d075 | 36f3 a001 | 0000 48c7 | c378 0100 | 0075 0748 | c7c3 6801 | 0000 488b | 141f 488d 
  0x000001a099f8b9b8: 5201 4889 | 141f 0f85 | 1600 0000 

  0x000001a099f8b9c4: ;   {oop(nullptr)}
  0x000001a099f8b9c4: 48bb 0000 | 0000 0000 | 0000 8984 | 24f0 0000 | 00e9 3500 | 0000 8984 | 24f0 0000 

  0x000001a099f8b9e0: ;   {metadata(method data for {method} {0x000001a0b2043cd8} 'invoke' '(Ljava/lang/Object;[Ljava/lang/Object;)Ljava/lang/Object;' in 'java/lang/reflect/Method')}
  0x000001a099f8b9e0: 0048 bfd0 | 7536 f3a0 | 0100 0048 | 8387 8801 | 0000 010f 

  0x000001a099f8b9f4: ;   {static_call}
  0x000001a099f8b9f4: 1f40 00e8 

  0x000001a099f8b9f8: ; ImmutableOopMap {[184]=Oop [192]=Oop [224]=Oop [232]=Oop }
                      ;*invokestatic getCallerClass {reexecute=0 rethrow=0 return_oop=0}
                      ; - java.lang.reflect.Method::invoke@19
                      ; - org.eclipse.e4.core.internal.di.MethodRequestor::execute@77 (line 56)
  0x000001a099f8b9f8: 8436 cd06 

  0x000001a099f8b9fc: ;   {other}
  0x000001a099f8b9fc: 0f1f 8400 | 6c16 0008 | 488b d848 | 8bb4 24e0 | 0000 0044 | 0fbe 460c 

  0x000001a099f8ba14: ;   {metadata(method data for {method} {0x000001a0b2043cd8} 'invoke' '(Ljava/lang/Object;[Ljava/lang/Object;)Ljava/lang/Object;' in 'java/lang/reflect/Method')}
  0x000001a099f8ba14: 4585 c049 | b8d0 7536 | f3a0 0100 | 0049 c7c1 | a801 0000 | 7407 49c7 | c198 0100 | 004b 8b3c 
  0x000001a099f8ba34: 0848 8d7f | 014b 893c | 080f 840d | 0000 0048 | 899c 24f8 | 0000 00e9 | 7401 0000 | 448b 4e24 
  0x000001a099f8ba54: 49c1 e103 

  0x000001a099f8ba58: ;   {metadata(method data for {method} {0x000001a0b2043cd8} 'invoke' '(Ljava/lang/Object;[Ljava/lang/Object;)Ljava/lang/Object;' in 'java/lang/reflect/Method')}
  0x000001a099f8ba58: 8b56 2049 | b8d0 7536 | f3a0 0100 | 0049 8380 | b801 0000 

  0x000001a099f8ba6c: ;   {metadata(method data for {method} {0x000001a0b23dc098} 'isStatic' '(I)Z' in 'java/lang/reflect/Modifier')}
  0x000001a099f8ba6c: 0149 b870 | 3906 f3a0 | 0100 0041 | 8bb8 cc00 | 0000 83c7 | 0241 89b8 | cc00 0000 | 81e7 feff 
  0x000001a099f8ba8c: 1f00 85ff | 0f84 760f | 0000 4c8b | c241 83e0 | 0845 85c0 

  0x000001a099f8baa0: ;   {metadata(method data for {method} {0x000001a0b23dc098} 'isStatic' '(I)Z' in 'java/lang/reflect/Modifier')}
  0x000001a099f8baa0: 49b8 7039 | 06f3 a001 | 0000 48c7 | c710 0100 | 0074 0748 | c7c7 2001 | 0000 498b | 0438 488d 
  0x000001a099f8bac0: 4001 4989 | 0438 0f84 | 1c00 0000 

  0x000001a099f8bacc: ;   {metadata(method data for {method} {0x000001a0b23dc098} 'isStatic' '(I)Z' in 'java/lang/reflect/Modifier')}
  0x000001a099f8bacc: 49b8 7039 | 06f3 a001 | 0000 41ff | 8030 0100 | 0041 b801 | 0000 00e9 | 0600 0000 | 41b8 0000 
  0x000001a099f8baec: 0000 4183 | e001 4585 

  0x000001a099f8baf4: ;   {metadata(method data for {method} {0x000001a0b2043cd8} 'invoke' '(Ljava/lang/Object;[Ljava/lang/Object;)Ljava/lang/Object;' in 'java/lang/reflect/Method')}
  0x000001a099f8baf4: c049 b8d0 | 7536 f3a0 | 0100 0048 | c7c7 c801 | 0000 7407 | 48c7 c7d8 | 0100 0049 | 8b04 3848 
  0x000001a099f8bb14: 8d40 0149 | 8904 380f | 8420 0000 

  0x000001a099f8bb20: ;   {metadata(method data for {method} {0x000001a0b2043cd8} 'invoke' '(Ljava/lang/Object;[Ljava/lang/Object;)Ljava/lang/Object;' in 'java/lang/reflect/Method')}
  0x000001a099f8bb20: 0049 b8d0 | 7536 f3a0 | 0100 0041 | ff80 e801 

  0x000001a099f8bb30: ;   {oop(nullptr)}
  0x000001a099f8bb30: 0000 48bf | 0000 0000 | 0000 0000 | e943 0000 | 0048 8b84 | 24c0 0000 | 0048 3b00 

  0x000001a099f8bb4c: ;   {metadata(method data for {method} {0x000001a0b2043cd8} 'invoke' '(Ljava/lang/Object;[Ljava/lang/Object;)Ljava/lang/Object;' in 'java/lang/reflect/Method')}
  0x000001a099f8bb4c: 4c8b c048 | bfd0 7536 | f3a0 0100 | 0048 8387 | 0002 0000 | 0144 8b40 | 0849 ba00 | 0000 b2a0 
  0x000001a099f8bb6c: 0100 004d | 03c2 4d8b | 4070 4d8b | 0049 8bf8 | 4889 8424 | c000 0000 

  0x000001a099f8bb84: ;   {metadata(method data for {method} {0x000001a0b2043cd8} 'invoke' '(Ljava/lang/Object;[Ljava/lang/Object;)Ljava/lang/Object;' in 'java/lang/reflect/Method')}
  0x000001a099f8bb84: 4c8b c648 | b9d0 7536 | f3a0 0100 | 0048 8381 | 3802 0000 | 014c 8bc3 | 488b ce48 | 8bf2 488b 
  0x000001a099f8bba4: d148 899c | 24f8 0000 

  0x000001a099f8bbac: ;   {optimized virtual_call}
  0x000001a099f8bbac: 0066 90e8 

  0x000001a099f8bbb0: ; ImmutableOopMap {[184]=Oop [192]=Oop [224]=Oop [232]=Oop [248]=Oop }
                      ;*invokevirtual checkAccess {reexecute=0 rethrow=0 return_oop=0}
                      ; - java.lang.reflect.Method::invoke@60
                      ; - org.eclipse.e4.core.internal.di.MethodRequestor::execute@77 (line 56)
  0x000001a099f8bbb0: cc2e cd06 

  0x000001a099f8bbb4: ;   {other}
  0x000001a099f8bbb4: 0f1f 8400 | 2418 0009 | 488b b424 | e000 0000 | 8b56 4c48 | c1e2 0348 

  0x000001a099f8bbcc: ;   {metadata(method data for {method} {0x000001a0b2043cd8} 'invoke' '(Ljava/lang/Object;[Ljava/lang/Object;)Ljava/lang/Object;' in 'java/lang/reflect/Method')}
  0x000001a099f8bbcc: 85d2 48bf | d075 36f3 | a001 0000 | 48c7 c370 | 0200 0075 | 0748 c7c3 | 8002 0000 | 488b 041f 
  0x000001a099f8bbec: 488d 4001 | 4889 041f | 0f85 2d00 | 0000 488b 

  0x000001a099f8bbfc: ;   {metadata(method data for {method} {0x000001a0b2043cd8} 'invoke' '(Ljava/lang/Object;[Ljava/lang/Object;)Ljava/lang/Object;' in 'java/lang/reflect/Method')}
  0x000001a099f8bbfc: d648 bfd0 | 7536 f3a0 | 0100 0048 | 8387 9002 | 0000 0148 | 8bd6 0f1f 

  0x000001a099f8bc14: ;   {optimized virtual_call}
  0x000001a099f8bc14: 4400 00e8 

  0x000001a099f8bc18: ; ImmutableOopMap {[184]=Oop [192]=Oop [232]=Oop [248]=Oop }
                      ;*invokevirtual acquireMethodAccessor {reexecute=0 rethrow=0 return_oop=0}
                      ; - java.lang.reflect.Method::invoke@75
                      ; - org.eclipse.e4.core.internal.di.MethodRequestor::execute@77 (line 56)
  0x000001a099f8bc18: ba12 0000 

  0x000001a099f8bc1c: ;   {other}
  0x000001a099f8bc1c: 0f1f 8400 | 8c18 000a | 488b d08b | 8424 f000 | 0000 85c0 

  0x000001a099f8bc30: ;   {metadata(method data for {method} {0x000001a0b2043cd8} 'invoke' '(Ljava/lang/Object;[Ljava/lang/Object;)Ljava/lang/Object;' in 'java/lang/reflect/Method')}
  0x000001a099f8bc30: 49b8 d075 | 36f3 a001 | 0000 49c7 | c1c8 0200 | 0074 0749 | c7c1 d802 | 0000 4b8b | 3c08 488d 
  0x000001a099f8bc50: 7f01 4b89 | 3c08 0f84 | e600 0000 | 488b 9c24 | f800 0000 

  0x000001a099f8bc64: ; implicit exception: dispatches to 0x000001a099f8ca32
  0x000001a099f8bc64: 483b 024c 

  0x000001a099f8bc68: ;   {metadata(method data for {method} {0x000001a0b2043cd8} 'invoke' '(Ljava/lang/Object;[Ljava/lang/Object;)Ljava/lang/Object;' in 'java/lang/reflect/Method')}
  0x000001a099f8bc68: 8bc2 49b9 | d075 36f3 | a001 0000 | 458b 4008 | 49ba 0000 | 00b2 a001 | 0000 4d03 | c24d 3b81 
  0x000001a099f8bc88: f802 0000 | 750d 4983 | 8100 0300 | 0001 e960 | 0000 004d | 3b81 0803 | 0000 750d | 4983 8110 
  0x000001a099f8bca8: 0300 0001 | e94a 0000 | 0049 83b9 | f802 0000 | 0075 174d | 8981 f802 | 0000 49c7 | 8100 0300 
  0x000001a099f8bcc8: 0001 0000 | 00e9 2900 | 0000 4983 | b908 0300 | 0000 7517 | 4d89 8108 | 0300 0049 | c781 1003 
  0x000001a099f8bce8: 0000 0100 | 0000 e908 | 0000 0049 | 8381 e802 | 0000 014c | 8b84 24c0 | 0000 004c | 8b8c 24e8 
  0x000001a099f8bd08: 0000 0048 | 8bfb 0f1f | 8000 0000 | 0048 b8ff | ffff ffff 

  0x000001a099f8bd1c: ;   {virtual_call}
  0x000001a099f8bd1c: ffff ffe8 

  0x000001a099f8bd20: ; ImmutableOopMap {[184]=Oop }
                      ;*invokeinterface invoke {reexecute=0 rethrow=0 return_oop=0}
                      ; - java.lang.reflect.Method::invoke@90
                      ; - org.eclipse.e4.core.internal.di.MethodRequestor::execute@77 (line 56)
  0x000001a099f8bd20: 5c30 cd06 

  0x000001a099f8bd24: ;   {other}
  0x000001a099f8bd24: 0f1f 8400 | 9419 000b 

  0x000001a099f8bd2c: ;   {metadata(method data for {method} {0x000001a0b2043cd8} 'invoke' '(Ljava/lang/Object;[Ljava/lang/Object;)Ljava/lang/Object;' in 'java/lang/reflect/Method')}
  0x000001a099f8bd2c: 49b8 d075 | 36f3 a001 | 0000 41ff | 8020 0300 | 00e9 c200 | 0000 488b | bc24 e800 | 0000 483b 
  0x000001a099f8bd4c: 024c 8bc2 

  0x000001a099f8bd50: ;   {metadata(method data for {method} {0x000001a0b2043cd8} 'invoke' '(Ljava/lang/Object;[Ljava/lang/Object;)Ljava/lang/Object;' in 'java/lang/reflect/Method')}
  0x000001a099f8bd50: 49b9 d075 | 36f3 a001 | 0000 458b | 4008 49ba | 0000 00b2 | a001 0000 | 4d03 c24d | 3b81 4803 
  0x000001a099f8bd70: 0000 750d | 4983 8150 | 0300 0001 | e960 0000 | 004d 3b81 | 5803 0000 | 750d 4983 | 8160 0300 
  0x000001a099f8bd90: 0001 e94a | 0000 0049 | 83b9 4803 | 0000 0075 | 174d 8981 | 4803 0000 | 49c7 8150 | 0300 0001 
  0x000001a099f8bdb0: 0000 00e9 | 2900 0000 | 4983 b958 | 0300 0000 | 7517 4d89 | 8158 0300 | 0049 c781 | 6003 0000 
  0x000001a099f8bdd0: 0100 0000 | e908 0000 | 0049 8381 | 3803 0000 | 014c 8b84 | 24c0 0000 | 004c 8bcf | 9048 b8b8 
  0x000001a099f8bdf0: dc19 b2a0 

  0x000001a099f8bdf4: ;   {virtual_call}
  0x000001a099f8bdf4: 0100 00e8 

  0x000001a099f8bdf8: ; ImmutableOopMap {[184]=Oop }
                      ;*invokeinterface invoke {reexecute=0 rethrow=0 return_oop=0}
                      ; - java.lang.reflect.Method::invoke@102
                      ; - org.eclipse.e4.core.internal.di.MethodRequestor::execute@77 (line 56)
  0x000001a099f8bdf8: e470 b4ff 

  0x000001a099f8bdfc: ;   {other}
  0x000001a099f8bdfc: 0f1f 8400 | 6c1a 000c 

  0x000001a099f8be04: ;   {metadata(method data for {method} {0x000001a0f48e7f38} 'execute' '()Ljava/lang/Object;' in 'org/eclipse/e4/core/internal/di/MethodRequestor')}
  0x000001a099f8be04: 48ba a059 | 75f5 a001 | 0000 ff82 | 5003 0000 | 8bbc 24d4 | 0000 0085 

  0x000001a099f8be1c: ;   {metadata(method data for {method} {0x000001a0f48e7f38} 'execute' '()Ljava/lang/Object;' in 'org/eclipse/e4/core/internal/di/MethodRequestor')}
  0x000001a099f8be1c: ff48 baa0 | 5975 f5a0 | 0100 0048 | c7c6 1805 | 0000 7407 | 48c7 c628 | 0500 0048 | 8b3c 3248 
  0x000001a099f8be3c: 8d7f 0148 | 893c 3248 | 8984 2400 | 0100 000f | 844b 0000 | 0048 8b94 | 24b8 0000 | 008b 7220 
  0x000001a099f8be5c: 48c1 e603 

  0x000001a099f8be60: ; implicit exception: dispatches to 0x000001a099f8ca3c
  0x000001a099f8be60: 483b 0648 

  0x000001a099f8be64: ;   {metadata(method data for {method} {0x000001a0f48e7f38} 'execute' '()Ljava/lang/Object;' in 'org/eclipse/e4/core/internal/di/MethodRequestor')}
  0x000001a099f8be64: 8bfe 48bb | a059 75f5 | a001 0000 

  0x000001a099f8be70: ;   {metadata('org/eclipse/e4/core/internal/contexts/ContextObjectSupplier')}
  0x000001a099f8be70: 49ba 7078 | 30b3 a001 | 0000 4c89 | 9348 0500 | 0048 8383 | 5005 0000 | 0148 8bd6 

  0x000001a099f8be8c: ;   {optimized virtual_call}
  0x000001a099f8be8c: 6666 90e8 

  0x000001a099f8be90: ; ImmutableOopMap {[184]=Oop [256]=Oop }
                      ;*invokevirtual resumeRecording {reexecute=0 rethrow=0 return_oop=0}
                      ; - org.eclipse.e4.core.internal.di.MethodRequestor::execute@167 (line 69)
  0x000001a099f8be90: ecdf b6ff 

  0x000001a099f8be94: ;   {other}
  0x000001a099f8be94: 0f1f 8400 | 041b 000d | 488b 9424 | b800 0000 

  0x000001a099f8bea4: ;   {metadata(method data for {method} {0x000001a0f48e7f38} 'execute' '()Ljava/lang/Object;' in 'org/eclipse/e4/core/internal/di/MethodRequestor')}
  0x000001a099f8bea4: 488b c248 | bea0 5975 | f5a0 0100 | 008b 4008 | 49ba 0000 | 00b2 a001 | 0000 4903 | c248 3b86 
  0x000001a099f8bec4: 8005 0000 | 750d 4883 | 8688 0500 | 0001 e960 | 0000 0048 | 3b86 9005 | 0000 750d | 4883 8698 
  0x000001a099f8bee4: 0500 0001 | e94a 0000 | 0048 83be | 8005 0000 | 0075 1748 | 8986 8005 | 0000 48c7 | 8688 0500 
  0x000001a099f8bf04: 0001 0000 | 00e9 2900 | 0000 4883 | be90 0500 | 0000 7517 | 4889 8690 | 0500 0048 | c786 9805 
  0x000001a099f8bf24: 0000 0100 | 0000 e908 | 0000 0048 | 8386 7005 

  0x000001a099f8bf34: ;   {metadata(method data for {method} {0x000001a0f48e78b8} 'clearResolvedArgs' '()V' in 'org/eclipse/e4/core/internal/di/Requestor')}
  0x000001a099f8bf34: 0000 0148 | b8d0 4275 | f5a0 0100 | 008b b0cc | 0000 0083 | c602 89b0 | cc00 0000 | 81e6 feff 
  0x000001a099f8bf54: 1f00 85f6 | 0f84 e30a | 0000 448b | 4228 49c1 | e003 4d85 

  0x000001a099f8bf68: ;   {metadata(method data for {method} {0x000001a0f48e78b8} 'clearResolvedArgs' '()V' in 'org/eclipse/e4/core/internal/di/Requestor')}
  0x000001a099f8bf68: c048 b8d0 | 4275 f5a0 | 0100 0048 | c7c6 1001 | 0000 7507 | 48c7 c620 | 0100 0048 | 8b3c 3048 
  0x000001a099f8bf88: 8d7f 0148 | 893c 300f | 852c 0200 | 00e9 7602 | 0000 488b | 9424 b800 | 0000 498b | 87f8 0400 
  0x000001a099f8bfa8: 004d 33d2 | 4d89 97f8 | 0400 004d | 33d2 4d89 | 9700 0500 | 0048 8bd8 

  0x000001a099f8bfc0: ;   {metadata(method data for {method} {0x000001a0f48e7f38} 'execute' '()Ljava/lang/Object;' in 'org/eclipse/e4/core/internal/di/MethodRequestor')}
  0x000001a099f8bfc0: 488b f348 | b8a0 5975 | f5a0 0100 

  0x000001a099f8bfcc: ;   {metadata('java/lang/reflect/InvocationTargetException')}
  0x000001a099f8bfcc: 0049 baf0 | 4e04 b3a0 | 0100 004c | 8990 8803 | 0000 4883 | 8090 0300 | 0001 448b | 4324 49c1 
  0x000001a099f8bfec: e003 4d85 

  0x000001a099f8bff0: ;   {metadata(method data for {method} {0x000001a0f48e7f38} 'execute' '()Ljava/lang/Object;' in 'org/eclipse/e4/core/internal/di/MethodRequestor')}
  0x000001a099f8bff0: c075 1648 | b9a0 5975 | f5a0 0100 | 0080 89a9 | 0300 0001 | e9cf 0000 

  0x000001a099f8c008: ;   {metadata('java/lang/Error')}
  0x000001a099f8c008: 0049 b9c8 | 0701 b2a0 | 0100 0041 | 8b48 0849 | ba00 0000 | b2a0 0100 | 0049 03ca | 4c3b 4940 
  0x000001a099f8c028: 0f85 8e00 

  0x000001a099f8c02c: ;   {metadata(method data for {method} {0x000001a0f48e7f38} 'execute' '()Ljava/lang/Object;' in 'org/eclipse/e4/core/internal/di/MethodRequestor')}
  0x000001a099f8c02c: 0000 48b9 | a059 75f5 | a001 0000 | 458b 4808 | 49ba 0000 | 00b2 a001 | 0000 4d03 | ca4c 3b89 
  0x000001a099f8c04c: c003 0000 | 750d 4883 | 81c8 0300 | 0001 e97e | 0000 004c | 3b89 d003 | 0000 750d | 4883 81d8 
  0x000001a099f8c06c: 0300 0001 | e968 0000 | 0048 83b9 | c003 0000 | 0075 174c | 8989 c003 | 0000 48c7 | 81c8 0300 
  0x000001a099f8c08c: 0001 0000 | 00e9 4700 | 0000 4883 | b9d0 0300 | 0000 7517 | 4c89 89d0 | 0300 0048 | c781 d803 
  0x000001a099f8c0ac: 0000 0100 | 0000 e926 | 0000 00e9 | 2100 0000 

  0x000001a099f8c0bc: ;   {metadata(method data for {method} {0x000001a0f48e7f38} 'execute' '()Ljava/lang/Object;' in 'org/eclipse/e4/core/internal/di/MethodRequestor')}
  0x000001a099f8c0bc: 48b9 a059 | 75f5 a001 | 0000 4883 | a9b0 0300 | 0001 e905 | 0000 00e9 | 0500 0000 | 4833 f6eb 
  0x000001a099f8c0dc: 0748 c7c6 | 0100 0000 

  0x000001a099f8c0e4: ;   {metadata(method data for {method} {0x000001a0f48e7f38} 'execute' '()Ljava/lang/Object;' in 'org/eclipse/e4/core/internal/di/MethodRequestor')}
  0x000001a099f8c0e4: 85f6 48be | a059 75f5 | a001 0000 | 48c7 c0f8 | 0300 0075 | 0748 c7c0 | e803 0000 | 488b 0c06 
  0x000001a099f8c104: 488d 4901 | 4889 0c06 | 89bc 24d4 | 0000 000f | 85b3 0100 | 000f 1f80 | 0000 0000 

  0x000001a099f8c120: ;   {no_reloc}
  0x000001a099f8c120: e94c 0900 | 0000 0000 | 0000 80ba | 2101 0000 | 040f 8549 | 0900 0049 | 8b87 b801 | 0000 488d 
  0x000001a099f8c140: 7828 493b | bfc8 0100 | 000f 8731 | 0900 0049 | 89bf b801 | 0000 48c7 | 0001 0000 | 0048 8bca 
  0x000001a099f8c160: 49ba 0000 | 00b2 a001 | 0000 492b | ca89 4808 | 4833 c989 | 480c 4833 | c948 8948 | 1048 8948 
  0x000001a099f8c180: 1848 8948 | 204d 85c0 

  0x000001a099f8c188: ;   {metadata(method data for {method} {0x000001a0f48e7f38} 'execute' '()Ljava/lang/Object;' in 'org/eclipse/e4/core/internal/di/MethodRequestor')}
  0x000001a099f8c188: 48ba a059 | 75f5 a001 | 0000 48c7 | c640 0400 | 0074 0748 | c7c6 5004 | 0000 488b | 3c32 488d 
  0x000001a099f8c1a8: 7f01 4889 | 3c32 488b | 9424 b800 | 0000 0f84 | c700 0000 | e9ad 0000 

  0x000001a099f8c1c0: ;   {metadata(method data for {method} {0x000001a0f48e78b8} 'clearResolvedArgs' '()V' in 'org/eclipse/e4/core/internal/di/Requestor')}
  0x000001a099f8c1c0: 0048 bed0 | 4275 f5a0 | 0100 0048 | 8386 3001 | 0000 0149 

  0x000001a099f8c1d4: ;   {oop(nullptr)}
  0x000001a099f8c1d4: 8bd0 49b8 | 0000 0000 | 0000 0000 | 0f1f 8000 

  0x000001a099f8c1e4: ;   {static_call}
  0x000001a099f8c1e4: 0000 00e8 

  0x000001a099f8c1e8: ; ImmutableOopMap {[184]=Oop [256]=Oop }
                      ;*invokestatic fill {reexecute=0 rethrow=0 return_oop=0}
                      ; - org.eclipse.e4.core.internal.di.Requestor::clearResolvedArgs@13 (line 195)
                      ; - org.eclipse.e4.core.internal.di.MethodRequestor::execute@171 (line 70)
  0x000001a099f8c1e8: d4f8 8400 

  0x000001a099f8c1ec: ;   {other}
  0x000001a099f8c1ec: 0f1f 8400 | 5c1e 000e | 410f be47 | 4085 c048 | 8b94 24b8 | 0000 000f | 8584 0800 | 00c7 4228 
  0x000001a099f8c20c: 0000 0000 | 488b 8424 | 0001 0000 | 4881 c450 | 0100 005d 

  0x000001a099f8c220: ;   {poll_return}
  0x000001a099f8c220: 493b a748 | 0400 000f | 877f 0800 

  0x000001a099f8c22c: ;   {oop(nullptr)}
  0x000001a099f8c22c: 00c3 48b8 | 0000 0000 | 0000 0000 | 4881 c450 | 0100 005d 

  0x000001a099f8c240: ;   {poll_return}
  0x000001a099f8c240: 493b a748 | 0400 000f | 8775 0800 

  0x000001a099f8c24c: ;   {oop(nullptr)}
  0x000001a099f8c24c: 00c3 48b8 | 0000 0000 | 0000 0000 | 4881 c450 | 0100 005d 

  0x000001a099f8c260: ;   {poll_return}
  0x000001a099f8c260: 493b a748 | 0400 000f | 876b 0800 

  0x000001a099f8c26c: ;   {metadata(method data for {method} {0x000001a0f48e7f38} 'execute' '()Ljava/lang/Object;' in 'org/eclipse/e4/core/internal/di/MethodRequestor')}
  0x000001a099f8c26c: 00c3 48be | a059 75f5 | a001 0000 | ff86 6004 | 0000 e903 | 0000 004c | 8bc3 488b 

  0x000001a099f8c288: ;   {metadata(method data for {method} {0x000001a0f48e7f38} 'execute' '()Ljava/lang/Object;' in 'org/eclipse/e4/core/internal/di/MethodRequestor')}
  0x000001a099f8c288: f048 bba0 | 5975 f5a0 | 0100 0048 | 8383 7804 | 0000 0148 | 8bd0 4889 | 8424 0801 

  0x000001a099f8c2a4: ;   {optimized virtual_call}
  0x000001a099f8c2a4: 0000 90e8 

  0x000001a099f8c2a8: ; ImmutableOopMap {[184]=Oop [264]=Oop }
                      ;*invokespecial <init> {reexecute=0 rethrow=0 return_oop=0}
                      ; - org.eclipse.e4.core.internal.di.MethodRequestor::execute@135 (line 66)
  0x000001a099f8c2a8: d427 cd06 

  0x000001a099f8c2ac: ;   {other}
  0x000001a099f8c2ac: 0f1f 8400 | 1c1f 000f | 488b 8424 

  0x000001a099f8c2b8: ; ImmutableOopMap {rax=Oop [184]=Oop }
                      ;*athrow {reexecute=1 rethrow=0 return_oop=0}
                      ; - (reexecute) org.eclipse.e4.core.internal.di.MethodRequestor::execute@138 (line 66)
  0x000001a099f8c2b8: 0801 0000 

  0x000001a099f8c2bc: ;   {section_word}
  0x000001a099f8c2bc: 48ba bcc2 | f899 a001 

  0x000001a099f8c2c4: ;   {runtime_call handle_exception_nofpu Runtime1 stub}
  0x000001a099f8c2c4: 0000 e8b5 | 82d9 0690 | 4d85 c075 

  0x000001a099f8c2d0: ;   {metadata(method data for {method} {0x000001a0f48e7f38} 'execute' '()Ljava/lang/Object;' in 'org/eclipse/e4/core/internal/di/MethodRequestor')}
  0x000001a099f8c2d0: 1648 bea0 | 5975 f5a0 | 0100 0080 | 8e01 0400 | 0001 e9cf 

  0x000001a099f8c2e4: ;   {metadata('java/lang/Error')}
  0x000001a099f8c2e4: 0000 0048 | bfc8 0701 | b2a0 0100 | 0041 8b70 | 0849 ba00 | 0000 b2a0 | 0100 0049 | 03f2 483b 
  0x000001a099f8c304: 7e40 0f85 | 8e00 0000 

  0x000001a099f8c30c: ;   {metadata(method data for {method} {0x000001a0f48e7f38} 'execute' '()Ljava/lang/Object;' in 'org/eclipse/e4/core/internal/di/MethodRequestor')}
  0x000001a099f8c30c: 48be a059 | 75f5 a001 | 0000 418b | 7808 49ba | 0000 00b2 | a001 0000 | 4903 fa48 | 3bbe 1804 
  0x000001a099f8c32c: 0000 750d | 4883 8620 | 0400 0001 | e979 0000 | 0048 3bbe | 2804 0000 | 750d 4883 | 8630 0400 
  0x000001a099f8c34c: 0001 e963 | 0000 0048 | 83be 1804 | 0000 0075 | 1748 89be | 1804 0000 | 48c7 8620 | 0400 0001 
  0x000001a099f8c36c: 0000 00e9 | 4200 0000 | 4883 be28 | 0400 0000 | 7517 4889 | be28 0400 | 0048 c786 | 3004 0000 
  0x000001a099f8c38c: 0100 0000 | e921 0000 | 00e9 1c00 

  0x000001a099f8c398: ;   {metadata(method data for {method} {0x000001a0f48e7f38} 'execute' '()Ljava/lang/Object;' in 'org/eclipse/e4/core/internal/di/MethodRequestor')}
  0x000001a099f8c398: 0000 48be | a059 75f5 | a001 0000 | 4883 ae08 | 0400 0001 | e93d 0700 | 00e9 0000 | 0000 498b 
  0x000001a099f8c3b8: ; ImmutableOopMap {rax=Oop [184]=Oop }
                      ;*athrow {reexecute=1 rethrow=0 return_oop=0}
                      ; - (reexecute) org.eclipse.e4.core.internal.di.MethodRequestor::execute@118 (line 64)
  0x000001a099f8c3b8: c048 3b00 

  0x000001a099f8c3bc: ;   {section_word}
  0x000001a099f8c3bc: 48ba bcc3 | f899 a001 

  0x000001a099f8c3c4: ;   {runtime_call handle_exception_nofpu Runtime1 stub}
  0x000001a099f8c3c4: 0000 e8b5 | 81d9 0690 | 498b 87f8 | 0400 004d | 33d2 4d89 | 97f8 0400 | 004d 33d2 | 4d89 9700 
  0x000001a099f8c3e4: 0500 004c | 8bc0 660f | 1f44 0000 

  0x000001a099f8c3f0: ;   {no_reloc}
  0x000001a099f8c3f0: e916 0700 | 0000 0000 | 0000 80ba | 2101 0000 | 040f 8513 | 0700 0049 | 8b87 b801 | 0000 488d 
  0x000001a099f8c410: 7828 493b | bfc8 0100 | 000f 87fb | 0600 0049 | 89bf b801 | 0000 48c7 | 0001 0000 | 0048 8bca 
  0x000001a099f8c430: 49ba 0000 | 00b2 a001 | 0000 492b | ca89 4808 | 4833 c989 | 480c 4833 | c948 8948 | 1048 8948 
  0x000001a099f8c450: 1848 8948 | 2048 8bd0 

  0x000001a099f8c458: ;   {metadata(method data for {method} {0x000001a0f48e7f38} 'execute' '()Ljava/lang/Object;' in 'org/eclipse/e4/core/internal/di/MethodRequestor')}
  0x000001a099f8c458: 48be a059 | 75f5 a001 | 0000 4883 | 8668 0300 | 0001 488b | d048 8984 | 2410 0100 

  0x000001a099f8c474: ;   {optimized virtual_call}
  0x000001a099f8c474: 0066 90e8 

  0x000001a099f8c478: ; ImmutableOopMap {[184]=Oop [272]=Oop }
                      ;*invokespecial <init> {reexecute=0 rethrow=0 return_oop=0}
                      ; - org.eclipse.e4.core.internal.di.MethodRequestor::execute@92 (line 58)
  0x000001a099f8c478: 0426 cd06 

  0x000001a099f8c47c: ;   {other}
  0x000001a099f8c47c: 0f1f 8400 | ec20 0012 | 488b 8424 

  0x000001a099f8c488: ; ImmutableOopMap {rax=Oop [184]=Oop }
                      ;*athrow {reexecute=1 rethrow=0 return_oop=0}
                      ; - (reexecute) org.eclipse.e4.core.internal.di.MethodRequestor::execute@95 (line 58)
  0x000001a099f8c488: 1001 0000 

  0x000001a099f8c48c: ;   {section_word}
  0x000001a099f8c48c: 48ba 8cc4 | f899 a001 

  0x000001a099f8c494: ;   {runtime_call handle_exception_nofpu Runtime1 stub}
  0x000001a099f8c494: 0000 e8e5 | 80d9 0690 | 498b 87f8 | 0400 004d | 33d2 4d89 | 97f8 0400 | 004d 33d2 | 4d89 9700 
  0x000001a099f8c4b4: 0500 0085 

  0x000001a099f8c4b8: ;   {metadata(method data for {method} {0x000001a0f48e7f38} 'execute' '()Ljava/lang/Object;' in 'org/eclipse/e4/core/internal/di/MethodRequestor')}
  0x000001a099f8c4b8: ff48 baa0 | 5975 f5a0 | 0100 0048 | c7c6 8804 | 0000 7407 | 48c7 c698 | 0400 0048 | 8b3c 3248 
  0x000001a099f8c4d8: 8d7f 0148 | 893c 3248 | 8984 2418 | 0100 000f | 844f 0000 | 0048 8b94 | 24b8 0000 | 008b 7220 
  0x000001a099f8c4f8: 48c1 e603 

  0x000001a099f8c4fc: ; implicit exception: dispatches to 0x000001a099f8cb27
  0x000001a099f8c4fc: 483b 0648 

  0x000001a099f8c500: ;   {metadata(method data for {method} {0x000001a0f48e7f38} 'execute' '()Ljava/lang/Object;' in 'org/eclipse/e4/core/internal/di/MethodRequestor')}
  0x000001a099f8c500: 8bfe 48bb | a059 75f5 | a001 0000 

  0x000001a099f8c50c: ;   {metadata('org/eclipse/e4/core/internal/contexts/ContextObjectSupplier')}
  0x000001a099f8c50c: 49ba 7078 | 30b3 a001 | 0000 4c89 | 93b8 0400 | 0048 8383 | c004 0000 | 0148 8bd6 | 0f1f 8000 
  0x000001a099f8c52c: ;   {optimized virtual_call}
  0x000001a099f8c52c: 0000 00e8 

  0x000001a099f8c530: ; ImmutableOopMap {[184]=Oop [280]=Oop }
                      ;*invokevirtual resumeRecording {reexecute=0 rethrow=0 return_oop=0}
                      ; - org.eclipse.e4.core.internal.di.MethodRequestor::execute@149 (line 69)
  0x000001a099f8c530: 4c25 cd06 

  0x000001a099f8c534: ;   {other}
  0x000001a099f8c534: 0f1f 8400 | a421 0014 | 488b 9424 | b800 0000 

  0x000001a099f8c544: ;   {metadata(method data for {method} {0x000001a0f48e7f38} 'execute' '()Ljava/lang/Object;' in 'org/eclipse/e4/core/internal/di/MethodRequestor')}
  0x000001a099f8c544: 4c8b c248 | bea0 5975 | f5a0 0100 | 0045 8b40 | 0849 ba00 | 0000 b2a0 | 0100 004d | 03c2 4c3b 
  0x000001a099f8c564: 86f0 0400 | 0075 0d48 | 8386 f804 | 0000 01e9 | 6000 0000 | 4c3b 8600 | 0500 0075 | 0d48 8386 
  0x000001a099f8c584: 0805 0000 | 01e9 4a00 | 0000 4883 | bef0 0400 | 0000 7517 | 4c89 86f0 | 0400 0048 | c786 f804 
  0x000001a099f8c5a4: 0000 0100 | 0000 e929 | 0000 0048 | 83be 0005 | 0000 0075 | 174c 8986 | 0005 0000 | 48c7 8608 
  0x000001a099f8c5c4: 0500 0001 | 0000 00e9 | 0800 0000 | 4883 86e0 | 0400 0001 

  0x000001a099f8c5d8: ;   {metadata(method data for {method} {0x000001a0f48e78b8} 'clearResolvedArgs' '()V' in 'org/eclipse/e4/core/internal/di/Requestor')}
  0x000001a099f8c5d8: 49b8 d042 | 75f5 a001 | 0000 418b | b0cc 0000 | 0083 c602 | 4189 b0cc | 0000 0081 | e6fe ff1f 
  0x000001a099f8c5f8: 0085 f60f | 842b 0500 | 0044 8b42 | 2849 c1e0 | 034d 85c0 

  0x000001a099f8c60c: ;   {metadata(method data for {method} {0x000001a0f48e78b8} 'clearResolvedArgs' '()V' in 'org/eclipse/e4/core/internal/di/Requestor')}
  0x000001a099f8c60c: 48be d042 | 75f5 a001 | 0000 48c7 | c720 0100 | 0074 0748 | c7c7 1001 | 0000 488b | 1c3e 488d 
  0x000001a099f8c62c: 5b01 4889 | 1c3e 0f84 | 4800 0000 

  0x000001a099f8c638: ;   {metadata(method data for {method} {0x000001a0f48e78b8} 'clearResolvedArgs' '()V' in 'org/eclipse/e4/core/internal/di/Requestor')}
  0x000001a099f8c638: 48be d042 | 75f5 a001 | 0000 4883 | 8630 0100 | 0001 498b 

  0x000001a099f8c64c: ;   {oop(nullptr)}
  0x000001a099f8c64c: d049 b800 | 0000 0000 

  0x000001a099f8c654: ;   {static_call}
  0x000001a099f8c654: 0000 00e8 

  0x000001a099f8c658: ; ImmutableOopMap {[184]=Oop [280]=Oop }
                      ;*invokestatic fill {reexecute=0 rethrow=0 return_oop=0}
                      ; - org.eclipse.e4.core.internal.di.Requestor::clearResolvedArgs@13 (line 195)
                      ; - org.eclipse.e4.core.internal.di.MethodRequestor::execute@153 (line 70)
  0x000001a099f8c658: 242a cd06 

  0x000001a099f8c65c: ;   {other}
  0x000001a099f8c65c: 0f1f 8400 | cc22 0015 | 410f be47 | 4085 c048 | 8bb4 24b8 | 0000 000f | 85d4 0400 | 00c7 4628 
  0x000001a099f8c67c: 0000 0000 | 488b 8424 | 1801 0000 | e93d 0700 | 0048 8bb4 | 24b8 0000 | 0049 8b87 | f804 0000 
  0x000001a099f8c69c: 4d33 d24d | 8997 f804 | 0000 4d33 | d24d 8997 | 0005 0000 | 488b d048 | 8d84 2430 | 0100 0048 
  0x000001a099f8c6bc: 8b18 4885 | db0f 840f | 0000 0048 | 8b48 08f0 | 480f b119 | 0f85 9604 | 0000 49ff | 8f48 0500 
  0x000001a099f8c6dc: ; ImmutableOopMap {rdi=Oop rsi=Oop rax=Oop [184]=Oop [296]=Oop }
                      ;*invokevirtual addElement {reexecute=0 rethrow=0 return_oop=0}
                      ; - java.util.Stack::push@2
                      ; - org.eclipse.e4.core.internal.contexts.ContextObjectSupplier::pauseRecording@6 (line 215)
                      ; - org.eclipse.e4.core.internal.di.MethodRequestor::execute@49 (line 51)
  0x000001a099f8c6dc: 0048 8bc2 

  0x000001a099f8c6e0: ;   {section_word}
  0x000001a099f8c6e0: 48ba e0c6 | f899 a001 

  0x000001a099f8c6e8: ;   {runtime_call handle_exception_nofpu Runtime1 stub}
  0x000001a099f8c6e8: 0000 e891 | 7ed9 0690 | 498b 87f8 | 0400 004d | 33d2 4d89 | 97f8 0400 | 004d 33d2 | 4d89 9700 
  0x000001a099f8c708: 0500 0048 | 8bf0 488d | 8424 2001 | 0000 488b | 3848 85ff | 0f84 0f00 | 0000 488b | 5808 f048 
  0x000001a099f8c728: 0fb1 3b0f | 8551 0400 | 0049 ff8f | 4805 0000 | 488b c6e9 | 8a06 0000 

  0x000001a099f8c740: ;   {metadata({method} {0x000001a0f48e7f38} 'execute' '()Ljava/lang/Object;' in 'org/eclipse/e4/core/internal/di/MethodRequestor')}
  0x000001a099f8c740: 49ba 307f | 8ef4 a001 | 0000 4c89 | 5424 0848 | c704 24ff 

  0x000001a099f8c754: ;   {runtime_call counter_overflow Runtime1 stub}
  0x000001a099f8c754: ffff ffe8 

  0x000001a099f8c758: ; ImmutableOopMap {rdx=Oop [184]=Oop }
                      ;*synchronization entry
                      ; - org.eclipse.e4.core.internal.di.MethodRequestor::execute@-1 (line 41)
  0x000001a099f8c758: 24dc d906 | e90d e1ff | ff48 8934 

  0x000001a099f8c764: ;   {runtime_call throw_class_cast_exception Runtime1 stub}
  0x000001a099f8c764: 24e8 168a 

  0x000001a099f8c768: ; ImmutableOopMap {rdx=Oop [184]=Oop }
                      ;*checkcast {reexecute=0 rethrow=0 return_oop=0}
                      ; - org.eclipse.e4.core.internal.di.MethodRequestor::execute@11 (line 42)
                      ;   {runtime_call throw_null_pointer_exception Runtime1 stub}
  0x000001a099f8c768: d906 e891 

  0x000001a099f8c76c: ; ImmutableOopMap {rdx=Oop rsi=Oop [184]=Oop }
                      ;*invokevirtual getParameterTypes {reexecute=0 rethrow=0 return_oop=0}
                      ; - org.eclipse.e4.core.internal.di.MethodRequestor::execute@14 (line 42)
                      ;   {metadata({method} {0x000001a0b2041d00} 'getParameterTypes' '()[Ljava/lang/Class;' in 'java/lang/reflect/Method')}
  0x000001a099f8c76c: 5cd9 0649 | baf8 1c04 | b2a0 0100 | 004c 8954 | 2408 48c7 | 0424 ffff 

  0x000001a099f8c784: ;   {runtime_call counter_overflow Runtime1 stub}
  0x000001a099f8c784: ffff e8f5 

  0x000001a099f8c788: ; ImmutableOopMap {rdx=Oop rsi=Oop [184]=Oop }
                      ;*synchronization entry
                      ; - java.lang.reflect.Method::getParameterTypes@-1
                      ; - org.eclipse.e4.core.internal.di.MethodRequestor::execute@14 (line 42)
  0x000001a099f8c788: dbd9 06e9 | 41e2 ffff 

  0x000001a099f8c790: ;   {runtime_call throw_null_pointer_exception Runtime1 stub}
  0x000001a099f8c790: e86b 5cd9 

  0x000001a099f8c794: ; ImmutableOopMap {rdx=Oop rsi=Oop [184]=Oop }
                      ;*invokevirtual clone {reexecute=0 rethrow=0 return_oop=0}
                      ; - java.lang.reflect.Method::getParameterTypes@4
                      ; - org.eclipse.e4.core.internal.di.MethodRequestor::execute@14 (line 42)
  0x000001a099f8c794: 0648 8904 

  0x000001a099f8c798: ;   {runtime_call throw_class_cast_exception Runtime1 stub}
  0x000001a099f8c798: 24e8 e289 

  0x000001a099f8c79c: ; ImmutableOopMap {[184]=Oop }
                      ;*checkcast {reexecute=0 rethrow=0 return_oop=0}
                      ; - java.lang.reflect.Method::getParameterTypes@7
                      ; - org.eclipse.e4.core.internal.di.MethodRequestor::execute@14 (line 42)
                      ;   {runtime_call throw_null_pointer_exception Runtime1 stub}
  0x000001a099f8c79c: d906 e85d 

  0x000001a099f8c7a0: ; ImmutableOopMap {[184]=Oop }
                      ;*arraylength {reexecute=0 rethrow=0 return_oop=0}
                      ; - org.eclipse.e4.core.internal.di.MethodRequestor::execute@17 (line 42)
                      ;   {metadata({method} {0x000001a0f48e6eb8} 'getRequestingObject' '()Ljava/lang/Object;' in 'org/eclipse/e4/core/internal/di/Requestor')}
  0x000001a099f8c7a0: 5cd9 0649 | bab0 6e8e | f4a0 0100 | 004c 8954 | 2408 48c7 | 0424 ffff 

  0x000001a099f8c7b8: ;   {runtime_call counter_overflow Runtime1 stub}
  0x000001a099f8c7b8: ffff e8c1 

  0x000001a099f8c7bc: ; ImmutableOopMap {rdx=Oop [184]=Oop }
                      ;*synchronization entry
                      ; - org.eclipse.e4.core.internal.di.Requestor::getRequestingObject@-1 (line 106)
                      ; - org.eclipse.e4.core.internal.di.MethodRequestor::execute@24 (line 45)
  0x000001a099f8c7bc: dbd9 06e9 | a6e4 ffff 

  0x000001a099f8c7c4: ;   {runtime_call throw_null_pointer_exception Runtime1 stub}
  0x000001a099f8c7c4: e837 5cd9 

  0x000001a099f8c7c8: ; ImmutableOopMap {rsi=Oop [184]=Oop }
                      ;*invokevirtual get {reexecute=0 rethrow=0 return_oop=0}
                      ; - org.eclipse.e4.core.internal.di.Requestor::getRequestingObject@13 (line 108)
                      ; - org.eclipse.e4.core.internal.di.MethodRequestor::execute@24 (line 45)
                      ;   {runtime_call throw_null_pointer_exception Runtime1 stub}
  0x000001a099f8c7c8: 06e8 325c 

  0x000001a099f8c7cc: ; ImmutableOopMap {rdi=Oop [184]=Oop [192]=Oop }
                      ;*invokevirtual pauseRecording {reexecute=0 rethrow=0 return_oop=0}
                      ; - org.eclipse.e4.core.internal.di.MethodRequestor::execute@49 (line 51)
  0x000001a099f8c7cc: d906 4889 | 7c24 0848 

  0x000001a099f8c7d4: ;   {runtime_call monitorenter_nofpu Runtime1 stub}
  0x000001a099f8c7d4: 891c 24e8 

  0x000001a099f8c7d8: ; ImmutableOopMap {rdi=Oop [184]=Oop [192]=Oop [296]=Oop }
                      ;*synchronization entry
                      ; - org.eclipse.e4.core.internal.contexts.ContextObjectSupplier::pauseRecording@-1 (line 214)
                      ; - org.eclipse.e4.core.internal.di.MethodRequestor::execute@49 (line 51)
  0x000001a099f8c7d8: 24a3 d906 | e977 e6ff 

  0x000001a099f8c7e0: ;   {metadata({method} {0x000001a0f48e0080} 'pauseRecording' '()V' in 'org/eclipse/e4/core/internal/contexts/ContextObjectSupplier')}
  0x000001a099f8c7e0: ff49 ba78 | 008e f4a0 | 0100 004c | 8954 2408 | 48c7 0424 | ffff ffff 

  0x000001a099f8c7f8: ;   {runtime_call counter_overflow Runtime1 stub}
  0x000001a099f8c7f8: e883 dbd9 

  0x000001a099f8c7fc: ; ImmutableOopMap {rdi=Oop [184]=Oop [192]=Oop [296]=Oop }
                      ;*synchronization entry
                      ; - org.eclipse.e4.core.internal.contexts.ContextObjectSupplier::pauseRecording@-1 (line 214)
                      ; - org.eclipse.e4.core.internal.di.MethodRequestor::execute@49 (line 51)
  0x000001a099f8c7fc: 06e9 7ce6 

  0x000001a099f8c800: ;   {metadata({method} {0x000001a0f48c74e0} 'getCalculatedComputations' '()Ljava/util/Stack;' in 'org/eclipse/e4/core/internal/contexts/EclipseContext')}
  0x000001a099f8c800: ffff 49ba | d874 8cf4 | a001 0000 | 4c89 5424 | 0848 c704 | 24ff ffff 

  0x000001a099f8c818: ;   {runtime_call counter_overflow Runtime1 stub}
  0x000001a099f8c818: ffe8 62db 

  0x000001a099f8c81c: ; ImmutableOopMap {[184]=Oop [192]=Oop [296]=Oop }
                      ;*synchronization entry
                      ; - org.eclipse.e4.core.internal.contexts.EclipseContext::getCalculatedComputations@-1 (line 734)
                      ; - org.eclipse.e4.core.internal.contexts.ContextObjectSupplier::pauseRecording@0 (line 214)
                      ; - org.eclipse.e4.core.internal.di.MethodRequestor::execute@49 (line 51)
  0x000001a099f8c81c: d906 e994 

  0x000001a099f8c820: ;   {runtime_call throw_null_pointer_exception Runtime1 stub}
  0x000001a099f8c820: e6ff ffe8 

  0x000001a099f8c824: ; ImmutableOopMap {rdi=Oop [184]=Oop [192]=Oop [296]=Oop }
                      ;*invokevirtual get {reexecute=0 rethrow=0 return_oop=0}
                      ; - org.eclipse.e4.core.internal.contexts.EclipseContext::getCalculatedComputations@3 (line 734)
                      ; - org.eclipse.e4.core.internal.contexts.ContextObjectSupplier::pauseRecording@0 (line 214)
                      ; - org.eclipse.e4.core.internal.di.MethodRequestor::execute@49 (line 51)
  0x000001a099f8c824: d85b d906 | 4889 0424 

  0x000001a099f8c82c: ;   {runtime_call throw_class_cast_exception Runtime1 stub}
  0x000001a099f8c82c: e84f 89d9 

  0x000001a099f8c830: ; ImmutableOopMap {[184]=Oop [192]=Oop [296]=Oop }
                      ;*checkcast {reexecute=0 rethrow=0 return_oop=0}
                      ; - org.eclipse.e4.core.internal.contexts.EclipseContext::getCalculatedComputations@6 (line 734)
                      ; - org.eclipse.e4.core.internal.contexts.ContextObjectSupplier::pauseRecording@0 (line 214)
                      ; - org.eclipse.e4.core.internal.di.MethodRequestor::execute@49 (line 51)
  0x000001a099f8c830: 0648 8bd2 

  0x000001a099f8c834: ;   {runtime_call fast_new_instance Runtime1 stub}
  0x000001a099f8c834: e8c7 69d9 

  0x000001a099f8c838: ; ImmutableOopMap {[184]=Oop [192]=Oop [296]=Oop }
                      ;*new {reexecute=0 rethrow=0 return_oop=0}
                      ; - org.eclipse.e4.core.internal.contexts.EclipseContext::getCalculatedComputations@14 (line 736)
                      ; - org.eclipse.e4.core.internal.contexts.ContextObjectSupplier::pauseRecording@0 (line 214)
                      ; - org.eclipse.e4.core.internal.di.MethodRequestor::execute@49 (line 51)
  0x000001a099f8c838: 06e9 abe8 

  0x000001a099f8c83c: ;   {metadata({method} {0x000001a0f39377a8} '<init>' '()V' in 'java/util/Stack')}
  0x000001a099f8c83c: ffff 49ba | a077 93f3 | a001 0000 | 4c89 5424 | 0848 c704 | 24ff ffff 

  0x000001a099f8c854: ;   {runtime_call counter_overflow Runtime1 stub}
  0x000001a099f8c854: ffe8 26db 

  0x000001a099f8c858: ; ImmutableOopMap {rax=Oop [184]=Oop [192]=Oop [296]=Oop }
                      ;*synchronization entry
                      ; - java.util.Stack::<init>@-1
                      ; - org.eclipse.e4.core.internal.contexts.EclipseContext::getCalculatedComputations@18 (line 736)
                      ; - org.eclipse.e4.core.internal.contexts.ContextObjectSupplier::pauseRecording@0 (line 214)
                      ; - org.eclipse.e4.core.internal.di.MethodRequestor::execute@49 (line 51)
  0x000001a099f8c858: d906 e9cb 

  0x000001a099f8c85c: ;   {metadata({method} {0x000001a0f3193260} '<init>' '()V' in 'java/util/Vector')}
  0x000001a099f8c85c: e8ff ff49 | ba58 3219 | f3a0 0100 | 004c 8954 | 2408 48c7 | 0424 ffff 

  0x000001a099f8c874: ;   {runtime_call counter_overflow Runtime1 stub}
  0x000001a099f8c874: ffff e805 

  0x000001a099f8c878: ; ImmutableOopMap {rax=Oop [184]=Oop [192]=Oop [296]=Oop }
                      ;*synchronization entry
                      ; - java.util.Vector::<init>@-1
                      ; - java.util.Stack::<init>@1
                      ; - org.eclipse.e4.core.internal.contexts.EclipseContext::getCalculatedComputations@18 (line 736)
                      ; - org.eclipse.e4.core.internal.contexts.ContextObjectSupplier::pauseRecording@0 (line 214)
                      ; - org.eclipse.e4.core.internal.di.MethodRequestor::execute@49 (line 51)
  0x000001a099f8c878: dbd9 06e9 | ebe8 ffff 

  0x000001a099f8c880: ;   {metadata({method} {0x000001a0f31931c8} '<init>' '(I)V' in 'java/util/Vector')}
  0x000001a099f8c880: 49ba c031 | 19f3 a001 | 0000 4c89 | 5424 0848 | c704 24ff 

  0x000001a099f8c894: ;   {runtime_call counter_overflow Runtime1 stub}
  0x000001a099f8c894: ffff ffe8 

  0x000001a099f8c898: ; ImmutableOopMap {rax=Oop [184]=Oop [192]=Oop [296]=Oop }
                      ;*synchronization entry
                      ; - java.util.Vector::<init>@-1
                      ; - java.util.Vector::<init>@3
                      ; - java.util.Stack::<init>@1
                      ; - org.eclipse.e4.core.internal.contexts.EclipseContext::getCalculatedComputations@18 (line 736)
                      ; - org.eclipse.e4.core.internal.contexts.ContextObjectSupplier::pauseRecording@0 (line 214)
                      ; - org.eclipse.e4.core.internal.di.MethodRequestor::execute@49 (line 51)
  0x000001a099f8c898: e4da d906 | e90b e9ff 

  0x000001a099f8c8a0: ;   {runtime_call throw_null_pointer_exception Runtime1 stub}
  0x000001a099f8c8a0: ffe8 5a5b 

  0x000001a099f8c8a4: ; ImmutableOopMap {rdx=Oop [184]=Oop [192]=Oop [200]=Oop [296]=Oop }
                      ;*invokevirtual set {reexecute=0 rethrow=0 return_oop=0}
                      ; - org.eclipse.e4.core.internal.contexts.EclipseContext::getCalculatedComputations@26 (line 737)
                      ; - org.eclipse.e4.core.internal.contexts.ContextObjectSupplier::pauseRecording@0 (line 214)
                      ; - org.eclipse.e4.core.internal.di.MethodRequestor::execute@49 (line 51)
                      ;   {runtime_call throw_null_pointer_exception Runtime1 stub}
  0x000001a099f8c8a4: d906 e855 

  0x000001a099f8c8a8: ; ImmutableOopMap {rdx=Oop [184]=Oop [192]=Oop [296]=Oop }
                      ;*invokevirtual push {reexecute=0 rethrow=0 return_oop=0}
                      ; - org.eclipse.e4.core.internal.contexts.ContextObjectSupplier::pauseRecording@6 (line 215)
                      ; - org.eclipse.e4.core.internal.di.MethodRequestor::execute@49 (line 51)
                      ;   {metadata({method} {0x000001a0f3937848} 'push' '(Ljava/lang/Object;)Ljava/lang/Object;' in 'java/util/Stack')}
  0x000001a099f8c8a8: 5bd9 0649 | ba40 7893 | f3a0 0100 | 004c 8954 | 2408 48c7 | 0424 ffff 

  0x000001a099f8c8c0: ;   {runtime_call counter_overflow Runtime1 stub}
  0x000001a099f8c8c0: ffff e8b9 

  0x000001a099f8c8c4: ; ImmutableOopMap {rdx=Oop [184]=Oop [192]=Oop [296]=Oop }
                      ;*synchronization entry
                      ; - java.util.Stack::push@-1
                      ; - org.eclipse.e4.core.internal.contexts.ContextObjectSupplier::pauseRecording@6 (line 215)
                      ; - org.eclipse.e4.core.internal.di.MethodRequestor::execute@49 (line 51)
  0x000001a099f8c8c4: dad9 06e9 | 34ea ffff | 4889 5424 | 084c 8904 

  0x000001a099f8c8d4: ;   {runtime_call monitorenter_nofpu Runtime1 stub}
  0x000001a099f8c8d4: 24e8 26a2 

  0x000001a099f8c8d8: ; ImmutableOopMap {rdx=Oop [184]=Oop [192]=Oop [296]=Oop [312]=Oop }
                      ;*synchronization entry
                      ; - java.util.Vector::addElement@-1
                      ; - java.util.Stack::push@2
                      ; - org.eclipse.e4.core.internal.contexts.ContextObjectSupplier::pauseRecording@6 (line 215)
                      ; - org.eclipse.e4.core.internal.di.MethodRequestor::execute@49 (line 51)
  0x000001a099f8c8d8: d906 e9ee 

  0x000001a099f8c8dc: ;   {metadata({method} {0x000001a0f3194460} 'addElement' '(Ljava/lang/Object;)V' in 'java/util/Vector')}
  0x000001a099f8c8dc: eaff ff49 | ba58 4419 | f3a0 0100 | 004c 8954 | 2408 48c7 | 0424 ffff 

  0x000001a099f8c8f4: ;   {runtime_call counter_overflow Runtime1 stub}
  0x000001a099f8c8f4: ffff e885 

  0x000001a099f8c8f8: ; ImmutableOopMap {rdx=Oop [184]=Oop [192]=Oop [296]=Oop [312]=Oop }
                      ;*synchronization entry
                      ; - java.util.Vector::addElement@-1
                      ; - java.util.Stack::push@2
                      ; - org.eclipse.e4.core.internal.contexts.ContextObjectSupplier::pauseRecording@6 (line 215)
                      ; - org.eclipse.e4.core.internal.di.MethodRequestor::execute@49 (line 51)
  0x000001a099f8c8f8: dad9 06e9 | f6ea ffff 

  0x000001a099f8c900: ;   {metadata({method} {0x000001a0f3194bc0} 'add' '(Ljava/lang/Object;[Ljava/lang/Object;I)V' in 'java/util/Vector')}
  0x000001a099f8c900: 49ba b84b | 19f3 a001 | 0000 4c89 | 5424 0848 | c704 24ff 

  0x000001a099f8c914: ;   {runtime_call counter_overflow Runtime1 stub}
  0x000001a099f8c914: ffff ffe8 

  0x000001a099f8c918: ; ImmutableOopMap {rdx=Oop r8=Oop [184]=Oop [192]=Oop [296]=Oop [312]=Oop }
                      ;*synchronization entry
                      ; - java.util.Vector::add@-1
                      ; - java.util.Vector::addElement@20
                      ; - java.util.Stack::push@2
                      ; - org.eclipse.e4.core.internal.contexts.ContextObjectSupplier::pauseRecording@6 (line 215)
                      ; - org.eclipse.e4.core.internal.di.MethodRequestor::execute@49 (line 51)
  0x000001a099f8c918: 64da d906 | e927 ebff 

  0x000001a099f8c920: ;   {runtime_call throw_null_pointer_exception Runtime1 stub}
  0x000001a099f8c920: ffe8 da5a 

  0x000001a099f8c924: ; ImmutableOopMap {rdx=Oop r8=Oop [184]=Oop [192]=Oop [296]=Oop [312]=Oop }
                      ;*arraylength {reexecute=0 rethrow=0 return_oop=0}
                      ; - java.util.Vector::add@2
                      ; - java.util.Vector::addElement@20
                      ; - java.util.Stack::push@2
                      ; - org.eclipse.e4.core.internal.contexts.ContextObjectSupplier::pauseRecording@6 (line 215)
                      ; - org.eclipse.e4.core.internal.di.MethodRequestor::execute@49 (line 51)
                      ;   {metadata({method} {0x000001a0f31936f8} 'grow' '()[Ljava/lang/Object;' in 'java/util/Vector')}
  0x000001a099f8c924: d906 49ba | f036 19f3 | a001 0000 | 4c89 5424 | 0848 c704 | 24ff ffff 

  0x000001a099f8c93c: ;   {runtime_call counter_overflow Runtime1 stub}
  0x000001a099f8c93c: ffe8 3eda 

  0x000001a099f8c940: ; ImmutableOopMap {rdx=Oop [184]=Oop [192]=Oop [296]=Oop [312]=Oop }
                      ;*synchronization entry
                      ; - java.util.Vector::grow@-1
                      ; - java.util.Vector::add@7
                      ; - java.util.Vector::addElement@20
                      ; - java.util.Stack::push@2
                      ; - org.eclipse.e4.core.internal.contexts.ContextObjectSupplier::pauseRecording@6 (line 215)
                      ; - org.eclipse.e4.core.internal.di.MethodRequestor::execute@49 (line 51)
  0x000001a099f8c940: d906 e971 

  0x000001a099f8c944: ;   {runtime_call throw_null_pointer_exception Runtime1 stub}
  0x000001a099f8c944: ebff ffe8 

  0x000001a099f8c948: ; ImmutableOopMap {r8=Oop rdx=Oop rax=Oop [184]=Oop [192]=Oop [296]=Oop [312]=Oop }
                      ;*aastore {reexecute=1 rethrow=0 return_oop=0}
                      ; - (reexecute) java.util.Vector::add@14
                      ; - java.util.Vector::addElement@20
                      ; - java.util.Stack::push@2
                      ; - org.eclipse.e4.core.internal.contexts.ContextObjectSupplier::pauseRecording@6 (line 215)
                      ; - org.eclipse.e4.core.internal.di.MethodRequestor::execute@49 (line 51)
  0x000001a099f8c948: b45a d906 

  0x000001a099f8c94c: ;   {runtime_call throw_null_pointer_exception Runtime1 stub}
  0x000001a099f8c94c: e8af 5ad9 

  0x000001a099f8c950: ; ImmutableOopMap {r8=Oop rdx=Oop rax=Oop [184]=Oop [192]=Oop [296]=Oop [312]=Oop }
                      ;*aastore {reexecute=1 rethrow=0 return_oop=0}
                      ; - (reexecute) java.util.Vector::add@14
                      ; - java.util.Vector::addElement@20
                      ; - java.util.Stack::push@2
                      ; - org.eclipse.e4.core.internal.contexts.ContextObjectSupplier::pauseRecording@6 (line 215)
                      ; - org.eclipse.e4.core.internal.di.MethodRequestor::execute@49 (line 51)
  0x000001a099f8c950: 0648 8934 | 244c 8944 

  0x000001a099f8c958: ;   {runtime_call throw_range_check_failed Runtime1 stub}
  0x000001a099f8c958: 2408 e8a1 

  0x000001a099f8c95c: ; ImmutableOopMap {r8=Oop rdx=Oop rax=Oop [184]=Oop [192]=Oop [296]=Oop [312]=Oop }
                      ;*aastore {reexecute=1 rethrow=0 return_oop=0}
                      ; - (reexecute) java.util.Vector::add@14
                      ; - java.util.Vector::addElement@20
                      ; - java.util.Stack::push@2
                      ; - org.eclipse.e4.core.internal.contexts.ContextObjectSupplier::pauseRecording@6 (line 215)
                      ; - org.eclipse.e4.core.internal.di.MethodRequestor::execute@49 (line 51)
                      ;   {runtime_call throw_null_pointer_exception Runtime1 stub}
  0x000001a099f8c95c: 51d9 06e8 

  0x000001a099f8c960: ; ImmutableOopMap {r8=Oop rdx=Oop rax=Oop [184]=Oop [192]=Oop [296]=Oop [312]=Oop }
                      ;*aastore {reexecute=1 rethrow=0 return_oop=0}
                      ; - (reexecute) java.util.Vector::add@14
                      ; - java.util.Vector::addElement@20
                      ; - java.util.Stack::push@2
                      ; - org.eclipse.e4.core.internal.contexts.ContextObjectSupplier::pauseRecording@6 (line 215)
                      ; - org.eclipse.e4.core.internal.di.MethodRequestor::execute@49 (line 51)
  0x000001a099f8c960: 9c5a d906 | 4889 0424 

  0x000001a099f8c968: ;   {runtime_call throw_array_store_exception Runtime1 stub}
  0x000001a099f8c968: e813 85d9 

  0x000001a099f8c96c: ; ImmutableOopMap {r8=Oop rdx=Oop rax=Oop [184]=Oop [192]=Oop [296]=Oop [312]=Oop }
                      ;*aastore {reexecute=1 rethrow=0 return_oop=0}
                      ; - (reexecute) java.util.Vector::add@14
                      ; - java.util.Vector::addElement@20
                      ; - java.util.Stack::push@2
                      ; - org.eclipse.e4.core.internal.contexts.ContextObjectSupplier::pauseRecording@6 (line 215)
                      ; - org.eclipse.e4.core.internal.di.MethodRequestor::execute@49 (line 51)
  0x000001a099f8c96c: 068b 1f48 | c1e3 0348 | 83fb 000f | 84ce ecff | ff48 891c 

  0x000001a099f8c980: ;   {runtime_call g1_pre_barrier_slow}
  0x000001a099f8c980: 24e8 fadf | d906 e9c0 | ecff ff48 | 83f8 000f | 84d4 ecff | ff48 893c 

  0x000001a099f8c998: ;   {runtime_call g1_post_barrier_slow}
  0x000001a099f8c998: 24e8 62e7 | d906 e9c6 | ecff ff48 | 8d84 2430 | 0100 0048 

  0x000001a099f8c9ac: ;   {runtime_call monitorexit_nofpu Runtime1 stub}
  0x000001a099f8c9ac: 8904 24e8 | ccab d906 | e9df ecff | ff48 8d84 | 2420 0100 | 0048 8904 

  0x000001a099f8c9c4: ;   {runtime_call monitorexit_nofpu Runtime1 stub}
  0x000001a099f8c9c4: 24e8 b6ab | d906 e9f3 | ecff ff48 

  0x000001a099f8c9d0: ;   {runtime_call throw_class_cast_exception Runtime1 stub}
  0x000001a099f8c9d0: 8934 24e8 

  0x000001a099f8c9d4: ; ImmutableOopMap {rdx=Oop [184]=Oop [192]=Oop }
                      ;*checkcast {reexecute=0 rethrow=0 return_oop=0}
                      ; - org.eclipse.e4.core.internal.di.MethodRequestor::execute@58 (line 55)
  0x000001a099f8c9d4: a887 d906 

  0x000001a099f8c9d8: ;   {runtime_call throw_null_pointer_exception Runtime1 stub}
  0x000001a099f8c9d8: e823 5ad9 

  0x000001a099f8c9dc: ; ImmutableOopMap {rdx=Oop rsi=Oop [184]=Oop [192]=Oop }
                      ;*invokevirtual trySetAccessible {reexecute=0 rethrow=0 return_oop=0}
                      ; - org.eclipse.e4.core.internal.di.MethodRequestor::execute@61 (line 55)
  0x000001a099f8c9dc: 0648 8934 

  0x000001a099f8c9e0: ;   {runtime_call throw_class_cast_exception Runtime1 stub}
  0x000001a099f8c9e0: 24e8 9a87 

  0x000001a099f8c9e4: ; ImmutableOopMap {rdx=Oop [184]=Oop [192]=Oop }
                      ;*checkcast {reexecute=0 rethrow=0 return_oop=0}
                      ; - org.eclipse.e4.core.internal.di.MethodRequestor::execute@69 (line 56)
                      ;   {runtime_call throw_null_pointer_exception Runtime1 stub}
  0x000001a099f8c9e4: d906 e815 

  0x000001a099f8c9e8: ; ImmutableOopMap {rdx=Oop rsi=Oop rdi=Oop [184]=Oop [192]=Oop [224]=Oop }
                      ;*invokevirtual invoke {reexecute=0 rethrow=0 return_oop=0}
                      ; - org.eclipse.e4.core.internal.di.MethodRequestor::execute@77 (line 56)
                      ;   {metadata({method} {0x000001a0b2043cd8} 'invoke' '(Ljava/lang/Object;[Ljava/lang/Object;)Ljava/lang/Object;' in 'java/lang/reflect/Method')}
  0x000001a099f8c9e8: 5ad9 0649 | bad0 3c04 | b2a0 0100 | 004c 8954 | 2408 48c7 | 0424 ffff 

  0x000001a099f8ca00: ;   {runtime_call counter_overflow Runtime1 stub}
  0x000001a099f8ca00: ffff e879 

  0x000001a099f8ca04: ; ImmutableOopMap {rdx=Oop rsi=Oop rdi=Oop [184]=Oop [192]=Oop [224]=Oop }
                      ;*synchronization entry
                      ; - java.lang.reflect.Method::invoke@-1
                      ; - org.eclipse.e4.core.internal.di.MethodRequestor::execute@77 (line 56)
  0x000001a099f8ca04: d9d9 06e9 | 23ef ffff 

  0x000001a099f8ca0c: ;   {metadata({method} {0x000001a0b23dc098} 'isStatic' '(I)Z' in 'java/lang/reflect/Modifier')}
  0x000001a099f8ca0c: 49ba 90c0 | 3db2 a001 | 0000 4c89 | 5424 0848 | c704 24ff 

  0x000001a099f8ca20: ;   {runtime_call counter_overflow Runtime1 stub}
  0x000001a099f8ca20: ffff ffe8 

  0x000001a099f8ca24: ; ImmutableOopMap {rbx=Oop rsi=Oop r9=Oop [184]=Oop [192]=Oop [224]=Oop [232]=Oop }
                      ;*synchronization entry
                      ; - java.lang.reflect.Modifier::isStatic@-1
                      ; - java.lang.reflect.Method::invoke@42
                      ; - org.eclipse.e4.core.internal.di.MethodRequestor::execute@77 (line 56)
  0x000001a099f8ca24: 58d9 d906 | e969 f0ff 

  0x000001a099f8ca2c: ;   {runtime_call throw_null_pointer_exception Runtime1 stub}
  0x000001a099f8ca2c: ffe8 ce59 

  0x000001a099f8ca30: ; ImmutableOopMap {rbx=Oop rsi=Oop r9=Oop rax=Oop [184]=Oop [224]=Oop [232]=Oop }
                      ;*invokevirtual getClass {reexecute=0 rethrow=0 return_oop=0}
                      ; - java.lang.reflect.Method::invoke@53
                      ; - org.eclipse.e4.core.internal.di.MethodRequestor::execute@77 (line 56)
                      ;   {runtime_call throw_null_pointer_exception Runtime1 stub}
  0x000001a099f8ca30: d906 e8c9 

  0x000001a099f8ca34: ; ImmutableOopMap {rdx=Oop rbx=Oop [184]=Oop [192]=Oop [232]=Oop }
                      ;*invokeinterface invoke {reexecute=0 rethrow=0 return_oop=0}
                      ; - java.lang.reflect.Method::invoke@90
                      ; - org.eclipse.e4.core.internal.di.MethodRequestor::execute@77 (line 56)
                      ;   {runtime_call throw_null_pointer_exception Runtime1 stub}
  0x000001a099f8ca34: 59d9 06e8 

  0x000001a099f8ca38: ; ImmutableOopMap {rdi=Oop rdx=Oop [184]=Oop [192]=Oop }
                      ;*invokeinterface invoke {reexecute=0 rethrow=0 return_oop=0}
                      ; - java.lang.reflect.Method::invoke@102
                      ; - org.eclipse.e4.core.internal.di.MethodRequestor::execute@77 (line 56)
  0x000001a099f8ca38: c459 d906 

  0x000001a099f8ca3c: ;   {runtime_call throw_null_pointer_exception Runtime1 stub}
  0x000001a099f8ca3c: e8bf 59d9 

  0x000001a099f8ca40: ; ImmutableOopMap {rdx=Oop rsi=Oop [184]=Oop [256]=Oop }
                      ;*invokevirtual resumeRecording {reexecute=0 rethrow=0 return_oop=0}
                      ; - org.eclipse.e4.core.internal.di.MethodRequestor::execute@167 (line 69)
                      ;   {metadata({method} {0x000001a0f48e78b8} 'clearResolvedArgs' '()V' in 'org/eclipse/e4/core/internal/di/Requestor')}
  0x000001a099f8ca40: 0649 bab0 | 788e f4a0 | 0100 004c | 8954 2408 | 48c7 0424 | ffff ffff 

  0x000001a099f8ca58: ;   {runtime_call counter_overflow Runtime1 stub}
  0x000001a099f8ca58: e823 d9d9 

  0x000001a099f8ca5c: ; ImmutableOopMap {rdx=Oop [184]=Oop [256]=Oop }
                      ;*synchronization entry
                      ; - org.eclipse.e4.core.internal.di.Requestor::clearResolvedArgs@-1 (line 193)
                      ; - org.eclipse.e4.core.internal.di.MethodRequestor::execute@171 (line 70)
  0x000001a099f8ca5c: 06e9 fcf4 

  0x000001a099f8ca60: ;   {metadata(nullptr)}
  0x000001a099f8ca60: ffff 48ba | 0000 0000 | 0000 0000 | b800 0f05 

  0x000001a099f8ca70: ;   {runtime_call load_klass_patching Runtime1 stub}
  0x000001a099f8ca70: 0ae8 0abf 

  0x000001a099f8ca74: ; ImmutableOopMap {rbx=Oop r8=Oop [184]=Oop }
                      ;*new {reexecute=1 rethrow=0 return_oop=0}
                      ; - (reexecute) org.eclipse.e4.core.internal.di.MethodRequestor::execute@119 (line 66)
  0x000001a099f8ca74: d906 e9a5 

  0x000001a099f8ca78: ;   {runtime_call throw_null_pointer_exception Runtime1 stub}
  0x000001a099f8ca78: f6ff ffe8 

  0x000001a099f8ca7c: ; ImmutableOopMap {rbx=Oop r8=Oop [184]=Oop }
                      ;*new {reexecute=0 rethrow=0 return_oop=0}
                      ; - org.eclipse.e4.core.internal.di.MethodRequestor::execute@119 (line 66)
  0x000001a099f8ca7c: 8059 d906 

  0x000001a099f8ca80: ;   {runtime_call fast_new_instance_init_check Runtime1 stub}
  0x000001a099f8ca80: 488b d2e8 

  0x000001a099f8ca84: ; ImmutableOopMap {rbx=Oop r8=Oop [184]=Oop }
                      ;*new {reexecute=0 rethrow=0 return_oop=0}
                      ; - org.eclipse.e4.core.internal.di.MethodRequestor::execute@119 (line 66)
  0x000001a099f8ca84: f86e d906 | e9f8 f6ff | ff8b 4228 | 48c1 e003 | 4883 f800 | 0f84 6bf7 | ffff 4889 

  0x000001a099f8caa0: ;   {runtime_call g1_pre_barrier_slow}
  0x000001a099f8caa0: 0424 e8d9 | ded9 06e9 | 5df7 ffff 

  0x000001a099f8caac: ;   {internal_word}
  0x000001a099f8caac: 49ba 20c2 | f899 a001 | 0000 4d89 | 9760 0400 

  0x000001a099f8cabc: ;   {runtime_call SafepointBlob}
  0x000001a099f8cabc: 00e9 3e8c 

  0x000001a099f8cac0: ;   {internal_word}
  0x000001a099f8cac0: cd06 49ba | 40c2 f899 | a001 0000 | 4d89 9760 

  0x000001a099f8cad0: ;   {runtime_call SafepointBlob}
  0x000001a099f8cad0: 0400 00e9 | 288c cd06 

  0x000001a099f8cad8: ;   {internal_word}
  0x000001a099f8cad8: 49ba 60c2 | f899 a001 | 0000 4d89 | 9760 0400 

  0x000001a099f8cae8: ;   {runtime_call SafepointBlob}
  0x000001a099f8cae8: 00e9 128c | cd06 4c89 

  0x000001a099f8caf0: ;   {runtime_call throw_class_cast_exception Runtime1 stub}
  0x000001a099f8caf0: 0424 e889 

  0x000001a099f8caf4: ; ImmutableOopMap {[184]=Oop }
                      ;*checkcast {reexecute=0 rethrow=0 return_oop=0}
                      ; - org.eclipse.e4.core.internal.di.MethodRequestor::execute@115 (line 64)
                      ;   {runtime_call throw_null_pointer_exception Runtime1 stub}
  0x000001a099f8caf4: 86d9 06e8 

  0x000001a099f8caf8: ; ImmutableOopMap {rax=Oop [184]=Oop }
                      ;*athrow {reexecute=1 rethrow=0 return_oop=0}
                      ; - (reexecute) org.eclipse.e4.core.internal.di.MethodRequestor::execute@118 (line 64)
  0x000001a099f8caf8: 0459 d906 

  0x000001a099f8cafc: ;   {metadata(nullptr)}
  0x000001a099f8cafc: 48ba 0000 | 0000 0000 | 0000 b800 

  0x000001a099f8cb08: ;   {runtime_call load_klass_patching Runtime1 stub}
  0x000001a099f8cb08: 0f05 0ae8 

  0x000001a099f8cb0c: ; ImmutableOopMap {r8=Oop [184]=Oop }
                      ;*new {reexecute=1 rethrow=0 return_oop=0}
                      ; - (reexecute) org.eclipse.e4.core.internal.di.MethodRequestor::execute@86 (line 58)
  0x000001a099f8cb0c: 70be d906 | e9db f8ff 

  0x000001a099f8cb14: ;   {runtime_call throw_null_pointer_exception Runtime1 stub}
  0x000001a099f8cb14: ffe8 e658 

  0x000001a099f8cb18: ; ImmutableOopMap {r8=Oop [184]=Oop }
                      ;*new {reexecute=0 rethrow=0 return_oop=0}
                      ; - org.eclipse.e4.core.internal.di.MethodRequestor::execute@86 (line 58)
  0x000001a099f8cb18: d906 488b 

  0x000001a099f8cb1c: ;   {runtime_call fast_new_instance_init_check Runtime1 stub}
  0x000001a099f8cb1c: d2e8 5e6e 

  0x000001a099f8cb20: ; ImmutableOopMap {r8=Oop [184]=Oop }
                      ;*new {reexecute=0 rethrow=0 return_oop=0}
                      ; - org.eclipse.e4.core.internal.di.MethodRequestor::execute@86 (line 58)
  0x000001a099f8cb20: d906 e92e 

  0x000001a099f8cb24: ;   {runtime_call throw_null_pointer_exception Runtime1 stub}
  0x000001a099f8cb24: f9ff ffe8 

  0x000001a099f8cb28: ; ImmutableOopMap {rdx=Oop rsi=Oop [184]=Oop [280]=Oop }
                      ;*invokevirtual resumeRecording {reexecute=0 rethrow=0 return_oop=0}
                      ; - org.eclipse.e4.core.internal.di.MethodRequestor::execute@149 (line 69)
  0x000001a099f8cb28: d458 d906 

  0x000001a099f8cb2c: ;   {metadata({method} {0x000001a0f48e78b8} 'clearResolvedArgs' '()V' in 'org/eclipse/e4/core/internal/di/Requestor')}
  0x000001a099f8cb2c: 49ba b078 | 8ef4 a001 | 0000 4c89 | 5424 0848 | c704 24ff 

  0x000001a099f8cb40: ;   {runtime_call counter_overflow Runtime1 stub}
  0x000001a099f8cb40: ffff ffe8 

  0x000001a099f8cb44: ; ImmutableOopMap {rdx=Oop [184]=Oop [280]=Oop }
                      ;*synchronization entry
                      ; - org.eclipse.e4.core.internal.di.Requestor::clearResolvedArgs@-1 (line 193)
                      ; - org.eclipse.e4.core.internal.di.MethodRequestor::execute@153 (line 70)
  0x000001a099f8cb44: 38d8 d906 | e9b4 faff | ff8b 4628 | 48c1 e003 | 4883 f800 | 0f84 1bfb | ffff 4889 

  0x000001a099f8cb60: ;   {runtime_call g1_pre_barrier_slow}
  0x000001a099f8cb60: 0424 e819 | ded9 06e9 | 0dfb ffff | 488d 8424 | 3001 0000 | 4889 0424 

  0x000001a099f8cb78: ;   {runtime_call monitorexit_nofpu Runtime1 stub}
  0x000001a099f8cb78: e803 aad9 | 06e9 5bfb | ffff 488d | 8424 2001 | 0000 4889 

  0x000001a099f8cb8c: ;   {runtime_call monitorexit_nofpu Runtime1 stub}
  0x000001a099f8cb8c: 0424 e8ed | a9d9 06e9 | a0fb ffff | 488b bc24 | c000 0000 | e9e8 faff | ff8b bc24 | d400 0000 
  0x000001a099f8cbac: e9e9 f3ff | ff8b bc24 | d400 0000 | e9df f8ff | ff8b bc24 | d400 0000 | e9d1 f3ff | ff8b bc24 
  0x000001a099f8cbcc: d400 0000 | e9c7 f8ff | ff8b bc24 | d400 0000 | e9b9 f3ff | ff8b bc24 | d400 0000 | e9af f8ff 
  0x000001a099f8cbec: ff8b bc24 | d400 0000 | e9a1 f3ff | ff8b bc24 | d400 0000 | e997 f8ff | ff8b bc24 | d400 0000 
  0x000001a099f8cc0c: e989 f3ff | ff8b bc24 | d400 0000 | e97f f8ff | ff8b bc24 | d400 0000 | e971 f3ff | ff8b bc24 
  0x000001a099f8cc2c: d400 0000 | e967 f8ff | ff8b bc24 | d400 0000 | e959 f3ff | ff8b bc24 | d400 0000 | e94f f8ff 
  0x000001a099f8cc4c: ff8b bc24 | d400 0000 | e943 f8ff | ff8b bc24 | d400 0000 | e937 f8ff | ff8b bc24 | d400 0000 
  0x000001a099f8cc6c: e92b f8ff | ff8b bc24 | d400 0000 | e91f f8ff | ff8b bc24 | d400 0000 | e913 f8ff | ff48 8bbc 
  0x000001a099f8cc8c: ;   {no_reloc}
  0x000001a099f8cc8c: 24c0 0000 | 00e9 f7f9 | ffff 488b | bc24 c000 | 0000 e9ea | f9ff ff48 | 8bbc 24c0 | 0000 00e9 
  0x000001a099f8ccac: ddf9 ffff | 488b bc24 | c000 0000 | e9d0 f9ff | ff8b bc24 | d400 0000 | e9d1 f2ff | ff8b bc24 
  0x000001a099f8cccc: d400 0000 | e9c7 f7ff | ff8b bc24 | d400 0000 | e9b9 f2ff | ff8b bc24 | d400 0000 | e9af f7ff 
  0x000001a099f8ccec: ff8b bc24 | d400 0000 | e9a1 f2ff | ff8b bc24 | d400 0000 | e997 f7ff | ff8b bc24 | d400 0000 
  0x000001a099f8cd0c: e989 f2ff | ff8b bc24 | d400 0000 | e97f f7ff | ff8b bc24 | d400 0000 | e971 f2ff | ff8b bc24 
  0x000001a099f8cd2c: d400 0000 | e967 f7ff | ff8b bc24 | d400 0000 | e959 f2ff | ff8b bc24 | d400 0000 | e94f f7ff 
  0x000001a099f8cd4c: ff8b bc24 | d400 0000 | e941 f2ff | ff8b bc24 | d400 0000 | e937 f7ff | ff8b bc24 | d400 0000 
  0x000001a099f8cd6c: e92b f7ff | ff8b bc24 | d400 0000 | e91f f7ff | ff8b bc24 | d400 0000 | e913 f7ff | ff8b bc24 
  0x000001a099f8cd8c: ;   {no_reloc}
  0x000001a099f8cd8c: d400 0000 | e907 f7ff | ff8b bc24 | d400 0000 | e9fb f6ff | ff8b bc24 | d400 0000 | e9ef f6ff 
  0x000001a099f8cdac: ff49 8b87 | f804 0000 | 49c7 87f8 | 0400 0000 | 0000 0049 | c787 0005 | 0000 0000 | 0000 4881 
  0x000001a099f8cdcc: c450 0100 

  0x000001a099f8cdd0: ;   {runtime_call unwind_exception Runtime1 stub}
  0x000001a099f8cdd0: 005d e929 | 47d9 06f4 
[Stub Code]
  0x000001a099f8cdd8: ;   {no_reloc}
  0x000001a099f8cdd8: 0f1f 4400 

  0x000001a099f8cddc: ;   {static_stub}
  0x000001a099f8cddc: 0048 bb00 | 0000 0000 

  0x000001a099f8cde4: ;   {runtime_call nmethod}
  0x000001a099f8cde4: 0000 00e9 | fbff ffff 

  0x000001a099f8cdec: ;   {static_stub}
  0x000001a099f8cdec: 9048 bb00 | 0000 0000 

  0x000001a099f8cdf4: ;   {runtime_call nmethod}
  0x000001a099f8cdf4: 0000 00e9 | fbff ffff 

  0x000001a099f8cdfc: ;   {static_stub}
  0x000001a099f8cdfc: 9048 bb00 | 0000 0000 

  0x000001a099f8ce04: ;   {runtime_call nmethod}
  0x000001a099f8ce04: 0000 00e9 | fbff ffff 

  0x000001a099f8ce0c: ;   {static_stub}
  0x000001a099f8ce0c: 9048 bb00 | 0000 0000 

  0x000001a099f8ce14: ;   {runtime_call nmethod}
  0x000001a099f8ce14: 0000 00e9 | fbff ffff 

  0x000001a099f8ce1c: ;   {static_stub}
  0x000001a099f8ce1c: 9048 bb00 | 0000 0000 

  0x000001a099f8ce24: ;   {runtime_call nmethod}
  0x000001a099f8ce24: 0000 00e9 | fbff ffff 

  0x000001a099f8ce2c: ;   {static_stub}
  0x000001a099f8ce2c: 9048 bb00 | 0000 0000 

  0x000001a099f8ce34: ;   {runtime_call nmethod}
  0x000001a099f8ce34: 0000 00e9 | fbff ffff 

  0x000001a099f8ce3c: ;   {static_stub}
  0x000001a099f8ce3c: 9048 bb00 | 0000 0000 

  0x000001a099f8ce44: ;   {runtime_call nmethod}
  0x000001a099f8ce44: 0000 00e9 | fbff ffff 

  0x000001a099f8ce4c: ;   {static_stub}
  0x000001a099f8ce4c: 9048 bb00 | 0000 0000 

  0x000001a099f8ce54: ;   {runtime_call nmethod}
  0x000001a099f8ce54: 0000 00e9 | fbff ffff 

  0x000001a099f8ce5c: ;   {static_stub}
  0x000001a099f8ce5c: 9048 bb00 | 0000 0000 

  0x000001a099f8ce64: ;   {runtime_call nmethod}
  0x000001a099f8ce64: 0000 00e9 | fbff ffff 

  0x000001a099f8ce6c: ;   {static_stub}
  0x000001a099f8ce6c: 9048 bb00 | 0000 0000 

  0x000001a099f8ce74: ;   {runtime_call nmethod}
  0x000001a099f8ce74: 0000 00e9 | fbff ffff 

  0x000001a099f8ce7c: ;   {static_stub}
  0x000001a099f8ce7c: 48bb 0000 | 0000 0000 

  0x000001a099f8ce84: ;   {runtime_call nmethod}
  0x000001a099f8ce84: 0000 e9fb 

  0x000001a099f8ce88: ;   {static_stub}
  0x000001a099f8ce88: ffff ff48 | bb00 0000 | 0000 0000 

  0x000001a099f8ce94: ;   {runtime_call nmethod}
  0x000001a099f8ce94: 00e9 fbff 

  0x000001a099f8ce98: ;   {static_stub}
  0x000001a099f8ce98: ffff 48bb | 0000 0000 | 0000 0000 

  0x000001a099f8cea4: ;   {runtime_call nmethod}
  0x000001a099f8cea4: e9fb ffff 

  0x000001a099f8cea8: ;   {static_stub}
  0x000001a099f8cea8: ff48 bb00 | 0000 0000 

  0x000001a099f8ceb0: ;   {runtime_call nmethod}
  0x000001a099f8ceb0: 0000 00e9 | fbff ffff 

  0x000001a099f8ceb8: ;   {static_stub}
  0x000001a099f8ceb8: 48bb 0000 | 0000 0000 

  0x000001a099f8cec0: ;   {runtime_call nmethod}
  0x000001a099f8cec0: 0000 e9fb 

  0x000001a099f8cec4: ;   {static_stub}
  0x000001a099f8cec4: ffff ff48 | bb00 0000 | 0000 0000 

  0x000001a099f8ced0: ;   {runtime_call nmethod}
  0x000001a099f8ced0: 00e9 fbff 

  0x000001a099f8ced4: ;   {static_stub}
  0x000001a099f8ced4: ffff 48bb | 4841 04b2 | a001 0000 

  0x000001a099f8cee0: ;   {runtime_call I2C/C2I adapters}
  0x000001a099f8cee0: e97e 65cd 

  0x000001a099f8cee4: ;   {static_stub}
  0x000001a099f8cee4: 0648 bb00 | 0000 0000 

  0x000001a099f8ceec: ;   {runtime_call nmethod}
  0x000001a099f8ceec: 0000 00e9 | fbff ffff 
[Exception Handler]
  0x000001a099f8cef4: ;   {runtime_call handle_exception_from_callee Runtime1 stub}
  0x000001a099f8cef4: e887 7cd9 

  0x000001a099f8cef8: ;   {external_word}
  0x000001a099f8cef8: 0648 b990 | 7f16 27fc | 7f00 0048 

  0x000001a099f8cf04: ;   {runtime_call}
  0x000001a099f8cf04: 83e4 f048 | b8e0 44d9 | 26fc 7f00 | 00ff d0f4 
[Deopt Handler Code]
  0x000001a099f8cf14: ;   {section_word}
  0x000001a099f8cf14: 49ba 14cf | f899 a001 | 0000 4152 

  0x000001a099f8cf20: ;   {runtime_call DeoptimizationBlob}
  0x000001a099f8cf20: e97b 7acd | 06f4 f4f4 
[/MachCode]


Compiled method (c1) 9719 10127       3       org.eclipse.e4.core.internal.di.InjectorImpl::processAnnotated (417 bytes)
 total in heap  [0x000001a099f88b90,0x000001a099f8a308] = 6008
 relocation     [0x000001a099f88cf0,0x000001a099f88e80] = 400
 main code      [0x000001a099f88e80,0x000001a099f89b60] = 3296
 stub code      [0x000001a099f89b60,0x000001a099f89c70] = 272
 oops           [0x000001a099f89c70,0x000001a099f89c78] = 8
 metadata       [0x000001a099f89c78,0x000001a099f89ca8] = 48
 scopes data    [0x000001a099f89ca8,0x000001a099f8a090] = 1000
 scopes pcs     [0x000001a099f8a090,0x000001a099f8a2c0] = 560
 dependencies   [0x000001a099f8a2c0,0x000001a099f8a2c8] = 8
 nul chk table  [0x000001a099f8a2c8,0x000001a099f8a308] = 64

[Constant Pool (empty)]

[MachCode]
[Entry Point]
  # {method} {0x000001a0f48ef0a0} 'processAnnotated' '(Lorg/eclipse/e4/core/internal/di/AnnotationLookup$AnnotationProxy;Ljava/lang/Object;Ljava/lang/Class;Lorg/eclipse/e4/core/di/suppliers/PrimaryObjectSupplier;Lorg/eclipse/e4/core/di/suppliers/PrimaryObjectSupplier;Ljava/util/List;)V' in 'org/eclipse/e4/core/internal/di/InjectorImpl'
  # this:     rdx:rdx   = 'org/eclipse/e4/core/internal/di/InjectorImpl'
  # parm0:    r8:r8     = 'org/eclipse/e4/core/internal/di/AnnotationLookup$AnnotationProxy'
  # parm1:    r9:r9     = 'java/lang/Object'
  # parm2:    rdi:rdi   = 'java/lang/Class'
  # parm3:    rsi:rsi   = 'org/eclipse/e4/core/di/suppliers/PrimaryObjectSupplier'
  # parm4:    rcx:rcx   = 'org/eclipse/e4/core/di/suppliers/PrimaryObjectSupplier'
  # parm5:    [sp+0xf0]   = 'java/util/List'  (sp of caller)
  0x000001a099f88e80: 448b 5208 | 49bb 0000 | 00b2 a001 | 0000 4d03 | d34c 3bd0 

  0x000001a099f88e94: ;   {runtime_call ic_miss_stub}
  0x000001a099f88e94: 0f85 e658 | cd06 660f | 1f44 0000 
[Verified Entry Point]
  0x000001a099f88ea0: 8984 2400 | 80ff ff55 | 4881 ece0 | 0000 0090 | 4181 7f20 | 0800 0000 

  0x000001a099f88eb8: ;   {runtime_call StubRoutines (final stubs)}
  0x000001a099f88eb8: 7405 e8a1 | becb 0648 | 8954 2470 | 4c89 4424 | 784c 898c | 2480 0000 | 0048 89b4 | 2488 0000 
  0x000001a099f88ed8: 0048 898c | 2490 0000 

  0x000001a099f88ee0: ;   {metadata(method data for {method} {0x000001a0f48ef0a0} 'processAnnotated' '(Lorg/eclipse/e4/core/internal/di/AnnotationLookup$AnnotationProxy;Ljava/lang/Object;Ljava/lang/Class;Lorg/eclipse/e4/core/di/suppliers/PrimaryObjectSupplier;Lorg/eclipse/e4/core/di/suppliers/PrimaryObjectSupplier;Ljava/util/List;)V' in 'org/eclipse/e4/core/internal/di/InjectorImpl')}
  0x000001a099f88ee0: 0048 bba0 | 5f75 f5a0 | 0100 008b | 83cc 0000 | 0083 c002 | 8983 cc00 | 0000 25fe | 0700 0085 
  0x000001a099f88f00: c00f 84c2 | 0a00 0048 | 3b07 488b 

  0x000001a099f88f0c: ;   {metadata(method data for {method} {0x000001a0f48ef0a0} 'processAnnotated' '(Lorg/eclipse/e4/core/internal/di/AnnotationLookup$AnnotationProxy;Ljava/lang/Object;Ljava/lang/Class;Lorg/eclipse/e4/core/di/suppliers/PrimaryObjectSupplier;Lorg/eclipse/e4/core/di/suppliers/PrimaryObjectSupplier;Ljava/util/List;)V' in 'org/eclipse/e4/core/internal/di/InjectorImpl')}
  0x000001a099f88f0c: df48 b8a0 | 5f75 f5a0 | 0100 0048 | 8380 1001 | 0000 0148 | 8bd7 4889 

  0x000001a099f88f24: ;   {optimized virtual_call}
  0x000001a099f88f24: 7c24 68e8 

  0x000001a099f88f28: ; ImmutableOopMap {[104]=Oop [112]=Oop [120]=Oop [128]=Oop [136]=Oop [144]=Oop [240]=Oop }
                      ;*invokevirtual getSuperclass {reexecute=0 rethrow=0 return_oop=0}
                      ; - org.eclipse.e4.core.internal.di.InjectorImpl::processAnnotated@1 (line 936)
  0x000001a099f88f28: 3443 6a07 

  0x000001a099f88f2c: ;   {other}
  0x000001a099f88f2c: 0f1f 8400 | 9c03 0000 | 4889 8424 | 9800 0000 

  0x000001a099f88f3c: ;   {metadata(method data for {method} {0x000001a0f48ef0a0} 'processAnnotated' '(Lorg/eclipse/e4/core/internal/di/AnnotationLookup$AnnotationProxy;Ljava/lang/Object;Ljava/lang/Class;Lorg/eclipse/e4/core/di/suppliers/PrimaryObjectSupplier;Lorg/eclipse/e4/core/di/suppliers/PrimaryObjectSupplier;Ljava/util/List;)V' in 'org/eclipse/e4/core/internal/di/InjectorImpl')}
  0x000001a099f88f3c: 4885 c048 | baa0 5f75 | f5a0 0100 | 0048 c7c6 | 4801 0000 | 7407 48c7 | c658 0100 | 0048 8b3c 
  0x000001a099f88f5c: 3248 8d7f | 0148 893c | 320f 84f9 | 0200 0048 | 3b00 488b 

  0x000001a099f88f70: ;   {metadata(method data for {method} {0x000001a0f48ef0a0} 'processAnnotated' '(Lorg/eclipse/e4/core/internal/di/AnnotationLookup$AnnotationProxy;Ljava/lang/Object;Ljava/lang/Class;Lorg/eclipse/e4/core/di/suppliers/PrimaryObjectSupplier;Lorg/eclipse/e4/core/di/suppliers/PrimaryObjectSupplier;Ljava/util/List;)V' in 'org/eclipse/e4/core/internal/di/InjectorImpl')}
  0x000001a099f88f70: d048 bea0 | 5f75 f5a0 | 0100 0048 | 8386 6801 

  0x000001a099f88f80: ;   {metadata(method data for {method} {0x000001a0b2465ac0} 'getName' '()Ljava/lang/String;' in 'java/lang/Class')}
  0x000001a099f88f80: 0000 0148 | baf8 b105 | f3a0 0100 | 008b b2cc | 0000 0083 | c602 89b2 | cc00 0000 | 81e6 feff 
  0x000001a099f88fa0: 1f00 85f6 | 0f84 4a0a | 0000 8b50 | 2c48 c1e2 | 0348 85d2 

  0x000001a099f88fb4: ;   {metadata(method data for {method} {0x000001a0b2465ac0} 'getName' '()Ljava/lang/String;' in 'java/lang/Class')}
  0x000001a099f88fb4: 48be f8b1 | 05f3 a001 | 0000 48c7 | c710 0100 | 0074 0748 | c7c7 2001 | 0000 488b | 1c3e 488d 
  0x000001a099f88fd4: 5b01 4889 | 1c3e 0f84 | 1500 0000 

  0x000001a099f88fe0: ;   {metadata(method data for {method} {0x000001a0b2465ac0} 'getName' '()Ljava/lang/String;' in 'java/lang/Class')}
  0x000001a099f88fe0: 48be f8b1 | 05f3 a001 | 0000 ff86 | 3001 0000 | e92a 0000 | 0048 8bd0 

  0x000001a099f88ff8: ;   {metadata(method data for {method} {0x000001a0b2465ac0} 'getName' '()Ljava/lang/String;' in 'java/lang/Class')}
  0x000001a099f88ff8: 48be f8b1 | 05f3 a001 | 0000 4883 | 8648 0100 | 0001 488b 

  0x000001a099f8900c: ;   {optimized virtual_call}
  0x000001a099f8900c: d066 90e8 

  0x000001a099f89010: ; ImmutableOopMap {[104]=Oop [112]=Oop [120]=Oop [128]=Oop [136]=Oop [144]=Oop [152]=Oop [240]=Oop }
                      ;*invokevirtual initClassName {reexecute=0 rethrow=0 return_oop=0}
                      ; - java.lang.Class::getName@14
                      ; - org.eclipse.e4.core.internal.di.InjectorImpl::processAnnotated@13 (line 937)
  0x000001a099f89010: 6c5a cd06 

  0x000001a099f89014: ;   {other}
  0x000001a099f89014: 0f1f 8400 | 8404 0001 | 488b d048 | 3b02 4c8b 

  0x000001a099f89024: ;   {metadata(method data for {method} {0x000001a0f48ef0a0} 'processAnnotated' '(Lorg/eclipse/e4/core/internal/di/AnnotationLookup$AnnotationProxy;Ljava/lang/Object;Ljava/lang/Class;Lorg/eclipse/e4/core/di/suppliers/PrimaryObjectSupplier;Lorg/eclipse/e4/core/di/suppliers/PrimaryObjectSupplier;Ljava/util/List;)V' in 'org/eclipse/e4/core/internal/di/InjectorImpl')}
  0x000001a099f89024: c248 bea0 | 5f75 f5a0 | 0100 0048 | 8386 a001 

  0x000001a099f89034: ;   {oop("java.lang.Object"{0x0000000740330d20})}
  0x000001a099f89034: 0000 0149 | b820 0d33 | 4007 0000 | 0066 0f1f 

  0x000001a099f89044: ;   {optimized virtual_call}
  0x000001a099f89044: 4400 00e8 

  0x000001a099f89048: ; ImmutableOopMap {[104]=Oop [112]=Oop [120]=Oop [128]=Oop [136]=Oop [144]=Oop [152]=Oop [240]=Oop }
                      ;*invokevirtual equals {reexecute=0 rethrow=0 return_oop=0}
                      ; - org.eclipse.e4.core.internal.di.InjectorImpl::processAnnotated@18 (line 937)
  0x000001a099f89048: f49c 4f07 

  0x000001a099f8904c: ;   {other}
  0x000001a099f8904c: 0f1f 8400 | bc04 0002 

  0x000001a099f89054: ;   {metadata(method data for {method} {0x000001a0f48ef0a0} 'processAnnotated' '(Lorg/eclipse/e4/core/internal/di/AnnotationLookup$AnnotationProxy;Ljava/lang/Object;Ljava/lang/Class;Lorg/eclipse/e4/core/di/suppliers/PrimaryObjectSupplier;Lorg/eclipse/e4/core/di/suppliers/PrimaryObjectSupplier;Ljava/util/List;)V' in 'org/eclipse/e4/core/internal/di/InjectorImpl')}
  0x000001a099f89054: 85c0 49b8 | a05f 75f5 | a001 0000 | 48c7 c2d8 | 0100 0075 | 0748 c7c2 | e801 0000 | 498b 3410 
  0x000001a099f89074: 488d 7601 | 4989 3410 | 0f85 e201 | 0000 488b | b424 f000 | 0000 483b | 064c 8bc6 

  0x000001a099f89090: ;   {metadata(method data for {method} {0x000001a0f48ef0a0} 'processAnnotated' '(Lorg/eclipse/e4/core/internal/di/AnnotationLookup$AnnotationProxy;Ljava/lang/Object;Ljava/lang/Class;Lorg/eclipse/e4/core/di/suppliers/PrimaryObjectSupplier;Lorg/eclipse/e4/core/di/suppliers/PrimaryObjectSupplier;Ljava/util/List;)V' in 'org/eclipse/e4/core/internal/di/InjectorImpl')}
  0x000001a099f89090: 48ba a05f | 75f5 a001 | 0000 458b | 4008 49ba | 0000 00b2 | a001 0000 | 4d03 c24c | 3b82 0802 
  0x000001a099f890b0: 0000 750d | 4883 8210 | 0200 0001 | e960 0000 | 004c 3b82 | 1802 0000 | 750d 4883 | 8220 0200 
  0x000001a099f890d0: 0001 e94a | 0000 0048 | 83ba 0802 | 0000 0075 | 174c 8982 | 0802 0000 | 48c7 8210 | 0200 0001 
  0x000001a099f890f0: 0000 00e9 | 2900 0000 | 4883 ba18 | 0200 0000 | 7517 4c89 | 8218 0200 | 0048 c782 | 2002 0000 
  0x000001a099f89110: 0100 0000 | e908 0000 | 0048 8382 | f801 0000 | 014c 8b44 | 2468 488b | d60f 1f40 | 0048 b8e0 
  0x000001a099f89130: a50b b2a0 

  0x000001a099f89134: ;   {virtual_call}
  0x000001a099f89134: 0100 00e8 

  0x000001a099f89138: ; ImmutableOopMap {[104]=Oop [112]=Oop [120]=Oop [128]=Oop [136]=Oop [144]=Oop [152]=Oop [240]=Oop }
                      ;*invokeinterface add {reexecute=0 rethrow=0 return_oop=0}
                      ; - org.eclipse.e4.core.internal.di.InjectorImpl::processAnnotated@27 (line 938)
  0x000001a099f89138: 24c1 4d07 

  0x000001a099f8913c: ;   {other}
  0x000001a099f8913c: 0f1f 8400 | ac05 0003 | 488b 5424 

  0x000001a099f89148: ;   {metadata(method data for {method} {0x000001a0f48ef0a0} 'processAnnotated' '(Lorg/eclipse/e4/core/internal/di/AnnotationLookup$AnnotationProxy;Ljava/lang/Object;Ljava/lang/Class;Lorg/eclipse/e4/core/di/suppliers/PrimaryObjectSupplier;Lorg/eclipse/e4/core/di/suppliers/PrimaryObjectSupplier;Ljava/util/List;)V' in 'org/eclipse/e4/core/internal/di/InjectorImpl')}
  0x000001a099f89148: 7049 b8a0 | 5f75 f5a0 | 0100 0049 | 8380 3002 | 0000 014c | 8b44 2478 | 4c8b 8c24 | 8000 0000 
  0x000001a099f89168: 488b bc24 | 9800 0000 | 488b b424 | 8800 0000 | 488b 8c24 | 9000 0000 | 488b 9c24 | f000 0000 
  0x000001a099f89188: 4889 1c24 | 488b 5424 | 7066 0f1f 

  0x000001a099f89194: ;   {optimized virtual_call}
  0x000001a099f89194: 4400 00e8 

  0x000001a099f89198: ; ImmutableOopMap {[104]=Oop [112]=Oop [120]=Oop [128]=Oop [136]=Oop [144]=Oop [240]=Oop }
                      ;*invokevirtual processAnnotated {reexecute=0 rethrow=0 return_oop=0}
                      ; - org.eclipse.e4.core.internal.di.InjectorImpl::processAnnotated@44 (line 939)
  0x000001a099f89198: 04fd ffff 

  0x000001a099f8919c: ;   {other}
  0x000001a099f8919c: 0f1f 8400 | 0c06 0004 | 488b b424 | f000 0000 

  0x000001a099f891ac: ;   {metadata(method data for {method} {0x000001a0f48ef0a0} 'processAnnotated' '(Lorg/eclipse/e4/core/internal/di/AnnotationLookup$AnnotationProxy;Ljava/lang/Object;Ljava/lang/Class;Lorg/eclipse/e4/core/di/suppliers/PrimaryObjectSupplier;Lorg/eclipse/e4/core/di/suppliers/PrimaryObjectSupplier;Ljava/util/List;)V' in 'org/eclipse/e4/core/internal/di/InjectorImpl')}
  0x000001a099f891ac: 49b8 a05f | 75f5 a001 | 0000 8b76 | 0849 ba00 | 0000 b2a0 | 0100 0049 | 03f2 493b | b078 0200 
  0x000001a099f891cc: 0075 0d49 | 8380 8002 | 0000 01e9 | 6000 0000 | 493b b088 | 0200 0075 | 0d49 8380 | 9002 0000 
  0x000001a099f891ec: 01e9 4a00 | 0000 4983 | b878 0200 | 0000 7517 | 4989 b078 | 0200 0049 | c780 8002 | 0000 0100 
  0x000001a099f8920c: 0000 e929 | 0000 0049 | 83b8 8802 | 0000 0075 | 1749 89b0 | 8802 0000 | 49c7 8090 | 0200 0001 
  0x000001a099f8922c: 0000 00e9 | 0800 0000 | 4983 8068 | 0200 0001 | 4c8b 4424 | 6848 8b94 | 24f0 0000 | 000f 1f40 
  0x000001a099f8924c: 0048 b8e0 | a50b b2a0 

  0x000001a099f89254: ;   {virtual_call}
  0x000001a099f89254: 0100 00e8 

  0x000001a099f89258: ; ImmutableOopMap {[104]=Oop [112]=Oop [120]=Oop [128]=Oop [136]=Oop [144]=Oop [240]=Oop }
                      ;*invokeinterface remove {reexecute=0 rethrow=0 return_oop=0}
                      ; - org.eclipse.e4.core.internal.di.InjectorImpl::processAnnotated@50 (line 940)
  0x000001a099f89258: e45d 7907 

  0x000001a099f8925c: ;   {other}
  0x000001a099f8925c: 0f1f 8400 | cc06 0005 | 488b 7c24 | 6848 8b54 

  0x000001a099f8926c: ;   {metadata(method data for {method} {0x000001a0f48ef0a0} 'processAnnotated' '(Lorg/eclipse/e4/core/internal/di/AnnotationLookup$AnnotationProxy;Ljava/lang/Object;Ljava/lang/Class;Lorg/eclipse/e4/core/di/suppliers/PrimaryObjectSupplier;Lorg/eclipse/e4/core/di/suppliers/PrimaryObjectSupplier;Ljava/util/List;)V' in 'org/eclipse/e4/core/internal/di/InjectorImpl')}
  0x000001a099f8926c: 2470 49b8 | a05f 75f5 | a001 0000 | 4983 80a0 | 0200 0001 | 4c8b c748 | 8b54 2470 | 0f1f 8000 
  0x000001a099f8928c: ;   {optimized virtual_call}
  0x000001a099f8928c: 0000 00e8 

  0x000001a099f89290: ; ImmutableOopMap {[112]=Oop [120]=Oop [128]=Oop [136]=Oop [144]=Oop [240]=Oop }
                      ;*invokevirtual getDeclaredMethods {reexecute=0 rethrow=0 return_oop=0}
                      ; - org.eclipse.e4.core.internal.di.InjectorImpl::processAnnotated@58 (line 942)
  0x000001a099f89290: 4c2e c1ff 

  0x000001a099f89294: ;   {other}
  0x000001a099f89294: 0f1f 8400 | 0407 0006 | 4889 8424 | b000 0000 

  0x000001a099f892a4: ; implicit exception: dispatches to 0x000001a099f89a1f
  0x000001a099f892a4: 8b70 0c89 | b424 a400 

  0x000001a099f892ac: ;   {metadata(method data for {method} {0x000001a0f48ef0a0} 'processAnnotated' '(Lorg/eclipse/e4/core/internal/di/AnnotationLookup$AnnotationProxy;Ljava/lang/Object;Ljava/lang/Class;Lorg/eclipse/e4/core/di/suppliers/PrimaryObjectSupplier;Lorg/eclipse/e4/core/di/suppliers/PrimaryObjectSupplier;Ljava/util/List;)V' in 'org/eclipse/e4/core/internal/di/InjectorImpl')}
  0x000001a099f892ac: 0000 49b8 | a05f 75f5 | a001 0000 | 41ff 80d8 | 0200 00bf | 0000 0000 | 0f1f 4000 | 4c8b 4424 
  0x000001a099f892cc: 783b fe41 | bd02 0000 | 007c 0641 | bd00 0000 

  0x000001a099f892dc: ;   {metadata(method data for {method} {0x000001a0f48ef0a0} 'processAnnotated' '(Lorg/eclipse/e4/core/internal/di/AnnotationLookup$AnnotationProxy;Ljava/lang/Object;Ljava/lang/Class;Lorg/eclipse/e4/core/di/suppliers/PrimaryObjectSupplier;Lorg/eclipse/e4/core/di/suppliers/PrimaryObjectSupplier;Ljava/util/List;)V' in 'org/eclipse/e4/core/internal/di/InjectorImpl')}
  0x000001a099f892dc: 0049 bea0 | 5f75 f5a0 | 0100 0041 | 8b96 d000 | 0000 4103 | d541 8996 | d000 0000 | 4585 ed75 
  0x000001a099f892fc: 05ba 0200 | 0000 81e2 | fe3f 0000 | 85d2 0f84 | 1407 0000 | 4d8b 9750 

  0x000001a099f89314: ; ImmutableOopMap {rax=Oop r8=Oop [112]=Oop [120]=Oop [128]=Oop [136]=Oop [144]=Oop [176]=Oop [240]=Oop }
                      ;*if_icmplt {reexecute=1 rethrow=0 return_oop=0}
                      ; - (reexecute) org.eclipse.e4.core.internal.di.InjectorImpl::processAnnotated@413 (line 943)
                      ;   {poll}
  0x000001a099f89314: 0400 0041 | 8502 3bfe 

  0x000001a099f8931c: ;   {metadata(method data for {method} {0x000001a0f48ef0a0} 'processAnnotated' '(Lorg/eclipse/e4/core/internal/di/AnnotationLookup$AnnotationProxy;Ljava/lang/Object;Ljava/lang/Class;Lorg/eclipse/e4/core/di/suppliers/PrimaryObjectSupplier;Lorg/eclipse/e4/core/di/suppliers/PrimaryObjectSupplier;Ljava/util/List;)V' in 'org/eclipse/e4/core/internal/di/InjectorImpl')}
  0x000001a099f8931c: 48ba a05f | 75f5 a001 | 0000 49c7 | c508 0c00 | 007d 0749 | c7c5 f80b | 0000 4e8b | 342a 4d8d 
  0x000001a099f8933c: 7601 4e89 | 342a 0f8d | 3905 0000 | 488b 5424 | 704c 63ef | 468b 6ca8 | 1049 c1e5 | 034c 8bf2 
  0x000001a099f8935c: 89bc 24a0 

  0x000001a099f89360: ;   {metadata(method data for {method} {0x000001a0f48ef0a0} 'processAnnotated' '(Lorg/eclipse/e4/core/internal/di/AnnotationLookup$AnnotationProxy;Ljava/lang/Object;Ljava/lang/Class;Lorg/eclipse/e4/core/di/suppliers/PrimaryObjectSupplier;Lorg/eclipse/e4/core/di/suppliers/PrimaryObjectSupplier;Ljava/util/List;)V' in 'org/eclipse/e4/core/internal/di/InjectorImpl')}
  0x000001a099f89360: 0000 0048 | bea0 5f75 | f5a0 0100 | 0048 8386 | f002 0000 | 0149 8bf0 | 4d8b c54c | 8bce 4c8b 
  0x000001a099f89380: f249 8bd6 | 4c89 ac24 | a800 0000 

  0x000001a099f8938c: ;   {optimized virtual_call}
  0x000001a099f8938c: 6666 90e8 

  0x000001a099f89390: ; ImmutableOopMap {[112]=Oop [120]=Oop [128]=Oop [136]=Oop [144]=Oop [168]=Oop [176]=Oop [240]=Oop }
                      ;*invokevirtual isAnnotationPresent {reexecute=0 rethrow=0 return_oop=0}
                      ; - org.eclipse.e4.core.internal.di.InjectorImpl::processAnnotated@88 (line 944)
  0x000001a099f89390: ec5d 5907 

  0x000001a099f89394: ;   {other}
  0x000001a099f89394: 0f1f 8400 | 0408 0008 

  0x000001a099f8939c: ;   {metadata(method data for {method} {0x000001a0f48ef0a0} 'processAnnotated' '(Lorg/eclipse/e4/core/internal/di/AnnotationLookup$AnnotationProxy;Ljava/lang/Object;Ljava/lang/Class;Lorg/eclipse/e4/core/di/suppliers/PrimaryObjectSupplier;Lorg/eclipse/e4/core/di/suppliers/PrimaryObjectSupplier;Ljava/util/List;)V' in 'org/eclipse/e4/core/internal/di/InjectorImpl')}
  0x000001a099f8939c: 85c0 49b8 | a05f 75f5 | a001 0000 | 49c7 c128 | 0300 0075 | 0749 c7c1 | 3803 0000 | 4b8b 1408 
  0x000001a099f893bc: 488d 5201 | 4b89 1408 | 0f85 1600 

  0x000001a099f893c8: ;   {metadata(method data for {method} {0x000001a0f48ef0a0} 'processAnnotated' '(Lorg/eclipse/e4/core/internal/di/AnnotationLookup$AnnotationProxy;Ljava/lang/Object;Ljava/lang/Class;Lorg/eclipse/e4/core/di/suppliers/PrimaryObjectSupplier;Lorg/eclipse/e4/core/di/suppliers/PrimaryObjectSupplier;Ljava/util/List;)V' in 'org/eclipse/e4/core/internal/di/InjectorImpl')}
  0x000001a099f893c8: 0000 49b8 | a05f 75f5 | a001 0000 | 41ff 8048 | 0300 00e9 | 8404 0000 | 488b 5424 

  0x000001a099f893e4: ;   {metadata(method data for {method} {0x000001a0f48ef0a0} 'processAnnotated' '(Lorg/eclipse/e4/core/internal/di/AnnotationLookup$AnnotationProxy;Ljava/lang/Object;Ljava/lang/Class;Lorg/eclipse/e4/core/di/suppliers/PrimaryObjectSupplier;Lorg/eclipse/e4/core/di/suppliers/PrimaryObjectSupplier;Ljava/util/List;)V' in 'org/eclipse/e4/core/internal/di/InjectorImpl')}
  0x000001a099f893e4: 7049 b8a0 | 5f75 f5a0 | 0100 0049 | 8380 d009 | 0000 014c | 8b84 24a8 | 0000 004c | 8b8c 24f0 
  0x000001a099f89404: 0000 0048 | 8b54 2470 

  0x000001a099f8940c: ;   {optimized virtual_call}
  0x000001a099f8940c: 6666 90e8 

  0x000001a099f89410: ; ImmutableOopMap {[112]=Oop [120]=Oop [128]=Oop [136]=Oop [144]=Oop [168]=Oop [176]=Oop [240]=Oop }
                      ;*invokevirtual isOverridden {reexecute=0 rethrow=0 return_oop=0}
                      ; - org.eclipse.e4.core.internal.di.InjectorImpl::processAnnotated@314 (line 964)
  0x000001a099f89410: ccee bf07 

  0x000001a099f89414: ;   {other}
  0x000001a099f89414: 0f1f 8400 | 8408 0009 

  0x000001a099f8941c: ;   {metadata(method data for {method} {0x000001a0f48ef0a0} 'processAnnotated' '(Lorg/eclipse/e4/core/internal/di/AnnotationLookup$AnnotationProxy;Ljava/lang/Object;Ljava/lang/Class;Lorg/eclipse/e4/core/di/suppliers/PrimaryObjectSupplier;Lorg/eclipse/e4/core/di/suppliers/PrimaryObjectSupplier;Ljava/util/List;)V' in 'org/eclipse/e4/core/internal/di/InjectorImpl')}
  0x000001a099f8941c: 85c0 48ba | a05f 75f5 | a001 0000 | 48c7 c608 | 0a00 0074 | 0748 c7c6 | 180a 0000 | 488b 3c32 
  0x000001a099f8943c: 488d 7f01 | 4889 3c32 | 0f84 1500 

  0x000001a099f89448: ;   {metadata(method data for {method} {0x000001a0f48ef0a0} 'processAnnotated' '(Lorg/eclipse/e4/core/internal/di/AnnotationLookup$AnnotationProxy;Ljava/lang/Object;Ljava/lang/Class;Lorg/eclipse/e4/core/di/suppliers/PrimaryObjectSupplier;Lorg/eclipse/e4/core/di/suppliers/PrimaryObjectSupplier;Ljava/util/List;)V' in 'org/eclipse/e4/core/internal/di/InjectorImpl')}
  0x000001a099f89448: 0000 48ba | a05f 75f5 | a001 0000 | ff82 280a | 0000 e905 

  0x000001a099f8945c: ;   {metadata('org/eclipse/e4/core/internal/di/MethodRequestor')}
  0x000001a099f8945c: 0400 0048 | bac0 b730 | b3a0 0100 | 0049 8b87 | b801 0000 | 488d 7830 | 493b bfc8 | 0100 000f 
  0x000001a099f8947c: 87c4 0500 | 0049 89bf | b801 0000 | 48c7 0001 | 0000 0048 | 8bca 49ba | 0000 00b2 | a001 0000 
  0x000001a099f8949c: 492b ca89 | 4808 4833 | c989 480c | 4833 c948 | 8948 1048 | 8948 1848 | 8948 2048 | 8948 2848 
  0x000001a099f894bc: 8984 24b8 | 0000 004c 

  0x000001a099f894c4: ;   {metadata(method data for {method} {0x000001a0f48ef0a0} 'processAnnotated' '(Lorg/eclipse/e4/core/internal/di/AnnotationLookup$AnnotationProxy;Ljava/lang/Object;Ljava/lang/Class;Lorg/eclipse/e4/core/di/suppliers/PrimaryObjectSupplier;Lorg/eclipse/e4/core/di/suppliers/PrimaryObjectSupplier;Ljava/util/List;)V' in 'org/eclipse/e4/core/internal/di/InjectorImpl')}
  0x000001a099f894c4: 8bc0 49b9 | a05f 75f5 | a001 0000 | 4983 8140 | 0a00 0001 | 4c8b 8424 | a800 0000 | 4c8b 4c24 
  0x000001a099f894e4: 7048 8bbc | 2488 0000 | 0048 8bb4 | 2490 0000 | 0048 8b8c | 2480 0000 | 00c7 0424 | 0000 0000 
  0x000001a099f89504: ;   {optimized virtual_call}
  0x000001a099f89504: 488b d0e8 

  0x000001a099f89508: ; ImmutableOopMap {[112]=Oop [120]=Oop [128]=Oop [136]=Oop [144]=Oop [168]=Oop [176]=Oop [184]=Oop [240]=Oop }
                      ;*invokespecial <init> {reexecute=0 rethrow=0 return_oop=0}
                      ; - org.eclipse.e4.core.internal.di.InjectorImpl::processAnnotated@336 (line 967)
  0x000001a099f89508: 0107 0000 

  0x000001a099f8950c: ;   {other}
  0x000001a099f8950c: 0f1f 8400 | 7c09 000a | 488b 5424 

  0x000001a099f89518: ;   {metadata(method data for {method} {0x000001a0f48ef0a0} 'processAnnotated' '(Lorg/eclipse/e4/core/internal/di/AnnotationLookup$AnnotationProxy;Ljava/lang/Object;Ljava/lang/Class;Lorg/eclipse/e4/core/di/suppliers/PrimaryObjectSupplier;Lorg/eclipse/e4/core/di/suppliers/PrimaryObjectSupplier;Ljava/util/List;)V' in 'org/eclipse/e4/core/internal/di/InjectorImpl')}
  0x000001a099f89518: 7049 b8a0 | 5f75 f5a0 | 0100 0049 | 8380 500a | 0000 014c | 8b84 24b8 | 0000 004c | 8b8c 2488 
  0x000001a099f89538: 0000 0048 | 8bbc 2490 | 0000 00be | 0000 0000 | b900 0000 | 00c7 0424 | 0000 0000 | 488b 5424 
  0x000001a099f89558: 7066 0f1f 

  0x000001a099f8955c: ;   {optimized virtual_call}
  0x000001a099f8955c: 4400 00e8 

  0x000001a099f89560: ; ImmutableOopMap {[112]=Oop [120]=Oop [128]=Oop [136]=Oop [144]=Oop [168]=Oop [176]=Oop [184]=Oop [240]=Oop }
                      ;*invokevirtual resolveArgs {reexecute=0 rethrow=0 return_oop=0}
                      ; - org.eclipse.e4.core.internal.di.InjectorImpl::processAnnotated@351 (line 968)
  0x000001a099f89560: 9c3c b3ff 

  0x000001a099f89564: ;   {other}
  0x000001a099f89564: 0f1f 8400 | d409 000b | 4889 8424 | c000 0000 | 488b 5424 

  0x000001a099f89578: ;   {metadata(method data for {method} {0x000001a0f48ef0a0} 'processAnnotated' '(Lorg/eclipse/e4/core/internal/di/AnnotationLookup$AnnotationProxy;Ljava/lang/Object;Ljava/lang/Class;Lorg/eclipse/e4/core/di/suppliers/PrimaryObjectSupplier;Lorg/eclipse/e4/core/di/suppliers/PrimaryObjectSupplier;Ljava/util/List;)V' in 'org/eclipse/e4/core/internal/di/InjectorImpl')}
  0x000001a099f89578: 7049 b8a0 | 5f75 f5a0 | 0100 0049 | 8380 880a 

  0x000001a099f89588: ;   {metadata(method data for {method} {0x000001a0f48ed328} 'unresolved' '([Ljava/lang/Object;)I' in 'org/eclipse/e4/core/internal/di/InjectorImpl')}
  0x000001a099f89588: 0000 0149 | b878 2f66 | f5a0 0100 | 0045 8b88 | cc00 0000 | 4183 c102 | 4589 88cc | 0000 0041 
  0x000001a099f895a8: 81e1 feff | 1f00 4585 | c90f 849b 

  0x000001a099f895b4: ;   {metadata(method data for {method} {0x000001a0f48ed328} 'unresolved' '([Ljava/lang/Object;)I' in 'org/eclipse/e4/core/internal/di/InjectorImpl')}
  0x000001a099f895b4: 0400 0049 | b878 2f66 | f5a0 0100 | 0041 ff80 | 1001 0000 | 41b8 0000 | 0000 e94d | 0000 000f 
  0x000001a099f895d4: 1f44 0000 | 4d63 c846 | 8b4c 8810 | 49c1 e103 

  0x000001a099f895e4: ;   {oop(a 'java/lang/Object'{0x000000074a94bc68})}
  0x000001a099f895e4: 49ba 68bc | 944a 0700 | 0000 4d3b 

  0x000001a099f895f0: ;   {metadata(method data for {method} {0x000001a0f48ed328} 'unresolved' '([Ljava/lang/Object;)I' in 'org/eclipse/e4/core/internal/di/InjectorImpl')}
  0x000001a099f895f0: ca49 b978 | 2f66 f5a0 | 0100 0048 | c7c2 3801 | 0000 7407 | 48c7 c228 | 0100 0049 | 8b34 1148 
  0x000001a099f89610: 8d76 0149 | 8934 110f | 8484 0000 | 0041 ffc0 

  0x000001a099f89620: ; implicit exception: dispatches to 0x000001a099f89a73
  0x000001a099f89620: 448b 480c | 453b c1ba | 0200 0000 | 7c05 ba00 

  0x000001a099f89630: ;   {metadata(method data for {method} {0x000001a0f48ed328} 'unresolved' '([Ljava/lang/Object;)I' in 'org/eclipse/e4/core/internal/di/InjectorImpl')}
  0x000001a099f89630: 0000 0048 | be78 2f66 | f5a0 0100 | 008b bed0 | 0000 0003 | fa89 bed0 | 0000 0085 | d275 05bf 
  0x000001a099f89650: 0200 0000 | 81e7 fe3f | 0000 85ff | 0f84 1604 | 0000 4d8b | 9750 0400 

  0x000001a099f89668: ; ImmutableOopMap {rax=Oop [112]=Oop [120]=Oop [128]=Oop [136]=Oop [144]=Oop [168]=Oop [176]=Oop [184]=Oop [192]=Oop [240]=Oop }
                      ;*if_icmplt {reexecute=1 rethrow=0 return_oop=0}
                      ; - (reexecute) org.eclipse.e4.core.internal.di.InjectorImpl::unresolved@22 (line 625)
                      ; - org.eclipse.e4.core.internal.di.InjectorImpl::processAnnotated@359 (line 969)
                      ;   {poll}
  0x000001a099f89668: 0041 8502 

  0x000001a099f8966c: ;   {metadata(method data for {method} {0x000001a0f48ed328} 'unresolved' '([Ljava/lang/Object;)I' in 'org/eclipse/e4/core/internal/di/InjectorImpl')}
  0x000001a099f8966c: 453b c149 | b978 2f66 | f5a0 0100 | 0048 c7c2 | 4801 0000 | 7c07 48c7 | c258 0100 | 0049 8b34 
  0x000001a099f8968c: 1148 8d76 | 0149 8934 | 110f 8c3d | ffff ff41 | b8ff ffff | ff41 83f8 

  0x000001a099f896a4: ;   {metadata(method data for {method} {0x000001a0f48ef0a0} 'processAnnotated' '(Lorg/eclipse/e4/core/internal/di/AnnotationLookup$AnnotationProxy;Ljava/lang/Object;Ljava/lang/Class;Lorg/eclipse/e4/core/di/suppliers/PrimaryObjectSupplier;Lorg/eclipse/e4/core/di/suppliers/PrimaryObjectSupplier;Ljava/util/List;)V' in 'org/eclipse/e4/core/internal/di/InjectorImpl')}
  0x000001a099f896a4: ff49 b9a0 | 5f75 f5a0 | 0100 0048 | c7c2 c00a | 0000 7407 | 48c7 c2d0 | 0a00 0049 | 8b34 1148 
  0x000001a099f896c4: 8d76 0149 | 8934 110f | 848e 0000 | 0044 8984 | 24c8 0000 | 004c 8bac | 24a8 0000 | 0048 8b54 
  0x000001a099f896e4: ;   {metadata(method data for {method} {0x000001a0f48ef0a0} 'processAnnotated' '(Lorg/eclipse/e4/core/internal/di/AnnotationLookup$AnnotationProxy;Ljava/lang/Object;Ljava/lang/Class;Lorg/eclipse/e4/core/di/suppliers/PrimaryObjectSupplier;Lorg/eclipse/e4/core/di/suppliers/PrimaryObjectSupplier;Ljava/util/List;)V' in 'org/eclipse/e4/core/internal/di/InjectorImpl')}
  0x000001a099f896e4: 2470 49b9 | a05f 75f5 | a001 0000 | 4983 81e0 | 0a00 0001 

  0x000001a099f896f8: ;   {oop(a 'org/eclipse/e4/core/internal/di/AnnotationLookup$AnnotationProxy'{0x00000007444d6c18})}
  0x000001a099f896f8: 4d8b c549 | b918 6c4d | 4407 0000 | 0048 8b54 | 2470 0f1f 

  0x000001a099f8970c: ;   {optimized virtual_call}
  0x000001a099f8970c: 4400 00e8 

  0x000001a099f89710: ; ImmutableOopMap {[112]=Oop [120]=Oop [128]=Oop [136]=Oop [144]=Oop [176]=Oop [184]=Oop [192]=Oop [240]=Oop }
                      ;*invokevirtual isAnnotationPresent {reexecute=0 rethrow=0 return_oop=0}
                      ; - org.eclipse.e4.core.internal.di.InjectorImpl::processAnnotated@376 (line 971)
  0x000001a099f89710: 6c53 cd06 

  0x000001a099f89714: ;   {other}
  0x000001a099f89714: 0f1f 8400 | 840b 000d 

  0x000001a099f8971c: ;   {metadata(method data for {method} {0x000001a0f48ef0a0} 'processAnnotated' '(Lorg/eclipse/e4/core/internal/di/AnnotationLookup$AnnotationProxy;Ljava/lang/Object;Ljava/lang/Class;Lorg/eclipse/e4/core/di/suppliers/PrimaryObjectSupplier;Lorg/eclipse/e4/core/di/suppliers/PrimaryObjectSupplier;Ljava/util/List;)V' in 'org/eclipse/e4/core/internal/di/InjectorImpl')}
  0x000001a099f8971c: 85c0 48ba | a05f 75f5 | a001 0000 | 48c7 c618 | 0b00 0074 | 0748 c7c6 | 280b 0000 | 488b 3c32 
  0x000001a099f8973c: 488d 7f01 | 4889 3c32 | 0f84 4d01 

  0x000001a099f89748: ;   {metadata(method data for {method} {0x000001a0f48ef0a0} 'processAnnotated' '(Lorg/eclipse/e4/core/internal/di/AnnotationLookup$AnnotationProxy;Ljava/lang/Object;Ljava/lang/Class;Lorg/eclipse/e4/core/di/suppliers/PrimaryObjectSupplier;Lorg/eclipse/e4/core/di/suppliers/PrimaryObjectSupplier;Ljava/util/List;)V' in 'org/eclipse/e4/core/internal/di/InjectorImpl')}
  0x000001a099f89748: 0000 48ba | a05f 75f5 | a001 0000 | ff82 380b | 0000 e905 | 0100 0048 | 8bf0 488b | 8424 b800 
  0x000001a099f89768: 0000 488b 

  0x000001a099f8976c: ;   {metadata(method data for {method} {0x000001a0f48ef0a0} 'processAnnotated' '(Lorg/eclipse/e4/core/internal/di/AnnotationLookup$AnnotationProxy;Ljava/lang/Object;Ljava/lang/Class;Lorg/eclipse/e4/core/di/suppliers/PrimaryObjectSupplier;Lorg/eclipse/e4/core/di/suppliers/PrimaryObjectSupplier;Ljava/util/List;)V' in 'org/eclipse/e4/core/internal/di/InjectorImpl')}
  0x000001a099f8976c: d048 bfa0 | 5f75 f5a0 | 0100 008b | 5208 49ba | 0000 00b2 | a001 0000 | 4903 d248 | 3b97 980b 
  0x000001a099f8978c: 0000 750d | 4883 87a0 | 0b00 0001 | e960 0000 | 0048 3b97 | a80b 0000 | 750d 4883 | 87b0 0b00 
  0x000001a099f897ac: 0001 e94a | 0000 0048 | 83bf 980b | 0000 0075 | 1748 8997 | 980b 0000 | 48c7 87a0 | 0b00 0001 
  0x000001a099f897cc: 0000 00e9 | 2900 0000 | 4883 bfa8 | 0b00 0000 | 7517 4889 | 97a8 0b00 | 0048 c787 | b00b 0000 
  0x000001a099f897ec: 0100 0000 | e908 0000 | 0048 8387 | 880b 0000 | 0141 0fbe | 5740 85d2 | 0f85 8f02 | 0000 4c8b 
  0x000001a099f8980c: d649 c1ea | 0344 8950 | 2848 8bd0 | 4833 d648 | c1ea 1548 | 83fa 000f | 858f 0200 | 0048 8bd0 
  0x000001a099f8982c: ;   {metadata(method data for {method} {0x000001a0f48ef0a0} 'processAnnotated' '(Lorg/eclipse/e4/core/internal/di/AnnotationLookup$AnnotationProxy;Ljava/lang/Object;Ljava/lang/Class;Lorg/eclipse/e4/core/di/suppliers/PrimaryObjectSupplier;Lorg/eclipse/e4/core/di/suppliers/PrimaryObjectSupplier;Ljava/util/List;)V' in 'org/eclipse/e4/core/internal/di/InjectorImpl')}
  0x000001a099f8982c: 48be a05f | 75f5 a001 

  0x000001a099f89834: ;   {metadata('org/eclipse/e4/core/internal/di/MethodRequestor')}
  0x000001a099f89834: 0000 49ba | c0b7 30b3 | a001 0000 | 4c89 96d0 | 0b00 0048 | 8386 d80b | 0000 0148 | 8bd0 0f1f 
  0x000001a099f89854: ;   {optimized virtual_call}
  0x000001a099f89854: 4400 00e8 

  0x000001a099f89858: ; ImmutableOopMap {[112]=Oop [120]=Oop [128]=Oop [136]=Oop [144]=Oop [176]=Oop [240]=Oop }
                      ;*invokevirtual execute {reexecute=0 rethrow=0 return_oop=0}
                      ; - org.eclipse.e4.core.internal.di.InjectorImpl::processAnnotated@402 (line 977)
  0x000001a099f89858: c40f 0000 

  0x000001a099f8985c: ;   {other}
  0x000001a099f8985c: 0f1f 8400 | cc0c 000e | 8bbc 24a0 | 0000 00ff | c78b b424 | a400 0000 | 488b 8424 | b000 0000 
  0x000001a099f8987c: e947 faff | ff48 81c4 | e000 0000 

  0x000001a099f89888: ;   {poll_return}
  0x000001a099f89888: 5d49 3ba7 | 4804 0000 | 0f87 3a02 | 0000 c344 | 8b8c 24c8 | 0000 0048 | 8b84 24b8 | 0000 0048 
  0x000001a099f898a8: 8b54 2470 

  0x000001a099f898ac: ;   {metadata(method data for {method} {0x000001a0f48ef0a0} 'processAnnotated' '(Lorg/eclipse/e4/core/internal/di/AnnotationLookup$AnnotationProxy;Ljava/lang/Object;Ljava/lang/Class;Lorg/eclipse/e4/core/di/suppliers/PrimaryObjectSupplier;Lorg/eclipse/e4/core/di/suppliers/PrimaryObjectSupplier;Ljava/util/List;)V' in 'org/eclipse/e4/core/internal/di/InjectorImpl')}
  0x000001a099f898ac: 49b8 a05f | 75f5 a001 | 0000 4983 | 8050 0b00 

  0x000001a099f898bc: ;   {metadata(method data for {method} {0x000001a0f48ec800} 'reportUnresolvedArgument' '(Lorg/eclipse/e4/core/internal/di/Requestor;I)V' in 'org/eclipse/e4/core/internal/di/InjectorImpl')}
  0x000001a099f898bc: 0001 49b8 | 286c 75f5 | a001 0000 | 418b 90cc | 0000 0083 | c202 4189 | 90cc 0000 | 0081 e2fe 
  0x000001a099f898dc: ff1f 0085 | d20f 84ff | 0100 0048 | 8b54 2470 

  0x000001a099f898ec: ;   {metadata(method data for {method} {0x000001a0f48ec800} 'reportUnresolvedArgument' '(Lorg/eclipse/e4/core/internal/di/Requestor;I)V' in 'org/eclipse/e4/core/internal/di/InjectorImpl')}
  0x000001a099f898ec: 49b8 286c | 75f5 a001 | 0000 4983 | 8010 0100 | 0001 4c8b | c048 8b54 

  0x000001a099f89904: ;   {optimized virtual_call}
  0x000001a099f89904: 2470 90e8 

  0x000001a099f89908: ; ImmutableOopMap {[112]=Oop [120]=Oop [128]=Oop [136]=Oop [144]=Oop [176]=Oop [184]=Oop [192]=Oop [240]=Oop }
                      ;*invokevirtual resolutionError {reexecute=0 rethrow=0 return_oop=0}
                      ; - org.eclipse.e4.core.internal.di.InjectorImpl::reportUnresolvedArgument@3 (line 458)
                      ; - org.eclipse.e4.core.internal.di.InjectorImpl::processAnnotated@390 (line 974)
  0x000001a099f89908: 7451 cd06 

  0x000001a099f8990c: ;   {other}
  0x000001a099f8990c: 0f1f 8400 | 7c0d 000f 

  0x000001a099f89914: ;   {metadata(method data for {method} {0x000001a0f48ec800} 'reportUnresolvedArgument' '(Lorg/eclipse/e4/core/internal/di/Requestor;I)V' in 'org/eclipse/e4/core/internal/di/InjectorImpl')}
  0x000001a099f89914: 4c8b c048 | ba28 6c75 | f5a0 0100 | 00ff 8248 | 0100 0090 

  0x000001a099f89928: ;   {no_reloc}
  0x000001a099f89928: e9e9 0100 | 0000 0000 | 0000 80ba | 2101 0000 | 040f 85e6 | 0100 0049 | 8b87 b801 | 0000 488d 
  0x000001a099f89948: 7828 493b | bfc8 0100 | 000f 87ce | 0100 0049 | 89bf b801 | 0000 48c7 | 0001 0000 | 0048 8bca 
  0x000001a099f89968: 49ba 0000 | 00b2 a001 | 0000 492b | ca89 4808 | 4833 c989 | 480c 4833 | c948 8948 | 1048 8948 
  0x000001a099f89988: 1848 8948 | 2048 8bd0 

  0x000001a099f89990: ;   {metadata(method data for {method} {0x000001a0f48ec800} 'reportUnresolvedArgument' '(Lorg/eclipse/e4/core/internal/di/Requestor;I)V' in 'org/eclipse/e4/core/internal/di/InjectorImpl')}
  0x000001a099f89990: 48be 286c | 75f5 a001 | 0000 4883 | 8678 0100 | 0001 488b | d048 8984 | 24d0 0000 

  0x000001a099f899ac: ;   {optimized virtual_call}
  0x000001a099f899ac: 0066 90e8 

  0x000001a099f899b0: ; ImmutableOopMap {[112]=Oop [120]=Oop [128]=Oop [136]=Oop [144]=Oop [176]=Oop [184]=Oop [192]=Oop [208]=Oop [240]=Oop }
                      ;*invokespecial <init> {reexecute=0 rethrow=0 return_oop=0}
                      ; - org.eclipse.e4.core.internal.di.InjectorImpl::reportUnresolvedArgument@23 (line 462)
                      ; - org.eclipse.e4.core.internal.di.InjectorImpl::processAnnotated@390 (line 974)
  0x000001a099f899b0: cc50 cd06 

  0x000001a099f899b4: ;   {other}
  0x000001a099f899b4: 0f1f 8400 | 240e 0010 | 488b 8424 | d000 0000 | e986 0100 

  0x000001a099f899c8: ;   {metadata({method} {0x000001a0f48ef0a0} 'processAnnotated' '(Lorg/eclipse/e4/core/internal/di/AnnotationLookup$AnnotationProxy;Ljava/lang/Object;Ljava/lang/Class;Lorg/eclipse/e4/core/di/suppliers/PrimaryObjectSupplier;Lorg/eclipse/e4/core/di/suppliers/PrimaryObjectSupplier;Ljava/util/List;)V' in 'org/eclipse/e4/core/internal/di/InjectorImpl')}
  0x000001a099f899c8: 0049 ba98 | f08e f4a0 | 0100 004c | 8954 2408 | 48c7 0424 | ffff ffff 

  0x000001a099f899e0: ;   {runtime_call counter_overflow Runtime1 stub}
  0x000001a099f899e0: e89b 09da 

  0x000001a099f899e4: ; ImmutableOopMap {rdx=Oop r8=Oop r9=Oop rdi=Oop rsi=Oop rcx=Oop [112]=Oop [120]=Oop [128]=Oop [136]=Oop [144]=Oop [240]=Oop }
                      ;*synchronization entry
                      ; - org.eclipse.e4.core.internal.di.InjectorImpl::processAnnotated@-1 (line 936)
  0x000001a099f899e4: 06e9 1df5 

  0x000001a099f899e8: ;   {runtime_call throw_null_pointer_exception Runtime1 stub}
  0x000001a099f899e8: ffff e811 

  0x000001a099f899ec: ; ImmutableOopMap {rdi=Oop [112]=Oop [120]=Oop [128]=Oop [136]=Oop [144]=Oop [240]=Oop }
                      ;*invokevirtual getSuperclass {reexecute=0 rethrow=0 return_oop=0}
                      ; - org.eclipse.e4.core.internal.di.InjectorImpl::processAnnotated@1 (line 936)
                      ;   {runtime_call throw_null_pointer_exception Runtime1 stub}
  0x000001a099f899ec: 8ad9 06e8 

  0x000001a099f899f0: ; ImmutableOopMap {rax=Oop [104]=Oop [112]=Oop [120]=Oop [128]=Oop [136]=Oop [144]=Oop [152]=Oop [240]=Oop }
                      ;*invokevirtual getName {reexecute=0 rethrow=0 return_oop=0}
                      ; - org.eclipse.e4.core.internal.di.InjectorImpl::processAnnotated@13 (line 937)
  0x000001a099f899f0: 0c8a d906 

  0x000001a099f899f4: ;   {metadata({method} {0x000001a0b2465ac0} 'getName' '()Ljava/lang/String;' in 'java/lang/Class')}
  0x000001a099f899f4: 49ba b85a | 46b2 a001 | 0000 4c89 | 5424 0848 | c704 24ff 

  0x000001a099f89a08: ;   {runtime_call counter_overflow Runtime1 stub}
  0x000001a099f89a08: ffff ffe8 

  0x000001a099f89a0c: ; ImmutableOopMap {rax=Oop [104]=Oop [112]=Oop [120]=Oop [128]=Oop [136]=Oop [144]=Oop [152]=Oop [240]=Oop }
                      ;*synchronization entry
                      ; - java.lang.Class::getName@-1
                      ; - org.eclipse.e4.core.internal.di.InjectorImpl::processAnnotated@13 (line 937)
  0x000001a099f89a0c: 7009 da06 | e995 f5ff 

  0x000001a099f89a14: ;   {runtime_call throw_null_pointer_exception Runtime1 stub}
  0x000001a099f89a14: ffe8 e689 

  0x000001a099f89a18: ; ImmutableOopMap {rdx=Oop [104]=Oop [112]=Oop [120]=Oop [128]=Oop [136]=Oop [144]=Oop [152]=Oop [240]=Oop }
                      ;*invokevirtual equals {reexecute=0 rethrow=0 return_oop=0}
                      ; - org.eclipse.e4.core.internal.di.InjectorImpl::processAnnotated@18 (line 937)
                      ;   {runtime_call throw_null_pointer_exception Runtime1 stub}
  0x000001a099f89a18: d906 e8e1 

  0x000001a099f89a1c: ; ImmutableOopMap {rsi=Oop [104]=Oop [112]=Oop [120]=Oop [128]=Oop [136]=Oop [144]=Oop [152]=Oop [240]=Oop }
                      ;*invokeinterface add {reexecute=0 rethrow=0 return_oop=0}
                      ; - org.eclipse.e4.core.internal.di.InjectorImpl::processAnnotated@27 (line 938)
                      ;   {runtime_call throw_null_pointer_exception Runtime1 stub}
  0x000001a099f89a1c: 89d9 06e8 

  0x000001a099f89a20: ; ImmutableOopMap {rax=Oop [112]=Oop [120]=Oop [128]=Oop [136]=Oop [144]=Oop [176]=Oop [240]=Oop }
                      ;*arraylength {reexecute=0 rethrow=0 return_oop=0}
                      ; - org.eclipse.e4.core.internal.di.InjectorImpl::processAnnotated@68 (line 943)
  0x000001a099f89a20: dc89 d906 

  0x000001a099f89a24: ;   {metadata({method} {0x000001a0f48ef0a0} 'processAnnotated' '(Lorg/eclipse/e4/core/internal/di/AnnotationLookup$AnnotationProxy;Ljava/lang/Object;Ljava/lang/Class;Lorg/eclipse/e4/core/di/suppliers/PrimaryObjectSupplier;Lorg/eclipse/e4/core/di/suppliers/PrimaryObjectSupplier;Ljava/util/List;)V' in 'org/eclipse/e4/core/internal/di/InjectorImpl')}
  0x000001a099f89a24: 49ba 98f0 | 8ef4 a001 | 0000 4c89 | 5424 0848 | c704 249d 

  0x000001a099f89a38: ;   {runtime_call counter_overflow Runtime1 stub}
  0x000001a099f89a38: 0100 00e8 

  0x000001a099f89a3c: ; ImmutableOopMap {rax=Oop r8=Oop [112]=Oop [120]=Oop [128]=Oop [136]=Oop [144]=Oop [176]=Oop [240]=Oop }
                      ;*if_icmplt {reexecute=1 rethrow=0 return_oop=0}
                      ; - (reexecute) org.eclipse.e4.core.internal.di.InjectorImpl::processAnnotated@413 (line 943)
  0x000001a099f89a3c: 4009 da06 | e9cb f8ff | ff48 8bd2 

  0x000001a099f89a48: ;   {runtime_call fast_new_instance Runtime1 stub}
  0x000001a099f89a48: e8b3 97d9 

  0x000001a099f89a4c: ; ImmutableOopMap {[112]=Oop [120]=Oop [128]=Oop [136]=Oop [144]=Oop [168]=Oop [176]=Oop [240]=Oop }
                      ;*new {reexecute=0 rethrow=0 return_oop=0}
                      ; - org.eclipse.e4.core.internal.di.InjectorImpl::processAnnotated@323 (line 967)
  0x000001a099f89a4c: 06e9 69fa 

  0x000001a099f89a50: ;   {metadata({method} {0x000001a0f48ed328} 'unresolved' '([Ljava/lang/Object;)I' in 'org/eclipse/e4/core/internal/di/InjectorImpl')}
  0x000001a099f89a50: ffff 49ba | 20d3 8ef4 | a001 0000 | 4c89 5424 | 0848 c704 | 24ff ffff 

  0x000001a099f89a68: ;   {runtime_call counter_overflow Runtime1 stub}
  0x000001a099f89a68: ffe8 1209 

  0x000001a099f89a6c: ; ImmutableOopMap {rax=Oop [112]=Oop [120]=Oop [128]=Oop [136]=Oop [144]=Oop [168]=Oop [176]=Oop [184]=Oop [192]=Oop [240]=Oop }
                      ;*synchronization entry
                      ; - org.eclipse.e4.core.internal.di.InjectorImpl::unresolved@-1 (line 625)
                      ; - org.eclipse.e4.core.internal.di.InjectorImpl::processAnnotated@359 (line 969)
  0x000001a099f89a6c: da06 e944 

  0x000001a099f89a70: ;   {runtime_call throw_null_pointer_exception Runtime1 stub}
  0x000001a099f89a70: fbff ffe8 

  0x000001a099f89a74: ; ImmutableOopMap {rax=Oop [112]=Oop [120]=Oop [128]=Oop [136]=Oop [144]=Oop [168]=Oop [176]=Oop [184]=Oop [192]=Oop [240]=Oop }
                      ;*arraylength {reexecute=0 rethrow=0 return_oop=0}
                      ; - org.eclipse.e4.core.internal.di.InjectorImpl::unresolved@21 (line 625)
                      ; - org.eclipse.e4.core.internal.di.InjectorImpl::processAnnotated@359 (line 969)
  0x000001a099f89a74: 8889 d906 

  0x000001a099f89a78: ;   {metadata({method} {0x000001a0f48ed328} 'unresolved' '([Ljava/lang/Object;)I' in 'org/eclipse/e4/core/internal/di/InjectorImpl')}
  0x000001a099f89a78: 49ba 20d3 | 8ef4 a001 | 0000 4c89 | 5424 0848 | c704 2416 

  0x000001a099f89a8c: ;   {runtime_call counter_overflow Runtime1 stub}
  0x000001a099f89a8c: 0000 00e8 

  0x000001a099f89a90: ; ImmutableOopMap {rax=Oop [112]=Oop [120]=Oop [128]=Oop [136]=Oop [144]=Oop [168]=Oop [176]=Oop [184]=Oop [192]=Oop [240]=Oop }
                      ;*if_icmplt {reexecute=1 rethrow=0 return_oop=0}
                      ; - (reexecute) org.eclipse.e4.core.internal.di.InjectorImpl::unresolved@22 (line 625)
                      ; - org.eclipse.e4.core.internal.di.InjectorImpl::processAnnotated@359 (line 969)
  0x000001a099f89a90: ec08 da06 | e9c9 fbff | ff8b 5028 | 48c1 e203 | 4883 fa00 | 0f84 60fd | ffff 4889 

  0x000001a099f89aac: ;   {runtime_call g1_pre_barrier_slow}
  0x000001a099f89aac: 1424 e8cd | 0eda 06e9 | 52fd ffff | 4883 fe00 | 0f84 67fd | ffff 4889 

  0x000001a099f89ac4: ;   {runtime_call g1_post_barrier_slow}
  0x000001a099f89ac4: 0424 e835 | 16da 06e9 | 59fd ffff 

  0x000001a099f89ad0: ;   {internal_word}
  0x000001a099f89ad0: 49ba 8998 | f899 a001 | 0000 4d89 | 9760 0400 

  0x000001a099f89ae0: ;   {runtime_call SafepointBlob}
  0x000001a099f89ae0: 00e9 1abc 

  0x000001a099f89ae4: ;   {metadata({method} {0x000001a0f48ec800} 'reportUnresolvedArgument' '(Lorg/eclipse/e4/core/internal/di/Requestor;I)V' in 'org/eclipse/e4/core/internal/di/InjectorImpl')}
  0x000001a099f89ae4: cd06 49ba | f8c7 8ef4 | a001 0000 | 4c89 5424 | 0848 c704 | 24ff ffff 

  0x000001a099f89afc: ;   {runtime_call counter_overflow Runtime1 stub}
  0x000001a099f89afc: ffe8 7e08 

  0x000001a099f89b00: ; ImmutableOopMap {rax=Oop [112]=Oop [120]=Oop [128]=Oop [136]=Oop [144]=Oop [176]=Oop [184]=Oop [192]=Oop [240]=Oop }
                      ;*synchronization entry
                      ; - org.eclipse.e4.core.internal.di.InjectorImpl::reportUnresolvedArgument@-1 (line 458)
                      ; - org.eclipse.e4.core.internal.di.InjectorImpl::processAnnotated@390 (line 974)
  0x000001a099f89b00: da06 e9e0 

  0x000001a099f89b04: ;   {metadata(nullptr)}
  0x000001a099f89b04: fdff ff48 | ba00 0000 | 0000 0000 | 00b8 000f 

  0x000001a099f89b14: ;   {runtime_call load_klass_patching Runtime1 stub}
  0x000001a099f89b14: 050a e865 

  0x000001a099f89b18: ; ImmutableOopMap {r8=Oop [112]=Oop [120]=Oop [128]=Oop [136]=Oop [144]=Oop [176]=Oop [184]=Oop [192]=Oop [240]=Oop }
                      ;*new {reexecute=1 rethrow=0 return_oop=0}
                      ; - (reexecute) org.eclipse.e4.core.internal.di.InjectorImpl::reportUnresolvedArgument@18 (line 462)
                      ; - org.eclipse.e4.core.internal.di.InjectorImpl::processAnnotated@390 (line 974)
  0x000001a099f89b18: eed9 06e9 | 08fe ffff 

  0x000001a099f89b20: ;   {runtime_call throw_null_pointer_exception Runtime1 stub}
  0x000001a099f89b20: e8db 88d9 

  0x000001a099f89b24: ; ImmutableOopMap {r8=Oop [112]=Oop [120]=Oop [128]=Oop [136]=Oop [144]=Oop [176]=Oop [184]=Oop [192]=Oop [240]=Oop }
                      ;*new {reexecute=0 rethrow=0 return_oop=0}
                      ; - org.eclipse.e4.core.internal.di.InjectorImpl::reportUnresolvedArgument@18 (line 462)
                      ; - org.eclipse.e4.core.internal.di.InjectorImpl::processAnnotated@390 (line 974)
  0x000001a099f89b24: 0648 8bd2 

  0x000001a099f89b28: ;   {runtime_call fast_new_instance_init_check Runtime1 stub}
  0x000001a099f89b28: e853 9ed9 

  0x000001a099f89b2c: ; ImmutableOopMap {r8=Oop [112]=Oop [120]=Oop [128]=Oop [136]=Oop [144]=Oop [176]=Oop [184]=Oop [192]=Oop [240]=Oop }
                      ;*new {reexecute=0 rethrow=0 return_oop=0}
                      ; - org.eclipse.e4.core.internal.di.InjectorImpl::reportUnresolvedArgument@18 (line 462)
                      ; - org.eclipse.e4.core.internal.di.InjectorImpl::processAnnotated@390 (line 974)
  0x000001a099f89b2c: 06e9 5bfe | ffff 498b | 87f8 0400 | 0049 c787 | f804 0000 | 0000 0000 | 49c7 8700 | 0500 0000 
  0x000001a099f89b4c: 0000 0048 | 81c4 e000 

  0x000001a099f89b54: ;   {runtime_call unwind_exception Runtime1 stub}
  0x000001a099f89b54: 0000 5de9 | a479 d906 | f4f4 f4f4 
[Stub Code]
  0x000001a099f89b60: ;   {no_reloc}
  0x000001a099f89b60: 0f1f 4400 

  0x000001a099f89b64: ;   {static_stub}
  0x000001a099f89b64: 0048 bb00 | 0000 0000 

  0x000001a099f89b6c: ;   {runtime_call nmethod}
  0x000001a099f89b6c: 0000 00e9 | fbff ffff 

  0x000001a099f89b74: ;   {static_stub}
  0x000001a099f89b74: 9048 bb00 | 0000 0000 

  0x000001a099f89b7c: ;   {runtime_call nmethod}
  0x000001a099f89b7c: 0000 00e9 | fbff ffff 

  0x000001a099f89b84: ;   {static_stub}
  0x000001a099f89b84: 9048 bb00 | 0000 0000 

  0x000001a099f89b8c: ;   {runtime_call nmethod}
  0x000001a099f89b8c: 0000 00e9 | fbff ffff 

  0x000001a099f89b94: ;   {static_stub}
  0x000001a099f89b94: 9048 bb00 | 0000 0000 

  0x000001a099f89b9c: ;   {runtime_call nmethod}
  0x000001a099f89b9c: 0000 00e9 | fbff ffff 

  0x000001a099f89ba4: ;   {static_stub}
  0x000001a099f89ba4: 48bb 0000 | 0000 0000 

  0x000001a099f89bac: ;   {runtime_call nmethod}
  0x000001a099f89bac: 0000 e9fb 

  0x000001a099f89bb0: ;   {static_stub}
  0x000001a099f89bb0: ffff ff48 | bb00 0000 | 0000 0000 

  0x000001a099f89bbc: ;   {runtime_call nmethod}
  0x000001a099f89bbc: 00e9 fbff 

  0x000001a099f89bc0: ;   {static_stub}
  0x000001a099f89bc0: ffff 48bb | 0000 0000 | 0000 0000 

  0x000001a099f89bcc: ;   {runtime_call nmethod}
  0x000001a099f89bcc: e9fb ffff 

  0x000001a099f89bd0: ;   {static_stub}
  0x000001a099f89bd0: ff48 bb00 | 0000 0000 

  0x000001a099f89bd8: ;   {runtime_call nmethod}
  0x000001a099f89bd8: 0000 00e9 | fbff ffff 

  0x000001a099f89be0: ;   {static_stub}
  0x000001a099f89be0: 48bb 0000 | 0000 0000 

  0x000001a099f89be8: ;   {runtime_call nmethod}
  0x000001a099f89be8: 0000 e9fb 

  0x000001a099f89bec: ;   {static_stub}
  0x000001a099f89bec: ffff ff48 | bb00 0000 | 0000 0000 

  0x000001a099f89bf8: ;   {runtime_call nmethod}
  0x000001a099f89bf8: 00e9 fbff 

  0x000001a099f89bfc: ;   {static_stub}
  0x000001a099f89bfc: ffff 48bb | 60e0 8ef4 | a001 0000 

  0x000001a099f89c08: ;   {runtime_call I2C/C2I adapters}
  0x000001a099f89c08: e95e 11cd 

  0x000001a099f89c0c: ;   {static_stub}
  0x000001a099f89c0c: 0648 bb98 | 588e f4a0 

  0x000001a099f89c14: ;   {runtime_call I2C/C2I adapters}
  0x000001a099f89c14: 0100 00e9 | 686b e406 

  0x000001a099f89c1c: ;   {static_stub}
  0x000001a099f89c1c: 48bb 0000 | 0000 0000 

  0x000001a099f89c24: ;   {runtime_call nmethod}
  0x000001a099f89c24: 0000 e9fb 

  0x000001a099f89c28: ;   {static_stub}
  0x000001a099f89c28: ffff ff48 | bb00 0000 | 0000 0000 

  0x000001a099f89c34: ;   {runtime_call nmethod}
  0x000001a099f89c34: 00e9 fbff 

  0x000001a099f89c38: ;   {runtime_call handle_exception_from_callee Runtime1 stub}
  0x000001a099f89c38: ffff e841 

  0x000001a099f89c3c: ;   {external_word}
  0x000001a099f89c3c: afd9 0648 | b990 7f16 | 27fc 7f00 | 0048 83e4 

  0x000001a099f89c4c: ;   {runtime_call}
  0x000001a099f89c4c: f048 b8e0 | 44d9 26fc | 7f00 00ff 

  0x000001a099f89c58: ;   {section_word}
  0x000001a099f89c58: d0f4 49ba | 5a9c f899 | a001 0000 

  0x000001a099f89c64: ;   {runtime_call DeoptimizationBlob}
  0x000001a099f89c64: 4152 e935 | adcd 06f4 | f4f4 f4f4 
[/MachCode]


---------------  P R O C E S S  ---------------

Threads class SMR info:
_java_thread_list=0x000001a0fe40c3e0, length=43, elements={
0x000001a096615550, 0x000001a0b134cba0, 0x000001a0b134d6f0, 0x000001a0b13505b0,
0x000001a0b1353140, 0x000001a0b1357db0, 0x000001a0b13598d0, 0x000001a0b1371ad0,
0x000001a0b137bd40, 0x000001a0b13927f0, 0x000001a0b1531790, 0x000001a0b1531e20,
0x000001a0b1530a70, 0x000001a0b1531100, 0x000001a0b15324b0, 0x000001a0b152fd50,
0x000001a0b152f030, 0x000001a0b152f6c0, 0x000001a0fa0f81e0, 0x000001a0fa0f39b0,
0x000001a0fa0f46d0, 0x000001a0fa0f4040, 0x000001a0fa0f4d60, 0x000001a0fa0f5a80,
0x000001a0fa0f18e0, 0x000001a0fa0f6110, 0x000001a0fa0f1f70, 0x000001a0fa0f2c90,
0x000001a0fa0f1250, 0x000001a0fa0f3320, 0x000001a0fa0f74c0, 0x000001a0fa0f7b50,
0x000001a0fa0f6e30, 0x000001a0fa0f53f0, 0x000001a0fa0f2600, 0x000001a0fa0f8870,
0x000001a0fa047490, 0x000001a0fa0432f0, 0x000001a0f9ce3fc0, 0x000001a0f7ea6f30,
0x000001a0f9ce38f0, 0x000001a0f9ce1db0, 0x000001a0fa042c60
}

Java Threads: ( => current thread )
=>0x000001a096615550 JavaThread "main"                              [_thread_in_native, id=35260, stack(0x00000021344b0000,0x00000021345b0000) (1024K)]
  0x000001a0b134cba0 JavaThread "Reference Handler"          daemon [_thread_blocked, id=32440, stack(0x0000002135200000,0x0000002135300000) (1024K)]
  0x000001a0b134d6f0 JavaThread "Finalizer"                  daemon [_thread_blocked, id=35408, stack(0x0000002135300000,0x0000002135400000) (1024K)]
  0x000001a0b13505b0 JavaThread "Signal Dispatcher"          daemon [_thread_blocked, id=21980, stack(0x0000002135400000,0x0000002135500000) (1024K)]
  0x000001a0b1353140 JavaThread "Attach Listener"            daemon [_thread_blocked, id=12312, stack(0x0000002135500000,0x0000002135600000) (1024K)]
  0x000001a0b1357db0 JavaThread "Service Thread"             daemon [_thread_blocked, id=13492, stack(0x0000002135600000,0x0000002135700000) (1024K)]
  0x000001a0b13598d0 JavaThread "Monitor Deflation Thread"   daemon [_thread_blocked, id=20788, stack(0x0000002135700000,0x0000002135800000) (1024K)]
  0x000001a0b1371ad0 JavaThread "C2 CompilerThread0"         daemon [_thread_blocked, id=39272, stack(0x0000002135800000,0x0000002135900000) (1024K)]
  0x000001a0b137bd40 JavaThread "C1 CompilerThread0"         daemon [_thread_blocked, id=14656, stack(0x0000002135900000,0x0000002135a00000) (1024K)]
  0x000001a0b13927f0 JavaThread "StringDedupThread"          daemon [_thread_blocked, id=27692, stack(0x0000002135a00000,0x0000002135b00000) (1024K)]
  0x000001a0b1531790 JavaThread "Common-Cleaner"             daemon [_thread_blocked, id=40196, stack(0x0000002135c00000,0x0000002135d00000) (1024K)]
  0x000001a0b1531e20 JavaThread "Notification Thread"        daemon [_thread_blocked, id=49520, stack(0x0000002136200000,0x0000002136300000) (1024K)]
  0x000001a0b1530a70 JavaThread "Active Thread: Equinox Container: e813c849-6a4f-4d00-b253-73df8a7afdea"        [_thread_blocked, id=44236, stack(0x0000002137a00000,0x0000002137b00000) (1024K)]
  0x000001a0b1531100 JavaThread "Framework Event Dispatcher: Equinox Container: e813c849-6a4f-4d00-b253-73df8a7afdea" daemon [_thread_blocked, id=51172, stack(0x0000002137b00000,0x0000002137c00000) (1024K)]
  0x000001a0b15324b0 JavaThread "Start Level: Equinox Container: e813c849-6a4f-4d00-b253-73df8a7afdea" daemon [_thread_blocked, id=12240, stack(0x0000002137c00000,0x0000002137d00000) (1024K)]
  0x000001a0b152fd50 JavaThread "Bundle File Closer"         daemon [_thread_blocked, id=47980, stack(0x0000002138100000,0x0000002138200000) (1024K)]
  0x000001a0b152f030 JavaThread "SCR Component Actor"        daemon [_thread_blocked, id=39960, stack(0x0000002138200000,0x0000002138300000) (1024K)]
  0x000001a0b152f6c0 JavaThread "SCR Component Registry"     daemon [_thread_blocked, id=48316, stack(0x0000002138300000,0x0000002138400000) (1024K)]
  0x000001a0fa0f81e0 JavaThread "EMF Reference Cleaner"      daemon [_thread_blocked, id=47924, stack(0x0000002138500000,0x0000002138600000) (1024K)]
  0x000001a0fa0f39b0 JavaThread "Gogo shell"                        [_thread_blocked, id=34332, stack(0x0000002138600000,0x0000002138700000) (1024K)]
  0x000001a0fa0f46d0 JavaThread "Worker-JM"                         [_thread_blocked, id=45316, stack(0x0000002138700000,0x0000002138800000) (1024K)]
  0x000001a0fa0f4040 JavaThread "FileSystemWatchService"     daemon [_thread_in_native, id=12924, stack(0x0000002138d00000,0x0000002138e00000) (1024K)]
  0x000001a0fa0f4d60 JavaThread "Thread-3"                          [_thread_blocked, id=19900, stack(0x0000002138e00000,0x0000002138f00000) (1024K)]
  0x000001a0fa0f5a80 JavaThread "Worker-0"                          [_thread_blocked, id=4044, stack(0x0000002137900000,0x0000002137a00000) (1024K)]
  0x000001a0fa0f18e0 JavaThread "Java2D Disposer"            daemon [_thread_blocked, id=47636, stack(0x0000002139300000,0x0000002139400000) (1024K)]
  0x000001a0fa0f6110 JavaThread "StandaloneQueueProcessor"   daemon [_thread_blocked, id=46032, stack(0x0000002136600000,0x0000002136700000) (1024K)]
  0x000001a0fa0f1f70 JavaThread "AWT-Windows"                daemon [_thread_in_native, id=8960, stack(0x0000002139500000,0x0000002139600000) (1024K)]
  0x000001a0fa0f2c90 JavaThread "Worker-1: Executing the early startup extensions"        [_thread_blocked, id=20972, stack(0x0000002139600000,0x0000002139700000) (1024K)]
  0x000001a0fa0f1250 JavaThread "EventAdmin Async Event Dispatcher Thread" daemon [_thread_blocked, id=41164, stack(0x0000002139700000,0x0000002139800000) (1024K)]
  0x000001a0fa0f3320 JavaThread "pool-2-thread-1"                   [_thread_blocked, id=49916, stack(0x0000002139800000,0x0000002139900000) (1024K)]
  0x000001a0fa0f74c0 JavaThread "pool-3-thread-1"                   [_thread_blocked, id=18068, stack(0x0000002139900000,0x0000002139a00000) (1024K)]
  0x000001a0fa0f7b50 JavaThread "Worker-2"                          [_thread_blocked, id=33080, stack(0x0000002139a00000,0x0000002139b00000) (1024K)]
  0x000001a0fa0f6e30 JavaThread "JNA Cleaner"                daemon [_thread_blocked, id=36364, stack(0x0000002139b00000,0x0000002139c00000) (1024K)]
  0x000001a0fa0f53f0 JavaThread "Worker-3"                          [_thread_blocked, id=35932, stack(0x0000002136300000,0x0000002136400000) (1024K)]
  0x000001a0fa0f2600 JavaThread "Worker-4"                          [_thread_blocked, id=4220, stack(0x0000002136400000,0x0000002136500000) (1024K)]
  0x000001a0fa0f8870 JavaThread "Worker-5"                          [_thread_blocked, id=19332, stack(0x0000002136500000,0x0000002136600000) (1024K)]
  0x000001a0fa047490 JavaThread "Worker-6"                          [_thread_blocked, id=43696, stack(0x0000002139400000,0x0000002139500000) (1024K)]
  0x000001a0fa0432f0 JavaThread "Worker-7"                          [_thread_blocked, id=36040, stack(0x000000213a000000,0x000000213a100000) (1024K)]
  0x000001a0f9ce3fc0 JavaThread "C2 CompilerThread1"         daemon [_thread_blocked, id=23136, stack(0x0000002135b00000,0x0000002135c00000) (1024K)]
  0x000001a0f7ea6f30 JavaThread "Keep-Alive-Timer"           daemon [_thread_blocked, id=13552, stack(0x0000002135e00000,0x0000002135f00000) (1024K)]
  0x000001a0f9ce38f0 JavaThread "C1 CompilerThread1"         daemon [_thread_blocked, id=31444, stack(0x0000002135f00000,0x0000002136000000) (1024K)]
  0x000001a0f9ce1db0 JavaThread "C1 CompilerThread2"         daemon [_thread_blocked, id=43344, stack(0x0000002139d00000,0x0000002139e00000) (1024K)]
  0x000001a0fa042c60 JavaThread "chromium-EDT"               daemon [_thread_blocked, id=13476, stack(0x0000002136100000,0x0000002136200000) (1024K)]
Total: 43

Other Threads:
  0x000001a0b13329e0 VMThread "VM Thread"                           [id=35484, stack(0x0000002135100000,0x0000002135200000) (1024K)]
  0x000001a0b1321270 WatcherThread "VM Periodic Task Thread"        [id=45524, stack(0x0000002135000000,0x0000002135100000) (1024K)]
  0x000001a09666b130 WorkerThread "GC Thread#0"                     [id=37928, stack(0x0000002134b00000,0x0000002134c00000) (1024K)]
  0x000001a0b1e94af0 WorkerThread "GC Thread#1"                     [id=45792, stack(0x0000002136700000,0x0000002136800000) (1024K)]
  0x000001a0b1e10aa0 WorkerThread "GC Thread#2"                     [id=49836, stack(0x0000002136800000,0x0000002136900000) (1024K)]
  0x000001a0b1e10e40 WorkerThread "GC Thread#3"                     [id=30828, stack(0x0000002136900000,0x0000002136a00000) (1024K)]
  0x000001a0b1e111e0 WorkerThread "GC Thread#4"                     [id=25440, stack(0x0000002136a00000,0x0000002136b00000) (1024K)]
  0x000001a0b1e11580 WorkerThread "GC Thread#5"                     [id=42376, stack(0x0000002136b00000,0x0000002136c00000) (1024K)]
  0x000001a0b1d94da0 WorkerThread "GC Thread#6"                     [id=31696, stack(0x0000002136c00000,0x0000002136d00000) (1024K)]
  0x000001a0b1d95140 WorkerThread "GC Thread#7"                     [id=42904, stack(0x0000002136d00000,0x0000002136e00000) (1024K)]
  0x000001a0b1d954e0 WorkerThread "GC Thread#8"                     [id=47992, stack(0x0000002136e00000,0x0000002136f00000) (1024K)]
  0x000001a0f7d02210 WorkerThread "GC Thread#9"                     [id=38344, stack(0x0000002136f00000,0x0000002137000000) (1024K)]
  0x000001a0f7d8a7e0 WorkerThread "GC Thread#10"                    [id=42816, stack(0x0000002137000000,0x0000002137100000) (1024K)]
  0x000001a0f7d8ba00 WorkerThread "GC Thread#11"                    [id=38412, stack(0x0000002137100000,0x0000002137200000) (1024K)]
  0x000001a0f7d8c140 WorkerThread "GC Thread#12"                    [id=24600, stack(0x0000002137200000,0x0000002137300000) (1024K)]
  0x000001a0f7d8bda0 WorkerThread "GC Thread#13"                    [id=50308, stack(0x0000002137300000,0x0000002137400000) (1024K)]
  0x000001a0f7d8ab80 WorkerThread "GC Thread#14"                    [id=50440, stack(0x0000002137400000,0x0000002137500000) (1024K)]
  0x000001a0f7d8b660 WorkerThread "GC Thread#15"                    [id=31672, stack(0x0000002137500000,0x0000002137600000) (1024K)]
  0x000001a0f7d8af20 WorkerThread "GC Thread#16"                    [id=40384, stack(0x0000002137600000,0x0000002137700000) (1024K)]
  0x000001a0f7d8b2c0 WorkerThread "GC Thread#17"                    [id=12652, stack(0x0000002137700000,0x0000002137800000) (1024K)]
  0x000001a0f818f6f0 WorkerThread "GC Thread#18"                    [id=40140, stack(0x0000002137800000,0x0000002137900000) (1024K)]
  0x000001a0f818c430 WorkerThread "GC Thread#19"                    [id=30164, stack(0x0000002137d00000,0x0000002137e00000) (1024K)]
  0x000001a0f818cb70 WorkerThread "GC Thread#20"                    [id=48640, stack(0x0000002137e00000,0x0000002137f00000) (1024K)]
  0x000001a0f818d2b0 WorkerThread "GC Thread#21"                    [id=48648, stack(0x0000002137f00000,0x0000002138000000) (1024K)]
  0x000001a0f818efb0 WorkerThread "GC Thread#22"                    [id=44632, stack(0x0000002138000000,0x0000002138100000) (1024K)]
  0x000001a096679050 ConcurrentGCThread "G1 Main Marker"            [id=47076, stack(0x0000002134c00000,0x0000002134d00000) (1024K)]
  0x000001a09667bc80 WorkerThread "G1 Conc#0"                       [id=25128, stack(0x0000002134d00000,0x0000002134e00000) (1024K)]
  0x000001a0f818dd90 WorkerThread "G1 Conc#1"                       [id=19092, stack(0x0000002138800000,0x0000002138900000) (1024K)]
  0x000001a0f818e870 WorkerThread "G1 Conc#2"                       [id=48884, stack(0x0000002138900000,0x0000002138a00000) (1024K)]
  0x000001a0f818ec10 WorkerThread "G1 Conc#3"                       [id=48296, stack(0x0000002138a00000,0x0000002138b00000) (1024K)]
  0x000001a0f9569d00 WorkerThread "G1 Conc#4"                       [id=47964, stack(0x0000002138b00000,0x0000002138c00000) (1024K)]
  0x000001a0f956a0a0 WorkerThread "G1 Conc#5"                       [id=43728, stack(0x0000002138c00000,0x0000002138d00000) (1024K)]
  0x000001a0afeb9970 ConcurrentGCThread "G1 Refine#0"               [id=33628, stack(0x0000002134e00000,0x0000002134f00000) (1024K)]
  0x000001a0afeba290 ConcurrentGCThread "G1 Service"                [id=48356, stack(0x0000002134f00000,0x0000002135000000) (1024K)]
Total: 34

Threads with active compile tasks:
Total: 0

VM state: not at safepoint (normal execution)

VM Mutex/Monitor currently owned by a thread: None

Heap address: 0x0000000740000000, size: 3072 MB, Compressed Oops mode: Zero based, Oop shift amount: 3

CDS archive(s) mapped at: [0x000001a0b2000000-0x000001a0b2ba0000-0x000001a0b2ba0000), size 12189696, SharedBaseAddress: 0x000001a0b2000000, ArchiveRelocationMode: 1.
Compressed class space mapped at: 0x000001a0b3000000-0x000001a0f3000000, reserved size: 1073741824
Narrow klass base: 0x000001a0b2000000, Narrow klass shift: 0, Narrow klass range: 0x100000000

GC Precious Log:
 CardTable entry size: 512
 Card Set container configuration: InlinePtr #cards 4 size 8 Array Of Cards #cards 16 size 48 Howl #buckets 8 coarsen threshold 3686 Howl Bitmap #cards 512 size 80 coarsen threshold 460 Card regions per heap region 1 cards per card region 4096
 CPUs: 32 total, 32 available
 Memory: 16103M
 Large Page Support: Disabled
 NUMA Support: Disabled
 Compressed Oops: Enabled (Zero based)
 Heap Region Size: 2M
 Heap Min Capacity: 512M
 Heap Initial Capacity: 512M
 Heap Max Capacity: 3G
 Pre-touch: Disabled
 Parallel Workers: 23
 Concurrent Workers: 6
 Concurrent Refinement Workers: 23
 Periodic GC: Disabled
 String Deduplication is enabled

Heap:
 garbage-first heap   total 880640K, used 550912K [0x0000000740000000, 0x0000000800000000)
  region size 2048K, 24 young (49152K), 17 survivors (34816K)
 Metaspace       used 75609K, committed 78272K, reserved 1179648K
  class space    used 8648K, committed 9728K, reserved 1048576K

Heap Regions: E=young(eden), S=young(survivor), O=old, HS=humongous(starts), HC=humongous(continues), CS=collection set, F=free, TAMS=top-at-mark-start, PB=parsable bottom
|   0|0x0000000740000000, 0x0000000740200000, 0x0000000740200000|100%| O|  |TAMS 0x0000000740000000| PB 0x0000000740000000| Untracked 
|   1|0x0000000740200000, 0x0000000740400000, 0x0000000740400000|100%| O|  |TAMS 0x0000000740200000| PB 0x0000000740200000| Untracked 
|   2|0x0000000740400000, 0x0000000740600000, 0x0000000740600000|100%| O|  |TAMS 0x0000000740400000| PB 0x0000000740400000| Untracked 
|   3|0x0000000740600000, 0x0000000740800000, 0x0000000740800000|100%| O|  |TAMS 0x0000000740600000| PB 0x0000000740600000| Untracked 
|   4|0x0000000740800000, 0x0000000740a00000, 0x0000000740a00000|100%| O|  |TAMS 0x0000000740800000| PB 0x0000000740800000| Untracked 
|   5|0x0000000740a00000, 0x0000000740c00000, 0x0000000740c00000|100%| O|  |TAMS 0x0000000740a00000| PB 0x0000000740a00000| Untracked 
|   6|0x0000000740c00000, 0x0000000740e00000, 0x0000000740e00000|100%| O|  |TAMS 0x0000000740c00000| PB 0x0000000740c00000| Untracked 
|   7|0x0000000740e00000, 0x0000000741000000, 0x0000000741000000|100%| O|  |TAMS 0x0000000740e00000| PB 0x0000000740e00000| Untracked 
|   8|0x0000000741000000, 0x0000000741200000, 0x0000000741200000|100%| O|  |TAMS 0x0000000741000000| PB 0x0000000741000000| Untracked 
|   9|0x0000000741200000, 0x0000000741400000, 0x0000000741400000|100%| O|  |TAMS 0x0000000741200000| PB 0x0000000741200000| Untracked 
|  10|0x0000000741400000, 0x0000000741600000, 0x0000000741600000|100%| O|  |TAMS 0x0000000741400000| PB 0x0000000741400000| Untracked 
|  11|0x0000000741600000, 0x0000000741800000, 0x0000000741800000|100%| O|  |TAMS 0x0000000741600000| PB 0x0000000741600000| Untracked 
|  12|0x0000000741800000, 0x0000000741a00000, 0x0000000741a00000|100%| O|  |TAMS 0x0000000741800000| PB 0x0000000741800000| Untracked 
|  13|0x0000000741a00000, 0x0000000741c00000, 0x0000000741c00000|100%| O|  |TAMS 0x0000000741a00000| PB 0x0000000741a00000| Untracked 
|  14|0x0000000741c00000, 0x0000000741e00000, 0x0000000741e00000|100%| O|  |TAMS 0x0000000741c00000| PB 0x0000000741c00000| Untracked 
|  15|0x0000000741e00000, 0x0000000742000000, 0x0000000742000000|100%| O|  |TAMS 0x0000000741e00000| PB 0x0000000741e00000| Untracked 
|  16|0x0000000742000000, 0x0000000742200000, 0x0000000742200000|100%| O|  |TAMS 0x0000000742000000| PB 0x0000000742000000| Untracked 
|  17|0x0000000742200000, 0x0000000742400000, 0x0000000742400000|100%| O|  |TAMS 0x0000000742200000| PB 0x0000000742200000| Untracked 
|  18|0x0000000742400000, 0x0000000742600000, 0x0000000742600000|100%| O|  |TAMS 0x0000000742400000| PB 0x0000000742400000| Untracked 
|  19|0x0000000742600000, 0x0000000742800000, 0x0000000742800000|100%| O|  |TAMS 0x0000000742600000| PB 0x0000000742600000| Untracked 
|  20|0x0000000742800000, 0x0000000742a00000, 0x0000000742a00000|100%| O|  |TAMS 0x0000000742800000| PB 0x0000000742800000| Untracked 
|  21|0x0000000742a00000, 0x0000000742c00000, 0x0000000742c00000|100%| O|  |TAMS 0x0000000742a00000| PB 0x0000000742a00000| Untracked 
|  22|0x0000000742c00000, 0x0000000742e00000, 0x0000000742e00000|100%| O|  |TAMS 0x0000000742c00000| PB 0x0000000742c00000| Untracked 
|  23|0x0000000742e00000, 0x0000000743000000, 0x0000000743000000|100%| O|  |TAMS 0x0000000742e00000| PB 0x0000000742e00000| Untracked 
|  24|0x0000000743000000, 0x0000000743200000, 0x0000000743200000|100%| O|  |TAMS 0x0000000743000000| PB 0x0000000743000000| Untracked 
|  25|0x0000000743200000, 0x0000000743400000, 0x0000000743400000|100%| O|  |TAMS 0x0000000743200000| PB 0x0000000743200000| Untracked 
|  26|0x0000000743400000, 0x0000000743600000, 0x0000000743600000|100%| O|  |TAMS 0x0000000743400000| PB 0x0000000743400000| Untracked 
|  27|0x0000000743600000, 0x0000000743800000, 0x0000000743800000|100%| O|  |TAMS 0x0000000743600000| PB 0x0000000743600000| Untracked 
|  28|0x0000000743800000, 0x0000000743a00000, 0x0000000743a00000|100%| O|  |TAMS 0x0000000743800000| PB 0x0000000743800000| Untracked 
|  29|0x0000000743a00000, 0x0000000743c00000, 0x0000000743c00000|100%| O|  |TAMS 0x0000000743a00000| PB 0x0000000743a00000| Untracked 
|  30|0x0000000743c00000, 0x0000000743e00000, 0x0000000743e00000|100%| O|  |TAMS 0x0000000743c00000| PB 0x0000000743c00000| Untracked 
|  31|0x0000000743e00000, 0x0000000744000000, 0x0000000744000000|100%| O|  |TAMS 0x0000000743e00000| PB 0x0000000743e00000| Untracked 
|  32|0x0000000744000000, 0x0000000744200000, 0x0000000744200000|100%| O|  |TAMS 0x0000000744000000| PB 0x0000000744000000| Untracked 
|  33|0x0000000744200000, 0x0000000744400000, 0x0000000744400000|100%| O|  |TAMS 0x0000000744200000| PB 0x0000000744200000| Untracked 
|  34|0x0000000744400000, 0x0000000744600000, 0x0000000744600000|100%| O|  |TAMS 0x0000000744400000| PB 0x0000000744400000| Untracked 
|  35|0x0000000744600000, 0x0000000744800000, 0x0000000744800000|100%| O|  |TAMS 0x0000000744600000| PB 0x0000000744600000| Untracked 
|  36|0x0000000744800000, 0x0000000744a00000, 0x0000000744a00000|100%| O|  |TAMS 0x0000000744800000| PB 0x0000000744800000| Untracked 
|  37|0x0000000744a00000, 0x0000000744c00000, 0x0000000744c00000|100%| O|  |TAMS 0x0000000744a00000| PB 0x0000000744a00000| Untracked 
|  38|0x0000000744c00000, 0x0000000744e00000, 0x0000000744e00000|100%| O|  |TAMS 0x0000000744c00000| PB 0x0000000744c00000| Untracked 
|  39|0x0000000744e00000, 0x0000000745000000, 0x0000000745000000|100%| O|  |TAMS 0x0000000744e00000| PB 0x0000000744e00000| Untracked 
|  40|0x0000000745000000, 0x0000000745200000, 0x0000000745200000|100%| O|  |TAMS 0x0000000745000000| PB 0x0000000745000000| Untracked 
|  41|0x0000000745200000, 0x0000000745400000, 0x0000000745400000|100%| O|  |TAMS 0x0000000745200000| PB 0x0000000745200000| Untracked 
|  42|0x0000000745400000, 0x0000000745600000, 0x0000000745600000|100%| O|  |TAMS 0x0000000745400000| PB 0x0000000745400000| Untracked 
|  43|0x0000000745600000, 0x0000000745800000, 0x0000000745800000|100%| O|  |TAMS 0x0000000745600000| PB 0x0000000745600000| Untracked 
|  44|0x0000000745800000, 0x0000000745a00000, 0x0000000745a00000|100%| O|  |TAMS 0x0000000745800000| PB 0x0000000745800000| Untracked 
|  45|0x0000000745a00000, 0x0000000745c00000, 0x0000000745c00000|100%| O|  |TAMS 0x0000000745a00000| PB 0x0000000745a00000| Untracked 
|  46|0x0000000745c00000, 0x0000000745e00000, 0x0000000745e00000|100%| O|  |TAMS 0x0000000745c00000| PB 0x0000000745c00000| Untracked 
|  47|0x0000000745e00000, 0x0000000746000000, 0x0000000746000000|100%| O|  |TAMS 0x0000000745e00000| PB 0x0000000745e00000| Untracked 
|  48|0x0000000746000000, 0x0000000746200000, 0x0000000746200000|100%| O|  |TAMS 0x0000000746000000| PB 0x0000000746000000| Untracked 
|  49|0x0000000746200000, 0x0000000746400000, 0x0000000746400000|100%| O|  |TAMS 0x0000000746200000| PB 0x0000000746200000| Untracked 
|  50|0x0000000746400000, 0x0000000746600000, 0x0000000746600000|100%| O|  |TAMS 0x0000000746400000| PB 0x0000000746400000| Untracked 
|  51|0x0000000746600000, 0x0000000746800000, 0x0000000746800000|100%| O|  |TAMS 0x0000000746600000| PB 0x0000000746600000| Untracked 
|  52|0x0000000746800000, 0x0000000746a00000, 0x0000000746a00000|100%| O|  |TAMS 0x0000000746800000| PB 0x0000000746800000| Untracked 
|  53|0x0000000746a00000, 0x0000000746c00000, 0x0000000746c00000|100%| O|  |TAMS 0x0000000746a00000| PB 0x0000000746a00000| Untracked 
|  54|0x0000000746c00000, 0x0000000746e00000, 0x0000000746e00000|100%| O|  |TAMS 0x0000000746c00000| PB 0x0000000746c00000| Untracked 
|  55|0x0000000746e00000, 0x0000000747000000, 0x0000000747000000|100%| O|  |TAMS 0x0000000746e00000| PB 0x0000000746e00000| Untracked 
|  56|0x0000000747000000, 0x0000000747200000, 0x0000000747200000|100%| O|  |TAMS 0x0000000747000000| PB 0x0000000747000000| Untracked 
|  57|0x0000000747200000, 0x0000000747400000, 0x0000000747400000|100%| O|  |TAMS 0x0000000747200000| PB 0x0000000747200000| Untracked 
|  58|0x0000000747400000, 0x0000000747600000, 0x0000000747600000|100%| O|  |TAMS 0x0000000747400000| PB 0x0000000747400000| Untracked 
|  59|0x0000000747600000, 0x0000000747800000, 0x0000000747800000|100%| O|  |TAMS 0x0000000747600000| PB 0x0000000747600000| Untracked 
|  60|0x0000000747800000, 0x0000000747a00000, 0x0000000747a00000|100%| O|  |TAMS 0x0000000747800000| PB 0x0000000747800000| Untracked 
|  61|0x0000000747a00000, 0x0000000747c00000, 0x0000000747c00000|100%| O|  |TAMS 0x0000000747a00000| PB 0x0000000747a00000| Untracked 
|  62|0x0000000747c00000, 0x0000000747e00000, 0x0000000747e00000|100%| O|  |TAMS 0x0000000747c00000| PB 0x0000000747c00000| Untracked 
|  63|0x0000000747e00000, 0x0000000748000000, 0x0000000748000000|100%| O|  |TAMS 0x0000000747e00000| PB 0x0000000747e00000| Untracked 
|  64|0x0000000748000000, 0x0000000748200000, 0x0000000748200000|100%| O|  |TAMS 0x0000000748000000| PB 0x0000000748000000| Untracked 
|  65|0x0000000748200000, 0x0000000748400000, 0x0000000748400000|100%| O|  |TAMS 0x0000000748200000| PB 0x0000000748200000| Untracked 
|  66|0x0000000748400000, 0x0000000748600000, 0x0000000748600000|100%| O|  |TAMS 0x0000000748400000| PB 0x0000000748400000| Untracked 
|  67|0x0000000748600000, 0x0000000748800000, 0x0000000748800000|100%| O|  |TAMS 0x0000000748600000| PB 0x0000000748600000| Untracked 
|  68|0x0000000748800000, 0x0000000748a00000, 0x0000000748a00000|100%| O|Cm|TAMS 0x0000000748800000| PB 0x0000000748800000| Complete 
|  69|0x0000000748a00000, 0x0000000748c00000, 0x0000000748c00000|100%| O|Cm|TAMS 0x0000000748a00000| PB 0x0000000748a00000| Complete 
|  70|0x0000000748c00000, 0x0000000748e00000, 0x0000000748e00000|100%| O|Cm|TAMS 0x0000000748c00000| PB 0x0000000748c00000| Complete 
|  71|0x0000000748e00000, 0x0000000749000000, 0x0000000749000000|100%| O|Cm|TAMS 0x0000000748e00000| PB 0x0000000748e00000| Complete 
|  72|0x0000000749000000, 0x0000000749200000, 0x0000000749200000|100%| O|  |TAMS 0x0000000749000000| PB 0x0000000749000000| Untracked 
|  73|0x0000000749200000, 0x0000000749400000, 0x0000000749400000|100%| O|  |TAMS 0x0000000749200000| PB 0x0000000749200000| Untracked 
|  74|0x0000000749400000, 0x0000000749600000, 0x0000000749600000|100%| O|  |TAMS 0x0000000749400000| PB 0x0000000749400000| Untracked 
|  75|0x0000000749600000, 0x0000000749800000, 0x0000000749800000|100%| O|  |TAMS 0x0000000749600000| PB 0x0000000749600000| Untracked 
|  76|0x0000000749800000, 0x0000000749a00000, 0x0000000749a00000|100%| O|  |TAMS 0x0000000749800000| PB 0x0000000749800000| Untracked 
|  77|0x0000000749a00000, 0x0000000749c00000, 0x0000000749c00000|100%| O|  |TAMS 0x0000000749a00000| PB 0x0000000749a00000| Untracked 
|  78|0x0000000749c00000, 0x0000000749e00000, 0x0000000749e00000|100%| O|  |TAMS 0x0000000749c00000| PB 0x0000000749c00000| Untracked 
|  79|0x0000000749e00000, 0x000000074a000000, 0x000000074a000000|100%| O|  |TAMS 0x0000000749e00000| PB 0x0000000749e00000| Untracked 
|  80|0x000000074a000000, 0x000000074a200000, 0x000000074a200000|100%| O|  |TAMS 0x000000074a000000| PB 0x000000074a000000| Untracked 
|  81|0x000000074a200000, 0x000000074a400000, 0x000000074a400000|100%| O|  |TAMS 0x000000074a200000| PB 0x000000074a200000| Untracked 
|  82|0x000000074a400000, 0x000000074a600000, 0x000000074a600000|100%| O|  |TAMS 0x000000074a400000| PB 0x000000074a400000| Untracked 
|  83|0x000000074a600000, 0x000000074a800000, 0x000000074a800000|100%| O|  |TAMS 0x000000074a600000| PB 0x000000074a600000| Untracked 
|  84|0x000000074a800000, 0x000000074aa00000, 0x000000074aa00000|100%| O|  |TAMS 0x000000074a800000| PB 0x000000074a800000| Untracked 
|  85|0x000000074aa00000, 0x000000074ac00000, 0x000000074ac00000|100%| O|  |TAMS 0x000000074aa00000| PB 0x000000074aa00000| Untracked 
|  86|0x000000074ac00000, 0x000000074ae00000, 0x000000074ae00000|100%| O|  |TAMS 0x000000074ac00000| PB 0x000000074ac00000| Untracked 
|  87|0x000000074ae00000, 0x000000074b000000, 0x000000074b000000|100%| O|  |TAMS 0x000000074ae00000| PB 0x000000074ae00000| Untracked 
|  88|0x000000074b000000, 0x000000074b200000, 0x000000074b200000|100%| O|  |TAMS 0x000000074b000000| PB 0x000000074b000000| Untracked 
|  89|0x000000074b200000, 0x000000074b400000, 0x000000074b400000|100%| O|  |TAMS 0x000000074b200000| PB 0x000000074b200000| Untracked 
|  90|0x000000074b400000, 0x000000074b600000, 0x000000074b600000|100%| O|  |TAMS 0x000000074b400000| PB 0x000000074b400000| Untracked 
|  91|0x000000074b600000, 0x000000074b800000, 0x000000074b800000|100%| O|  |TAMS 0x000000074b600000| PB 0x000000074b600000| Untracked 
|  92|0x000000074b800000, 0x000000074ba00000, 0x000000074ba00000|100%| O|  |TAMS 0x000000074b800000| PB 0x000000074b800000| Untracked 
|  93|0x000000074ba00000, 0x000000074bc00000, 0x000000074bc00000|100%| O|  |TAMS 0x000000074ba00000| PB 0x000000074ba00000| Untracked 
|  94|0x000000074bc00000, 0x000000074be00000, 0x000000074be00000|100%| O|  |TAMS 0x000000074bc00000| PB 0x000000074bc00000| Untracked 
|  95|0x000000074be00000, 0x000000074c000000, 0x000000074c000000|100%| O|  |TAMS 0x000000074be00000| PB 0x000000074be00000| Untracked 
|  96|0x000000074c000000, 0x000000074c200000, 0x000000074c200000|100%| O|  |TAMS 0x000000074c000000| PB 0x000000074c000000| Untracked 
|  97|0x000000074c200000, 0x000000074c400000, 0x000000074c400000|100%| O|  |TAMS 0x000000074c200000| PB 0x000000074c200000| Untracked 
|  98|0x000000074c400000, 0x000000074c600000, 0x000000074c600000|100%| O|  |TAMS 0x000000074c400000| PB 0x000000074c400000| Untracked 
|  99|0x000000074c600000, 0x000000074c800000, 0x000000074c800000|100%| O|  |TAMS 0x000000074c600000| PB 0x000000074c600000| Untracked 
| 100|0x000000074c800000, 0x000000074ca00000, 0x000000074ca00000|100%| O|  |TAMS 0x000000074c800000| PB 0x000000074c800000| Untracked 
| 101|0x000000074ca00000, 0x000000074cc00000, 0x000000074cc00000|100%| O|  |TAMS 0x000000074ca00000| PB 0x000000074ca00000| Untracked 
| 102|0x000000074cc00000, 0x000000074ce00000, 0x000000074ce00000|100%| O|  |TAMS 0x000000074cc00000| PB 0x000000074cc00000| Untracked 
| 103|0x000000074ce00000, 0x000000074d000000, 0x000000074d000000|100%| O|  |TAMS 0x000000074ce00000| PB 0x000000074ce00000| Untracked 
| 104|0x000000074d000000, 0x000000074d200000, 0x000000074d200000|100%| O|  |TAMS 0x000000074d000000| PB 0x000000074d000000| Untracked 
| 105|0x000000074d200000, 0x000000074d400000, 0x000000074d400000|100%| O|  |TAMS 0x000000074d200000| PB 0x000000074d200000| Untracked 
| 106|0x000000074d400000, 0x000000074d600000, 0x000000074d600000|100%| O|  |TAMS 0x000000074d400000| PB 0x000000074d400000| Untracked 
| 107|0x000000074d600000, 0x000000074d800000, 0x000000074d800000|100%| O|  |TAMS 0x000000074d600000| PB 0x000000074d600000| Untracked 
| 108|0x000000074d800000, 0x000000074da00000, 0x000000074da00000|100%| O|  |TAMS 0x000000074d800000| PB 0x000000074d800000| Untracked 
| 109|0x000000074da00000, 0x000000074dc00000, 0x000000074dc00000|100%| O|  |TAMS 0x000000074da00000| PB 0x000000074da00000| Untracked 
| 110|0x000000074dc00000, 0x000000074de00000, 0x000000074de00000|100%| O|  |TAMS 0x000000074dc00000| PB 0x000000074dc00000| Untracked 
| 111|0x000000074de00000, 0x000000074e000000, 0x000000074e000000|100%| O|  |TAMS 0x000000074de00000| PB 0x000000074de00000| Untracked 
| 112|0x000000074e000000, 0x000000074e200000, 0x000000074e200000|100%| O|  |TAMS 0x000000074e000000| PB 0x000000074e000000| Untracked 
| 113|0x000000074e200000, 0x000000074e400000, 0x000000074e400000|100%| O|  |TAMS 0x000000074e200000| PB 0x000000074e200000| Untracked 
| 114|0x000000074e400000, 0x000000074e600000, 0x000000074e600000|100%| O|  |TAMS 0x000000074e400000| PB 0x000000074e400000| Untracked 
| 115|0x000000074e600000, 0x000000074e800000, 0x000000074e800000|100%| O|  |TAMS 0x000000074e600000| PB 0x000000074e600000| Untracked 
| 116|0x000000074e800000, 0x000000074ea00000, 0x000000074ea00000|100%| O|  |TAMS 0x000000074e800000| PB 0x000000074e800000| Untracked 
| 117|0x000000074ea00000, 0x000000074ec00000, 0x000000074ec00000|100%| O|  |TAMS 0x000000074ea00000| PB 0x000000074ea00000| Untracked 
| 118|0x000000074ec00000, 0x000000074ee00000, 0x000000074ee00000|100%| O|  |TAMS 0x000000074ec00000| PB 0x000000074ec00000| Untracked 
| 119|0x000000074ee00000, 0x000000074f000000, 0x000000074f000000|100%| O|  |TAMS 0x000000074ee00000| PB 0x000000074ee00000| Untracked 
| 120|0x000000074f000000, 0x000000074f200000, 0x000000074f200000|100%| O|  |TAMS 0x000000074f000000| PB 0x000000074f000000| Untracked 
| 121|0x000000074f200000, 0x000000074f400000, 0x000000074f400000|100%| O|  |TAMS 0x000000074f200000| PB 0x000000074f200000| Untracked 
| 122|0x000000074f400000, 0x000000074f600000, 0x000000074f600000|100%| O|Cm|TAMS 0x000000074f400000| PB 0x000000074f400000| Complete 
| 123|0x000000074f600000, 0x000000074f800000, 0x000000074f800000|100%| O|  |TAMS 0x000000074f600000| PB 0x000000074f600000| Untracked 
| 124|0x000000074f800000, 0x000000074fa00000, 0x000000074fa00000|100%| O|Cm|TAMS 0x000000074f800000| PB 0x000000074f800000| Complete 
| 125|0x000000074fa00000, 0x000000074fc00000, 0x000000074fc00000|100%| O|  |TAMS 0x000000074fa00000| PB 0x000000074fa00000| Untracked 
| 126|0x000000074fc00000, 0x000000074fe00000, 0x000000074fe00000|100%| O|  |TAMS 0x000000074fc00000| PB 0x000000074fc00000| Untracked 
| 127|0x000000074fe00000, 0x0000000750000000, 0x0000000750000000|100%| O|  |TAMS 0x000000074fe00000| PB 0x000000074fe00000| Untracked 
| 128|0x0000000750000000, 0x0000000750200000, 0x0000000750200000|100%| O|  |TAMS 0x0000000750000000| PB 0x0000000750000000| Untracked 
| 129|0x0000000750200000, 0x0000000750400000, 0x0000000750400000|100%| O|  |TAMS 0x0000000750200000| PB 0x0000000750200000| Untracked 
| 130|0x0000000750400000, 0x0000000750600000, 0x0000000750600000|100%| O|  |TAMS 0x0000000750400000| PB 0x0000000750400000| Untracked 
| 131|0x0000000750600000, 0x0000000750800000, 0x0000000750800000|100%| O|Cm|TAMS 0x0000000750600000| PB 0x0000000750600000| Complete 
| 132|0x0000000750800000, 0x0000000750a00000, 0x0000000750a00000|100%| O|Cm|TAMS 0x0000000750800000| PB 0x0000000750800000| Complete 
| 133|0x0000000750a00000, 0x0000000750c00000, 0x0000000750c00000|100%| O|Cm|TAMS 0x0000000750a00000| PB 0x0000000750a00000| Complete 
| 134|0x0000000750c00000, 0x0000000750e00000, 0x0000000750e00000|100%| O|Cm|TAMS 0x0000000750c00000| PB 0x0000000750c00000| Complete 
| 135|0x0000000750e00000, 0x0000000751000000, 0x0000000751000000|100%| O|Cm|TAMS 0x0000000750e00000| PB 0x0000000750e00000| Complete 
| 136|0x0000000751000000, 0x0000000751200000, 0x0000000751200000|100%| O|Cm|TAMS 0x0000000751000000| PB 0x0000000751000000| Complete 
| 137|0x0000000751200000, 0x0000000751400000, 0x0000000751400000|100%| O|  |TAMS 0x0000000751200000| PB 0x0000000751200000| Untracked 
| 138|0x0000000751400000, 0x0000000751600000, 0x0000000751600000|100%| O|  |TAMS 0x0000000751400000| PB 0x0000000751400000| Untracked 
| 139|0x0000000751600000, 0x0000000751800000, 0x0000000751800000|100%| O|  |TAMS 0x0000000751600000| PB 0x0000000751600000| Untracked 
| 140|0x0000000751800000, 0x0000000751a00000, 0x0000000751a00000|100%| O|  |TAMS 0x0000000751800000| PB 0x0000000751800000| Untracked 
| 141|0x0000000751a00000, 0x0000000751c00000, 0x0000000751c00000|100%| O|  |TAMS 0x0000000751a00000| PB 0x0000000751a00000| Untracked 
| 142|0x0000000751c00000, 0x0000000751e00000, 0x0000000751e00000|100%| O|  |TAMS 0x0000000751c00000| PB 0x0000000751c00000| Untracked 
| 143|0x0000000751e00000, 0x0000000752000000, 0x0000000752000000|100%| O|  |TAMS 0x0000000751e00000| PB 0x0000000751e00000| Untracked 
| 144|0x0000000752000000, 0x0000000752200000, 0x0000000752200000|100%| O|  |TAMS 0x0000000752000000| PB 0x0000000752000000| Untracked 
| 145|0x0000000752200000, 0x0000000752400000, 0x0000000752400000|100%| O|  |TAMS 0x0000000752200000| PB 0x0000000752200000| Untracked 
| 146|0x0000000752400000, 0x0000000752600000, 0x0000000752600000|100%| O|  |TAMS 0x0000000752400000| PB 0x0000000752400000| Untracked 
| 147|0x0000000752600000, 0x0000000752800000, 0x0000000752800000|100%| O|Cm|TAMS 0x0000000752600000| PB 0x0000000752600000| Complete 
| 148|0x0000000752800000, 0x0000000752a00000, 0x0000000752a00000|100%| O|Cm|TAMS 0x0000000752800000| PB 0x0000000752800000| Complete 
| 149|0x0000000752a00000, 0x0000000752c00000, 0x0000000752c00000|100%| O|Cm|TAMS 0x0000000752a00000| PB 0x0000000752a00000| Complete 
| 150|0x0000000752c00000, 0x0000000752e00000, 0x0000000752e00000|100%| O|Cm|TAMS 0x0000000752c00000| PB 0x0000000752c00000| Complete 
| 151|0x0000000752e00000, 0x0000000753000000, 0x0000000753000000|100%| O|Cm|TAMS 0x0000000752e00000| PB 0x0000000752e00000| Complete 
| 152|0x0000000753000000, 0x0000000753200000, 0x0000000753200000|100%| O|Cm|TAMS 0x0000000753000000| PB 0x0000000753000000| Complete 
| 153|0x0000000753200000, 0x0000000753400000, 0x0000000753400000|100%| O|Cm|TAMS 0x0000000753200000| PB 0x0000000753200000| Complete 
| 154|0x0000000753400000, 0x0000000753600000, 0x0000000753600000|100%| O|Cm|TAMS 0x0000000753400000| PB 0x0000000753400000| Complete 
| 155|0x0000000753600000, 0x0000000753800000, 0x0000000753800000|100%| O|  |TAMS 0x0000000753600000| PB 0x0000000753600000| Untracked 
| 156|0x0000000753800000, 0x0000000753a00000, 0x0000000753a00000|100%| O|  |TAMS 0x0000000753800000| PB 0x0000000753800000| Untracked 
| 157|0x0000000753a00000, 0x0000000753c00000, 0x0000000753c00000|100%| O|  |TAMS 0x0000000753a00000| PB 0x0000000753a00000| Untracked 
| 158|0x0000000753c00000, 0x0000000753e00000, 0x0000000753e00000|100%| O|  |TAMS 0x0000000753c00000| PB 0x0000000753c00000| Untracked 
| 159|0x0000000753e00000, 0x0000000754000000, 0x0000000754000000|100%| O|  |TAMS 0x0000000753e00000| PB 0x0000000753e00000| Untracked 
| 160|0x0000000754000000, 0x0000000754200000, 0x0000000754200000|100%| O|  |TAMS 0x0000000754000000| PB 0x0000000754000000| Untracked 
| 161|0x0000000754200000, 0x0000000754400000, 0x0000000754400000|100%| O|  |TAMS 0x0000000754200000| PB 0x0000000754200000| Untracked 
| 162|0x0000000754400000, 0x0000000754600000, 0x0000000754600000|100%| O|  |TAMS 0x0000000754400000| PB 0x0000000754400000| Untracked 
| 163|0x0000000754600000, 0x0000000754800000, 0x0000000754800000|100%| O|  |TAMS 0x0000000754600000| PB 0x0000000754600000| Untracked 
| 164|0x0000000754800000, 0x0000000754a00000, 0x0000000754a00000|100%| O|  |TAMS 0x0000000754800000| PB 0x0000000754800000| Untracked 
| 165|0x0000000754a00000, 0x0000000754c00000, 0x0000000754c00000|100%| O|  |TAMS 0x0000000754a00000| PB 0x0000000754a00000| Untracked 
| 166|0x0000000754c00000, 0x0000000754e00000, 0x0000000754e00000|100%| O|  |TAMS 0x0000000754c00000| PB 0x0000000754c00000| Untracked 
| 167|0x0000000754e00000, 0x0000000755000000, 0x0000000755000000|100%| O|  |TAMS 0x0000000754e00000| PB 0x0000000754e00000| Untracked 
| 168|0x0000000755000000, 0x0000000755200000, 0x0000000755200000|100%| O|  |TAMS 0x0000000755000000| PB 0x0000000755000000| Untracked 
| 169|0x0000000755200000, 0x0000000755400000, 0x0000000755400000|100%| O|  |TAMS 0x0000000755200000| PB 0x0000000755200000| Untracked 
| 170|0x0000000755400000, 0x0000000755600000, 0x0000000755600000|100%| O|  |TAMS 0x0000000755400000| PB 0x0000000755400000| Untracked 
| 171|0x0000000755600000, 0x0000000755800000, 0x0000000755800000|100%| O|  |TAMS 0x0000000755600000| PB 0x0000000755600000| Untracked 
| 172|0x0000000755800000, 0x0000000755a00000, 0x0000000755a00000|100%| O|  |TAMS 0x0000000755800000| PB 0x0000000755800000| Untracked 
| 173|0x0000000755a00000, 0x0000000755c00000, 0x0000000755c00000|100%| O|  |TAMS 0x0000000755a00000| PB 0x0000000755a00000| Untracked 
| 174|0x0000000755c00000, 0x0000000755e00000, 0x0000000755e00000|100%| O|  |TAMS 0x0000000755c00000| PB 0x0000000755c00000| Untracked 
| 175|0x0000000755e00000, 0x0000000756000000, 0x0000000756000000|100%| O|  |TAMS 0x0000000755e00000| PB 0x0000000755e00000| Untracked 
| 176|0x0000000756000000, 0x0000000756200000, 0x0000000756200000|100%| O|  |TAMS 0x0000000756000000| PB 0x0000000756000000| Untracked 
| 177|0x0000000756200000, 0x0000000756400000, 0x0000000756400000|100%| O|  |TAMS 0x0000000756200000| PB 0x0000000756200000| Untracked 
| 178|0x0000000756400000, 0x0000000756600000, 0x0000000756600000|100%| O|  |TAMS 0x0000000756400000| PB 0x0000000756400000| Untracked 
| 179|0x0000000756600000, 0x0000000756800000, 0x0000000756800000|100%| O|  |TAMS 0x0000000756600000| PB 0x0000000756600000| Untracked 
| 180|0x0000000756800000, 0x0000000756a00000, 0x0000000756a00000|100%| O|  |TAMS 0x0000000756800000| PB 0x0000000756800000| Untracked 
| 181|0x0000000756a00000, 0x0000000756c00000, 0x0000000756c00000|100%| O|  |TAMS 0x0000000756a00000| PB 0x0000000756a00000| Untracked 
| 182|0x0000000756c00000, 0x0000000756e00000, 0x0000000756e00000|100%| O|  |TAMS 0x0000000756c00000| PB 0x0000000756c00000| Untracked 
| 183|0x0000000756e00000, 0x0000000757000000, 0x0000000757000000|100%| O|  |TAMS 0x0000000756e00000| PB 0x0000000756e00000| Untracked 
| 184|0x0000000757000000, 0x0000000757200000, 0x0000000757200000|100%| O|  |TAMS 0x0000000757000000| PB 0x0000000757000000| Untracked 
| 185|0x0000000757200000, 0x0000000757400000, 0x0000000757400000|100%| O|  |TAMS 0x0000000757200000| PB 0x0000000757200000| Untracked 
| 186|0x0000000757400000, 0x0000000757600000, 0x0000000757600000|100%| O|  |TAMS 0x0000000757400000| PB 0x0000000757400000| Untracked 
| 187|0x0000000757600000, 0x0000000757800000, 0x0000000757800000|100%| O|  |TAMS 0x0000000757600000| PB 0x0000000757600000| Untracked 
| 188|0x0000000757800000, 0x0000000757a00000, 0x0000000757a00000|100%| O|  |TAMS 0x0000000757800000| PB 0x0000000757800000| Untracked 
| 189|0x0000000757a00000, 0x0000000757c00000, 0x0000000757c00000|100%| O|  |TAMS 0x0000000757a00000| PB 0x0000000757a00000| Untracked 
| 190|0x0000000757c00000, 0x0000000757e00000, 0x0000000757e00000|100%| O|  |TAMS 0x0000000757c00000| PB 0x0000000757c00000| Untracked 
| 191|0x0000000757e00000, 0x0000000758000000, 0x0000000758000000|100%| O|  |TAMS 0x0000000757e00000| PB 0x0000000757e00000| Untracked 
| 192|0x0000000758000000, 0x0000000758200000, 0x0000000758200000|100%| O|  |TAMS 0x0000000758000000| PB 0x0000000758000000| Untracked 
| 193|0x0000000758200000, 0x0000000758400000, 0x0000000758400000|100%| O|  |TAMS 0x0000000758200000| PB 0x0000000758200000| Untracked 
| 194|0x0000000758400000, 0x0000000758600000, 0x0000000758600000|100%| O|  |TAMS 0x0000000758400000| PB 0x0000000758400000| Untracked 
| 195|0x0000000758600000, 0x0000000758800000, 0x0000000758800000|100%| O|  |TAMS 0x0000000758600000| PB 0x0000000758600000| Untracked 
| 196|0x0000000758800000, 0x0000000758a00000, 0x0000000758a00000|100%| O|  |TAMS 0x0000000758800000| PB 0x0000000758800000| Untracked 
| 197|0x0000000758a00000, 0x0000000758c00000, 0x0000000758c00000|100%| O|  |TAMS 0x0000000758a00000| PB 0x0000000758a00000| Untracked 
| 198|0x0000000758c00000, 0x0000000758e00000, 0x0000000758e00000|100%| O|  |TAMS 0x0000000758c00000| PB 0x0000000758c00000| Untracked 
| 199|0x0000000758e00000, 0x0000000759000000, 0x0000000759000000|100%| O|  |TAMS 0x0000000758e00000| PB 0x0000000758e00000| Untracked 
| 200|0x0000000759000000, 0x0000000759200000, 0x0000000759200000|100%| O|  |TAMS 0x0000000759000000| PB 0x0000000759000000| Untracked 
| 201|0x0000000759200000, 0x0000000759400000, 0x0000000759400000|100%| O|  |TAMS 0x0000000759200000| PB 0x0000000759200000| Untracked 
| 202|0x0000000759400000, 0x0000000759600000, 0x0000000759600000|100%| O|  |TAMS 0x0000000759400000| PB 0x0000000759400000| Untracked 
| 203|0x0000000759600000, 0x0000000759800000, 0x0000000759800000|100%| O|  |TAMS 0x0000000759600000| PB 0x0000000759600000| Untracked 
| 204|0x0000000759800000, 0x0000000759800000, 0x0000000759a00000|  0%| F|  |TAMS 0x0000000759800000| PB 0x0000000759800000| Untracked 
| 205|0x0000000759a00000, 0x0000000759a00000, 0x0000000759c00000|  0%| F|  |TAMS 0x0000000759a00000| PB 0x0000000759a00000| Untracked 
| 206|0x0000000759c00000, 0x0000000759c00000, 0x0000000759e00000|  0%| F|  |TAMS 0x0000000759c00000| PB 0x0000000759c00000| Untracked 
| 207|0x0000000759e00000, 0x0000000759e00000, 0x000000075a000000|  0%| F|  |TAMS 0x0000000759e00000| PB 0x0000000759e00000| Untracked 
| 208|0x000000075a000000, 0x000000075a000000, 0x000000075a200000|  0%| F|  |TAMS 0x000000075a000000| PB 0x000000075a000000| Untracked 
| 209|0x000000075a200000, 0x000000075a200000, 0x000000075a400000|  0%| F|  |TAMS 0x000000075a200000| PB 0x000000075a200000| Untracked 
| 210|0x000000075a400000, 0x000000075a400000, 0x000000075a600000|  0%| F|  |TAMS 0x000000075a400000| PB 0x000000075a400000| Untracked 
| 211|0x000000075a600000, 0x000000075a800000, 0x000000075a800000|100%| O|  |TAMS 0x000000075a600000| PB 0x000000075a600000| Untracked 
| 212|0x000000075a800000, 0x000000075aa00000, 0x000000075aa00000|100%| O|  |TAMS 0x000000075a800000| PB 0x000000075a800000| Untracked 
| 213|0x000000075aa00000, 0x000000075ac00000, 0x000000075ac00000|100%| O|  |TAMS 0x000000075aa00000| PB 0x000000075aa00000| Untracked 
| 214|0x000000075ac00000, 0x000000075ae00000, 0x000000075ae00000|100%| O|  |TAMS 0x000000075ac00000| PB 0x000000075ac00000| Untracked 
| 215|0x000000075ae00000, 0x000000075b000000, 0x000000075b000000|100%| O|  |TAMS 0x000000075ae00000| PB 0x000000075ae00000| Untracked 
| 216|0x000000075b000000, 0x000000075b200000, 0x000000075b200000|100%| O|  |TAMS 0x000000075b000000| PB 0x000000075b000000| Untracked 
| 217|0x000000075b200000, 0x000000075b400000, 0x000000075b400000|100%| O|  |TAMS 0x000000075b200000| PB 0x000000075b200000| Untracked 
| 218|0x000000075b400000, 0x000000075b600000, 0x000000075b600000|100%| O|  |TAMS 0x000000075b400000| PB 0x000000075b400000| Untracked 
| 219|0x000000075b600000, 0x000000075b800000, 0x000000075b800000|100%| O|  |TAMS 0x000000075b600000| PB 0x000000075b600000| Untracked 
| 220|0x000000075b800000, 0x000000075ba00000, 0x000000075ba00000|100%| O|  |TAMS 0x000000075b800000| PB 0x000000075b800000| Untracked 
| 221|0x000000075ba00000, 0x000000075bc00000, 0x000000075bc00000|100%| O|  |TAMS 0x000000075ba00000| PB 0x000000075ba00000| Untracked 
| 222|0x000000075bc00000, 0x000000075be00000, 0x000000075be00000|100%| O|  |TAMS 0x000000075bc00000| PB 0x000000075bc00000| Untracked 
| 223|0x000000075be00000, 0x000000075c000000, 0x000000075c000000|100%| O|  |TAMS 0x000000075be00000| PB 0x000000075be00000| Untracked 
| 224|0x000000075c000000, 0x000000075c200000, 0x000000075c200000|100%| O|  |TAMS 0x000000075c000000| PB 0x000000075c000000| Untracked 
| 225|0x000000075c200000, 0x000000075c400000, 0x000000075c400000|100%| O|  |TAMS 0x000000075c200000| PB 0x000000075c200000| Untracked 
| 226|0x000000075c400000, 0x000000075c600000, 0x000000075c600000|100%| O|  |TAMS 0x000000075c400000| PB 0x000000075c400000| Untracked 
| 227|0x000000075c600000, 0x000000075c800000, 0x000000075c800000|100%| O|  |TAMS 0x000000075c600000| PB 0x000000075c600000| Untracked 
| 228|0x000000075c800000, 0x000000075ca00000, 0x000000075ca00000|100%| O|  |TAMS 0x000000075c800000| PB 0x000000075c800000| Untracked 
| 229|0x000000075ca00000, 0x000000075cc00000, 0x000000075cc00000|100%| O|  |TAMS 0x000000075ca00000| PB 0x000000075ca00000| Untracked 
| 230|0x000000075cc00000, 0x000000075ce00000, 0x000000075ce00000|100%| O|  |TAMS 0x000000075cc00000| PB 0x000000075cc00000| Untracked 
| 231|0x000000075ce00000, 0x000000075d000000, 0x000000075d000000|100%| O|  |TAMS 0x000000075ce00000| PB 0x000000075ce00000| Untracked 
| 232|0x000000075d000000, 0x000000075d200000, 0x000000075d200000|100%| O|  |TAMS 0x000000075d000000| PB 0x000000075d000000| Untracked 
| 233|0x000000075d200000, 0x000000075d400000, 0x000000075d400000|100%| O|  |TAMS 0x000000075d200000| PB 0x000000075d200000| Untracked 
| 234|0x000000075d400000, 0x000000075d600000, 0x000000075d600000|100%| O|  |TAMS 0x000000075d400000| PB 0x000000075d400000| Untracked 
| 235|0x000000075d600000, 0x000000075d800000, 0x000000075d800000|100%| O|  |TAMS 0x000000075d600000| PB 0x000000075d600000| Untracked 
| 236|0x000000075d800000, 0x000000075da00000, 0x000000075da00000|100%| O|  |TAMS 0x000000075d800000| PB 0x000000075d800000| Untracked 
| 237|0x000000075da00000, 0x000000075dc00000, 0x000000075dc00000|100%| O|  |TAMS 0x000000075da00000| PB 0x000000075da00000| Untracked 
| 238|0x000000075dc00000, 0x000000075de00000, 0x000000075de00000|100%| O|  |TAMS 0x000000075dc00000| PB 0x000000075dc00000| Untracked 
| 239|0x000000075de00000, 0x000000075e000000, 0x000000075e000000|100%| O|  |TAMS 0x000000075de00000| PB 0x000000075de00000| Untracked 
| 240|0x000000075e000000, 0x000000075e200000, 0x000000075e200000|100%| O|  |TAMS 0x000000075e000000| PB 0x000000075e000000| Untracked 
| 241|0x000000075e200000, 0x000000075e400000, 0x000000075e400000|100%| O|  |TAMS 0x000000075e200000| PB 0x000000075e200000| Untracked 
| 242|0x000000075e400000, 0x000000075e600000, 0x000000075e600000|100%| O|  |TAMS 0x000000075e400000| PB 0x000000075e400000| Untracked 
| 243|0x000000075e600000, 0x000000075e800000, 0x000000075e800000|100%| O|  |TAMS 0x000000075e600000| PB 0x000000075e600000| Untracked 
| 244|0x000000075e800000, 0x000000075ea00000, 0x000000075ea00000|100%| O|  |TAMS 0x000000075e800000| PB 0x000000075e800000| Untracked 
| 245|0x000000075ea00000, 0x000000075ec00000, 0x000000075ec00000|100%| O|  |TAMS 0x000000075ea00000| PB 0x000000075ea00000| Untracked 
| 246|0x000000075ec00000, 0x000000075ee00000, 0x000000075ee00000|100%| O|  |TAMS 0x000000075ec00000| PB 0x000000075ec00000| Untracked 
| 247|0x000000075ee00000, 0x000000075f000000, 0x000000075f000000|100%| O|  |TAMS 0x000000075ee00000| PB 0x000000075ee00000| Untracked 
| 248|0x000000075f000000, 0x000000075f200000, 0x000000075f200000|100%| O|  |TAMS 0x000000075f000000| PB 0x000000075f000000| Untracked 
| 249|0x000000075f200000, 0x000000075f400000, 0x000000075f400000|100%| O|  |TAMS 0x000000075f200000| PB 0x000000075f200000| Untracked 
| 250|0x000000075f400000, 0x000000075f600000, 0x000000075f600000|100%| O|  |TAMS 0x000000075f400000| PB 0x000000075f400000| Untracked 
| 251|0x000000075f600000, 0x000000075f800000, 0x000000075f800000|100%| O|  |TAMS 0x000000075f600000| PB 0x000000075f600000| Untracked 
| 252|0x000000075f800000, 0x000000075fa00000, 0x000000075fa00000|100%| O|  |TAMS 0x000000075f800000| PB 0x000000075f800000| Untracked 
| 253|0x000000075fa00000, 0x000000075fa00000, 0x000000075fc00000|  0%| F|  |TAMS 0x000000075fa00000| PB 0x000000075fa00000| Untracked 
| 254|0x000000075fc00000, 0x000000075fc00000, 0x000000075fe00000|  0%| F|  |TAMS 0x000000075fc00000| PB 0x000000075fc00000| Untracked 
| 255|0x000000075fe00000, 0x000000075fe00000, 0x0000000760000000|  0%| F|  |TAMS 0x000000075fe00000| PB 0x000000075fe00000| Untracked 
| 256|0x0000000760000000, 0x0000000760000000, 0x0000000760200000|  0%| F|  |TAMS 0x0000000760000000| PB 0x0000000760000000| Untracked 
| 257|0x0000000760200000, 0x0000000760200000, 0x0000000760400000|  0%| F|  |TAMS 0x0000000760200000| PB 0x0000000760200000| Untracked 
| 258|0x0000000760400000, 0x0000000760400000, 0x0000000760600000|  0%| F|  |TAMS 0x0000000760400000| PB 0x0000000760400000| Untracked 
| 259|0x0000000760600000, 0x0000000760600000, 0x0000000760800000|  0%| F|  |TAMS 0x0000000760600000| PB 0x0000000760600000| Untracked 
| 260|0x0000000760800000, 0x0000000760800000, 0x0000000760a00000|  0%| F|  |TAMS 0x0000000760800000| PB 0x0000000760800000| Untracked 
| 261|0x0000000760a00000, 0x0000000760a00000, 0x0000000760c00000|  0%| F|  |TAMS 0x0000000760a00000| PB 0x0000000760a00000| Untracked 
| 262|0x0000000760c00000, 0x0000000760c00000, 0x0000000760e00000|  0%| F|  |TAMS 0x0000000760c00000| PB 0x0000000760c00000| Untracked 
| 263|0x0000000760e00000, 0x0000000760e00000, 0x0000000761000000|  0%| F|  |TAMS 0x0000000760e00000| PB 0x0000000760e00000| Untracked 
| 264|0x0000000761000000, 0x0000000761000000, 0x0000000761200000|  0%| F|  |TAMS 0x0000000761000000| PB 0x0000000761000000| Untracked 
| 265|0x0000000761200000, 0x0000000761200000, 0x0000000761400000|  0%| F|  |TAMS 0x0000000761200000| PB 0x0000000761200000| Untracked 
| 266|0x0000000761400000, 0x0000000761400000, 0x0000000761600000|  0%| F|  |TAMS 0x0000000761400000| PB 0x0000000761400000| Untracked 
| 267|0x0000000761600000, 0x0000000761600000, 0x0000000761800000|  0%| F|  |TAMS 0x0000000761600000| PB 0x0000000761600000| Untracked 
| 268|0x0000000761800000, 0x0000000761800000, 0x0000000761a00000|  0%| F|  |TAMS 0x0000000761800000| PB 0x0000000761800000| Untracked 
| 269|0x0000000761a00000, 0x0000000761a00000, 0x0000000761c00000|  0%| F|  |TAMS 0x0000000761a00000| PB 0x0000000761a00000| Untracked 
| 270|0x0000000761c00000, 0x0000000761c00000, 0x0000000761e00000|  0%| F|  |TAMS 0x0000000761c00000| PB 0x0000000761c00000| Untracked 
| 271|0x0000000761e00000, 0x0000000761e00000, 0x0000000762000000|  0%| F|  |TAMS 0x0000000761e00000| PB 0x0000000761e00000| Untracked 
| 272|0x0000000762000000, 0x0000000762000000, 0x0000000762200000|  0%| F|  |TAMS 0x0000000762000000| PB 0x0000000762000000| Untracked 
| 273|0x0000000762200000, 0x0000000762200000, 0x0000000762400000|  0%| F|  |TAMS 0x0000000762200000| PB 0x0000000762200000| Untracked 
| 274|0x0000000762400000, 0x0000000762400000, 0x0000000762600000|  0%| F|  |TAMS 0x0000000762400000| PB 0x0000000762400000| Untracked 
| 275|0x0000000762600000, 0x0000000762600000, 0x0000000762800000|  0%| F|  |TAMS 0x0000000762600000| PB 0x0000000762600000| Untracked 
| 276|0x0000000762800000, 0x0000000762800000, 0x0000000762a00000|  0%| F|  |TAMS 0x0000000762800000| PB 0x0000000762800000| Untracked 
| 277|0x0000000762a00000, 0x0000000762a00000, 0x0000000762c00000|  0%| F|  |TAMS 0x0000000762a00000| PB 0x0000000762a00000| Untracked 
| 278|0x0000000762c00000, 0x0000000762c00000, 0x0000000762e00000|  0%| F|  |TAMS 0x0000000762c00000| PB 0x0000000762c00000| Untracked 
| 279|0x0000000762e00000, 0x0000000762e00000, 0x0000000763000000|  0%| F|  |TAMS 0x0000000762e00000| PB 0x0000000762e00000| Untracked 
| 280|0x0000000763000000, 0x0000000763000000, 0x0000000763200000|  0%| F|  |TAMS 0x0000000763000000| PB 0x0000000763000000| Untracked 
| 281|0x0000000763200000, 0x0000000763200000, 0x0000000763400000|  0%| F|  |TAMS 0x0000000763200000| PB 0x0000000763200000| Untracked 
| 282|0x0000000763400000, 0x0000000763400000, 0x0000000763600000|  0%| F|  |TAMS 0x0000000763400000| PB 0x0000000763400000| Untracked 
| 283|0x0000000763600000, 0x0000000763600000, 0x0000000763800000|  0%| F|  |TAMS 0x0000000763600000| PB 0x0000000763600000| Untracked 
| 284|0x0000000763800000, 0x0000000763800000, 0x0000000763a00000|  0%| F|  |TAMS 0x0000000763800000| PB 0x0000000763800000| Untracked 
| 285|0x0000000763a00000, 0x0000000763a00000, 0x0000000763c00000|  0%| F|  |TAMS 0x0000000763a00000| PB 0x0000000763a00000| Untracked 
| 286|0x0000000763c00000, 0x0000000763c00000, 0x0000000763e00000|  0%| F|  |TAMS 0x0000000763c00000| PB 0x0000000763c00000| Untracked 
| 287|0x0000000763e00000, 0x0000000763e00000, 0x0000000764000000|  0%| F|  |TAMS 0x0000000763e00000| PB 0x0000000763e00000| Untracked 
| 288|0x0000000764000000, 0x0000000764200000, 0x0000000764200000|100%| S|CS|TAMS 0x0000000764000000| PB 0x0000000764000000| Complete 
| 289|0x0000000764200000, 0x0000000764400000, 0x0000000764400000|100%| S|CS|TAMS 0x0000000764200000| PB 0x0000000764200000| Complete 
| 290|0x0000000764400000, 0x0000000764600000, 0x0000000764600000|100%| S|CS|TAMS 0x0000000764400000| PB 0x0000000764400000| Complete 
| 291|0x0000000764600000, 0x0000000764800000, 0x0000000764800000|100%| S|CS|TAMS 0x0000000764600000| PB 0x0000000764600000| Complete 
| 292|0x0000000764800000, 0x0000000764a00000, 0x0000000764a00000|100%| S|CS|TAMS 0x0000000764800000| PB 0x0000000764800000| Complete 
| 293|0x0000000764a00000, 0x0000000764c00000, 0x0000000764c00000|100%| S|CS|TAMS 0x0000000764a00000| PB 0x0000000764a00000| Complete 
| 294|0x0000000764c00000, 0x0000000764e00000, 0x0000000764e00000|100%| S|CS|TAMS 0x0000000764c00000| PB 0x0000000764c00000| Complete 
| 295|0x0000000764e00000, 0x0000000765000000, 0x0000000765000000|100%| S|CS|TAMS 0x0000000764e00000| PB 0x0000000764e00000| Complete 
| 296|0x0000000765000000, 0x0000000765200000, 0x0000000765200000|100%| S|CS|TAMS 0x0000000765000000| PB 0x0000000765000000| Complete 
| 297|0x0000000765200000, 0x0000000765400000, 0x0000000765400000|100%| S|CS|TAMS 0x0000000765200000| PB 0x0000000765200000| Complete 
| 298|0x0000000765400000, 0x0000000765600000, 0x0000000765600000|100%| S|CS|TAMS 0x0000000765400000| PB 0x0000000765400000| Complete 
| 299|0x0000000765600000, 0x0000000765800000, 0x0000000765800000|100%| S|CS|TAMS 0x0000000765600000| PB 0x0000000765600000| Complete 
| 300|0x0000000765800000, 0x0000000765a00000, 0x0000000765a00000|100%| S|CS|TAMS 0x0000000765800000| PB 0x0000000765800000| Complete 
| 301|0x0000000765a00000, 0x0000000765c00000, 0x0000000765c00000|100%| S|CS|TAMS 0x0000000765a00000| PB 0x0000000765a00000| Complete 
| 302|0x0000000765c00000, 0x0000000765e00000, 0x0000000765e00000|100%| S|CS|TAMS 0x0000000765c00000| PB 0x0000000765c00000| Complete 
| 303|0x0000000765e00000, 0x0000000766000000, 0x0000000766000000|100%| S|CS|TAMS 0x0000000765e00000| PB 0x0000000765e00000| Complete 
| 304|0x0000000766000000, 0x0000000766200000, 0x0000000766200000|100%| S|CS|TAMS 0x0000000766000000| PB 0x0000000766000000| Complete 
| 305|0x0000000766200000, 0x0000000766200000, 0x0000000766400000|  0%| F|  |TAMS 0x0000000766200000| PB 0x0000000766200000| Untracked 
| 306|0x0000000766400000, 0x0000000766400000, 0x0000000766600000|  0%| F|  |TAMS 0x0000000766400000| PB 0x0000000766400000| Untracked 
| 307|0x0000000766600000, 0x0000000766600000, 0x0000000766800000|  0%| F|  |TAMS 0x0000000766600000| PB 0x0000000766600000| Untracked 
| 308|0x0000000766800000, 0x0000000766800000, 0x0000000766a00000|  0%| F|  |TAMS 0x0000000766800000| PB 0x0000000766800000| Untracked 
| 309|0x0000000766a00000, 0x0000000766a00000, 0x0000000766c00000|  0%| F|  |TAMS 0x0000000766a00000| PB 0x0000000766a00000| Untracked 
| 310|0x0000000766c00000, 0x0000000766c00000, 0x0000000766e00000|  0%| F|  |TAMS 0x0000000766c00000| PB 0x0000000766c00000| Untracked 
| 311|0x0000000766e00000, 0x0000000766e00000, 0x0000000767000000|  0%| F|  |TAMS 0x0000000766e00000| PB 0x0000000766e00000| Untracked 
| 312|0x0000000767000000, 0x0000000767000000, 0x0000000767200000|  0%| F|  |TAMS 0x0000000767000000| PB 0x0000000767000000| Untracked 
| 313|0x0000000767200000, 0x0000000767200000, 0x0000000767400000|  0%| F|  |TAMS 0x0000000767200000| PB 0x0000000767200000| Untracked 
| 314|0x0000000767400000, 0x0000000767400000, 0x0000000767600000|  0%| F|  |TAMS 0x0000000767400000| PB 0x0000000767400000| Untracked 
| 315|0x0000000767600000, 0x0000000767600000, 0x0000000767800000|  0%| F|  |TAMS 0x0000000767600000| PB 0x0000000767600000| Untracked 
| 316|0x0000000767800000, 0x0000000767800000, 0x0000000767a00000|  0%| F|  |TAMS 0x0000000767800000| PB 0x0000000767800000| Untracked 
| 317|0x0000000767a00000, 0x0000000767a00000, 0x0000000767c00000|  0%| F|  |TAMS 0x0000000767a00000| PB 0x0000000767a00000| Untracked 
| 318|0x0000000767c00000, 0x0000000767c00000, 0x0000000767e00000|  0%| F|  |TAMS 0x0000000767c00000| PB 0x0000000767c00000| Untracked 
| 319|0x0000000767e00000, 0x0000000767e00000, 0x0000000768000000|  0%| F|  |TAMS 0x0000000767e00000| PB 0x0000000767e00000| Untracked 
| 320|0x0000000768000000, 0x0000000768000000, 0x0000000768200000|  0%| F|  |TAMS 0x0000000768000000| PB 0x0000000768000000| Untracked 
| 321|0x0000000768200000, 0x0000000768200000, 0x0000000768400000|  0%| F|  |TAMS 0x0000000768200000| PB 0x0000000768200000| Untracked 
| 322|0x0000000768400000, 0x0000000768400000, 0x0000000768600000|  0%| F|  |TAMS 0x0000000768400000| PB 0x0000000768400000| Untracked 
| 323|0x0000000768600000, 0x0000000768600000, 0x0000000768800000|  0%| F|  |TAMS 0x0000000768600000| PB 0x0000000768600000| Untracked 
| 324|0x0000000768800000, 0x0000000768800000, 0x0000000768a00000|  0%| F|  |TAMS 0x0000000768800000| PB 0x0000000768800000| Untracked 
| 325|0x0000000768a00000, 0x0000000768a00000, 0x0000000768c00000|  0%| F|  |TAMS 0x0000000768a00000| PB 0x0000000768a00000| Untracked 
| 326|0x0000000768c00000, 0x0000000768c00000, 0x0000000768e00000|  0%| F|  |TAMS 0x0000000768c00000| PB 0x0000000768c00000| Untracked 
| 327|0x0000000768e00000, 0x0000000768e00000, 0x0000000769000000|  0%| F|  |TAMS 0x0000000768e00000| PB 0x0000000768e00000| Untracked 
| 328|0x0000000769000000, 0x0000000769000000, 0x0000000769200000|  0%| F|  |TAMS 0x0000000769000000| PB 0x0000000769000000| Untracked 
| 329|0x0000000769200000, 0x0000000769200000, 0x0000000769400000|  0%| F|  |TAMS 0x0000000769200000| PB 0x0000000769200000| Untracked 
| 330|0x0000000769400000, 0x0000000769400000, 0x0000000769600000|  0%| F|  |TAMS 0x0000000769400000| PB 0x0000000769400000| Untracked 
| 331|0x0000000769600000, 0x0000000769600000, 0x0000000769800000|  0%| F|  |TAMS 0x0000000769600000| PB 0x0000000769600000| Untracked 
| 332|0x0000000769800000, 0x0000000769800000, 0x0000000769a00000|  0%| F|  |TAMS 0x0000000769800000| PB 0x0000000769800000| Untracked 
| 333|0x0000000769a00000, 0x0000000769a00000, 0x0000000769c00000|  0%| F|  |TAMS 0x0000000769a00000| PB 0x0000000769a00000| Untracked 
| 334|0x0000000769c00000, 0x0000000769c00000, 0x0000000769e00000|  0%| F|  |TAMS 0x0000000769c00000| PB 0x0000000769c00000| Untracked 
| 335|0x0000000769e00000, 0x0000000769e00000, 0x000000076a000000|  0%| F|  |TAMS 0x0000000769e00000| PB 0x0000000769e00000| Untracked 
| 336|0x000000076a000000, 0x000000076a000000, 0x000000076a200000|  0%| F|  |TAMS 0x000000076a000000| PB 0x000000076a000000| Untracked 
| 337|0x000000076a200000, 0x000000076a200000, 0x000000076a400000|  0%| F|  |TAMS 0x000000076a200000| PB 0x000000076a200000| Untracked 
| 338|0x000000076a400000, 0x000000076a400000, 0x000000076a600000|  0%| F|  |TAMS 0x000000076a400000| PB 0x000000076a400000| Untracked 
| 339|0x000000076a600000, 0x000000076a600000, 0x000000076a800000|  0%| F|  |TAMS 0x000000076a600000| PB 0x000000076a600000| Untracked 
| 340|0x000000076a800000, 0x000000076a800000, 0x000000076aa00000|  0%| F|  |TAMS 0x000000076a800000| PB 0x000000076a800000| Untracked 
| 341|0x000000076aa00000, 0x000000076aa00000, 0x000000076ac00000|  0%| F|  |TAMS 0x000000076aa00000| PB 0x000000076aa00000| Untracked 
| 342|0x000000076ac00000, 0x000000076ac00000, 0x000000076ae00000|  0%| F|  |TAMS 0x000000076ac00000| PB 0x000000076ac00000| Untracked 
| 343|0x000000076ae00000, 0x000000076ae00000, 0x000000076b000000|  0%| F|  |TAMS 0x000000076ae00000| PB 0x000000076ae00000| Untracked 
| 344|0x000000076b000000, 0x000000076b000000, 0x000000076b200000|  0%| F|  |TAMS 0x000000076b000000| PB 0x000000076b000000| Untracked 
| 345|0x000000076b200000, 0x000000076b200000, 0x000000076b400000|  0%| F|  |TAMS 0x000000076b200000| PB 0x000000076b200000| Untracked 
| 346|0x000000076b400000, 0x000000076b400000, 0x000000076b600000|  0%| F|  |TAMS 0x000000076b400000| PB 0x000000076b400000| Untracked 
| 347|0x000000076b600000, 0x000000076b600000, 0x000000076b800000|  0%| F|  |TAMS 0x000000076b600000| PB 0x000000076b600000| Untracked 
| 348|0x000000076b800000, 0x000000076b800000, 0x000000076ba00000|  0%| F|  |TAMS 0x000000076b800000| PB 0x000000076b800000| Untracked 
| 349|0x000000076ba00000, 0x000000076ba00000, 0x000000076bc00000|  0%| F|  |TAMS 0x000000076ba00000| PB 0x000000076ba00000| Untracked 
| 350|0x000000076bc00000, 0x000000076bc00000, 0x000000076be00000|  0%| F|  |TAMS 0x000000076bc00000| PB 0x000000076bc00000| Untracked 
| 351|0x000000076be00000, 0x000000076be00000, 0x000000076c000000|  0%| F|  |TAMS 0x000000076be00000| PB 0x000000076be00000| Untracked 
| 352|0x000000076c000000, 0x000000076c000000, 0x000000076c200000|  0%| F|  |TAMS 0x000000076c000000| PB 0x000000076c000000| Untracked 
| 353|0x000000076c200000, 0x000000076c200000, 0x000000076c400000|  0%| F|  |TAMS 0x000000076c200000| PB 0x000000076c200000| Untracked 
| 354|0x000000076c400000, 0x000000076c400000, 0x000000076c600000|  0%| F|  |TAMS 0x000000076c400000| PB 0x000000076c400000| Untracked 
| 355|0x000000076c600000, 0x000000076c600000, 0x000000076c800000|  0%| F|  |TAMS 0x000000076c600000| PB 0x000000076c600000| Untracked 
| 356|0x000000076c800000, 0x000000076c800000, 0x000000076ca00000|  0%| F|  |TAMS 0x000000076c800000| PB 0x000000076c800000| Untracked 
| 357|0x000000076ca00000, 0x000000076ca00000, 0x000000076cc00000|  0%| F|  |TAMS 0x000000076ca00000| PB 0x000000076ca00000| Untracked 
| 358|0x000000076cc00000, 0x000000076cc00000, 0x000000076ce00000|  0%| F|  |TAMS 0x000000076cc00000| PB 0x000000076cc00000| Untracked 
| 359|0x000000076ce00000, 0x000000076ce00000, 0x000000076d000000|  0%| F|  |TAMS 0x000000076ce00000| PB 0x000000076ce00000| Untracked 
| 360|0x000000076d000000, 0x000000076d000000, 0x000000076d200000|  0%| F|  |TAMS 0x000000076d000000| PB 0x000000076d000000| Untracked 
| 361|0x000000076d200000, 0x000000076d200000, 0x000000076d400000|  0%| F|  |TAMS 0x000000076d200000| PB 0x000000076d200000| Untracked 
| 362|0x000000076d400000, 0x000000076d400000, 0x000000076d600000|  0%| F|  |TAMS 0x000000076d400000| PB 0x000000076d400000| Untracked 
| 363|0x000000076d600000, 0x000000076d600000, 0x000000076d800000|  0%| F|  |TAMS 0x000000076d600000| PB 0x000000076d600000| Untracked 
| 364|0x000000076d800000, 0x000000076d800000, 0x000000076da00000|  0%| F|  |TAMS 0x000000076d800000| PB 0x000000076d800000| Untracked 
| 365|0x000000076da00000, 0x000000076da00000, 0x000000076dc00000|  0%| F|  |TAMS 0x000000076da00000| PB 0x000000076da00000| Untracked 
| 366|0x000000076dc00000, 0x000000076dc00000, 0x000000076de00000|  0%| F|  |TAMS 0x000000076dc00000| PB 0x000000076dc00000| Untracked 
| 367|0x000000076de00000, 0x000000076de00000, 0x000000076e000000|  0%| F|  |TAMS 0x000000076de00000| PB 0x000000076de00000| Untracked 
| 368|0x000000076e000000, 0x000000076e000000, 0x000000076e200000|  0%| F|  |TAMS 0x000000076e000000| PB 0x000000076e000000| Untracked 
| 369|0x000000076e200000, 0x000000076e200000, 0x000000076e400000|  0%| F|  |TAMS 0x000000076e200000| PB 0x000000076e200000| Untracked 
| 370|0x000000076e400000, 0x000000076e400000, 0x000000076e600000|  0%| F|  |TAMS 0x000000076e400000| PB 0x000000076e400000| Untracked 
| 371|0x000000076e600000, 0x000000076e600000, 0x000000076e800000|  0%| F|  |TAMS 0x000000076e600000| PB 0x000000076e600000| Untracked 
| 372|0x000000076e800000, 0x000000076e800000, 0x000000076ea00000|  0%| F|  |TAMS 0x000000076e800000| PB 0x000000076e800000| Untracked 
| 373|0x000000076ea00000, 0x000000076ea00000, 0x000000076ec00000|  0%| F|  |TAMS 0x000000076ea00000| PB 0x000000076ea00000| Untracked 
| 374|0x000000076ec00000, 0x000000076ec00000, 0x000000076ee00000|  0%| F|  |TAMS 0x000000076ec00000| PB 0x000000076ec00000| Untracked 
| 375|0x000000076ee00000, 0x000000076ee00000, 0x000000076f000000|  0%| F|  |TAMS 0x000000076ee00000| PB 0x000000076ee00000| Untracked 
| 376|0x000000076f000000, 0x000000076f000000, 0x000000076f200000|  0%| F|  |TAMS 0x000000076f000000| PB 0x000000076f000000| Untracked 
| 377|0x000000076f200000, 0x000000076f200000, 0x000000076f400000|  0%| F|  |TAMS 0x000000076f200000| PB 0x000000076f200000| Untracked 
| 378|0x000000076f400000, 0x000000076f400000, 0x000000076f600000|  0%| F|  |TAMS 0x000000076f400000| PB 0x000000076f400000| Untracked 
| 379|0x000000076f600000, 0x000000076f600000, 0x000000076f800000|  0%| F|  |TAMS 0x000000076f600000| PB 0x000000076f600000| Untracked 
| 380|0x000000076f800000, 0x000000076f800000, 0x000000076fa00000|  0%| F|  |TAMS 0x000000076f800000| PB 0x000000076f800000| Untracked 
| 381|0x000000076fa00000, 0x000000076fa00000, 0x000000076fc00000|  0%| F|  |TAMS 0x000000076fa00000| PB 0x000000076fa00000| Untracked 
| 382|0x000000076fc00000, 0x000000076fc00000, 0x000000076fe00000|  0%| F|  |TAMS 0x000000076fc00000| PB 0x000000076fc00000| Untracked 
| 383|0x000000076fe00000, 0x000000076fe00000, 0x0000000770000000|  0%| F|  |TAMS 0x000000076fe00000| PB 0x000000076fe00000| Untracked 
| 384|0x0000000770000000, 0x0000000770000000, 0x0000000770200000|  0%| F|  |TAMS 0x0000000770000000| PB 0x0000000770000000| Untracked 
| 385|0x0000000770200000, 0x0000000770200000, 0x0000000770400000|  0%| F|  |TAMS 0x0000000770200000| PB 0x0000000770200000| Untracked 
| 386|0x0000000770400000, 0x0000000770400000, 0x0000000770600000|  0%| F|  |TAMS 0x0000000770400000| PB 0x0000000770400000| Untracked 
| 387|0x0000000770600000, 0x0000000770600000, 0x0000000770800000|  0%| F|  |TAMS 0x0000000770600000| PB 0x0000000770600000| Untracked 
| 388|0x0000000770800000, 0x0000000770800000, 0x0000000770a00000|  0%| F|  |TAMS 0x0000000770800000| PB 0x0000000770800000| Untracked 
| 389|0x0000000770a00000, 0x0000000770a00000, 0x0000000770c00000|  0%| F|  |TAMS 0x0000000770a00000| PB 0x0000000770a00000| Untracked 
| 390|0x0000000770c00000, 0x0000000770c00000, 0x0000000770e00000|  0%| F|  |TAMS 0x0000000770c00000| PB 0x0000000770c00000| Untracked 
| 391|0x0000000770e00000, 0x0000000770e00000, 0x0000000771000000|  0%| F|  |TAMS 0x0000000770e00000| PB 0x0000000770e00000| Untracked 
| 392|0x0000000771000000, 0x0000000771000000, 0x0000000771200000|  0%| F|  |TAMS 0x0000000771000000| PB 0x0000000771000000| Untracked 
| 393|0x0000000771200000, 0x0000000771200000, 0x0000000771400000|  0%| F|  |TAMS 0x0000000771200000| PB 0x0000000771200000| Untracked 
| 394|0x0000000771400000, 0x0000000771400000, 0x0000000771600000|  0%| F|  |TAMS 0x0000000771400000| PB 0x0000000771400000| Untracked 
| 395|0x0000000771600000, 0x0000000771600000, 0x0000000771800000|  0%| F|  |TAMS 0x0000000771600000| PB 0x0000000771600000| Untracked 
| 396|0x0000000771800000, 0x0000000771800000, 0x0000000771a00000|  0%| F|  |TAMS 0x0000000771800000| PB 0x0000000771800000| Untracked 
| 397|0x0000000771a00000, 0x0000000771a00000, 0x0000000771c00000|  0%| F|  |TAMS 0x0000000771a00000| PB 0x0000000771a00000| Untracked 
| 398|0x0000000771c00000, 0x0000000771c00000, 0x0000000771e00000|  0%| F|  |TAMS 0x0000000771c00000| PB 0x0000000771c00000| Untracked 
| 399|0x0000000771e00000, 0x0000000771e00000, 0x0000000772000000|  0%| F|  |TAMS 0x0000000771e00000| PB 0x0000000771e00000| Untracked 
| 400|0x0000000772000000, 0x0000000772000000, 0x0000000772200000|  0%| F|  |TAMS 0x0000000772000000| PB 0x0000000772000000| Untracked 
| 401|0x0000000772200000, 0x0000000772200000, 0x0000000772400000|  0%| F|  |TAMS 0x0000000772200000| PB 0x0000000772200000| Untracked 
| 402|0x0000000772400000, 0x0000000772400000, 0x0000000772600000|  0%| F|  |TAMS 0x0000000772400000| PB 0x0000000772400000| Untracked 
| 403|0x0000000772600000, 0x0000000772600000, 0x0000000772800000|  0%| F|  |TAMS 0x0000000772600000| PB 0x0000000772600000| Untracked 
| 404|0x0000000772800000, 0x0000000772800000, 0x0000000772a00000|  0%| F|  |TAMS 0x0000000772800000| PB 0x0000000772800000| Untracked 
| 405|0x0000000772a00000, 0x0000000772a00000, 0x0000000772c00000|  0%| F|  |TAMS 0x0000000772a00000| PB 0x0000000772a00000| Untracked 
| 406|0x0000000772c00000, 0x0000000772c00000, 0x0000000772e00000|  0%| F|  |TAMS 0x0000000772c00000| PB 0x0000000772c00000| Untracked 
| 407|0x0000000772e00000, 0x0000000772e00000, 0x0000000773000000|  0%| F|  |TAMS 0x0000000772e00000| PB 0x0000000772e00000| Untracked 
| 408|0x0000000773000000, 0x0000000773000000, 0x0000000773200000|  0%| F|  |TAMS 0x0000000773000000| PB 0x0000000773000000| Untracked 
| 409|0x0000000773200000, 0x0000000773200000, 0x0000000773400000|  0%| F|  |TAMS 0x0000000773200000| PB 0x0000000773200000| Untracked 
| 410|0x0000000773400000, 0x0000000773400000, 0x0000000773600000|  0%| F|  |TAMS 0x0000000773400000| PB 0x0000000773400000| Untracked 
| 411|0x0000000773600000, 0x0000000773600000, 0x0000000773800000|  0%| F|  |TAMS 0x0000000773600000| PB 0x0000000773600000| Untracked 
| 412|0x0000000773800000, 0x0000000773800000, 0x0000000773a00000|  0%| F|  |TAMS 0x0000000773800000| PB 0x0000000773800000| Untracked 
| 413|0x0000000773a00000, 0x0000000773a00000, 0x0000000773c00000|  0%| F|  |TAMS 0x0000000773a00000| PB 0x0000000773a00000| Untracked 
| 414|0x0000000773c00000, 0x0000000773c00000, 0x0000000773e00000|  0%| F|  |TAMS 0x0000000773c00000| PB 0x0000000773c00000| Untracked 
| 415|0x0000000773e00000, 0x0000000773e00000, 0x0000000774000000|  0%| F|  |TAMS 0x0000000773e00000| PB 0x0000000773e00000| Untracked 
| 416|0x0000000774000000, 0x0000000774000000, 0x0000000774200000|  0%| F|  |TAMS 0x0000000774000000| PB 0x0000000774000000| Untracked 
| 417|0x0000000774200000, 0x0000000774200000, 0x0000000774400000|  0%| F|  |TAMS 0x0000000774200000| PB 0x0000000774200000| Untracked 
| 418|0x0000000774400000, 0x0000000774400000, 0x0000000774600000|  0%| F|  |TAMS 0x0000000774400000| PB 0x0000000774400000| Untracked 
| 419|0x0000000774600000, 0x0000000774600000, 0x0000000774800000|  0%| F|  |TAMS 0x0000000774600000| PB 0x0000000774600000| Untracked 
| 420|0x0000000774800000, 0x0000000774800000, 0x0000000774a00000|  0%| F|  |TAMS 0x0000000774800000| PB 0x0000000774800000| Untracked 
| 421|0x0000000774a00000, 0x0000000774a00000, 0x0000000774c00000|  0%| F|  |TAMS 0x0000000774a00000| PB 0x0000000774a00000| Untracked 
| 422|0x0000000774c00000, 0x0000000774c00000, 0x0000000774e00000|  0%| F|  |TAMS 0x0000000774c00000| PB 0x0000000774c00000| Untracked 
| 423|0x0000000774e00000, 0x0000000774f60018, 0x0000000775000000| 68%| E|  |TAMS 0x0000000774e00000| PB 0x0000000774e00000| Complete 
| 424|0x0000000775000000, 0x0000000775200000, 0x0000000775200000|100%| E|CS|TAMS 0x0000000775000000| PB 0x0000000775000000| Complete 
| 425|0x0000000775200000, 0x0000000775400000, 0x0000000775400000|100%| E|CS|TAMS 0x0000000775200000| PB 0x0000000775200000| Complete 
| 426|0x0000000775400000, 0x0000000775600000, 0x0000000775600000|100%| E|CS|TAMS 0x0000000775400000| PB 0x0000000775400000| Complete 
| 427|0x0000000775600000, 0x0000000775800000, 0x0000000775800000|100%| E|CS|TAMS 0x0000000775600000| PB 0x0000000775600000| Complete 
| 428|0x0000000775800000, 0x0000000775a00000, 0x0000000775a00000|100%| E|CS|TAMS 0x0000000775800000| PB 0x0000000775800000| Complete 
| 429|0x0000000775a00000, 0x0000000775c00000, 0x0000000775c00000|100%| E|CS|TAMS 0x0000000775a00000| PB 0x0000000775a00000| Complete 

Card table byte_map: [0x000001a0aa120000,0x000001a0aa720000] _byte_map_base: 0x000001a0a6720000

Marking Bits: (CMBitMap*) 0x000001a09666b830
 Bits: [0x000001a0aa720000, 0x000001a0ad720000)

Polling page: 0x000001a095dd0000

Metaspace:

Usage:
  Non-class:     65.39 MB used.
      Class:      8.45 MB used.
       Both:     73.84 MB used.

Virtual space:
  Non-class space:      128.00 MB reserved,      66.94 MB ( 52%) committed,  2 nodes.
      Class space:        1.00 GB reserved,       9.50 MB ( <1%) committed,  1 nodes.
             Both:        1.12 GB reserved,      76.44 MB (  7%) committed. 

Chunk freelists:
   Non-Class:  12.66 MB
       Class:  6.51 MB
        Both:  19.17 MB

MaxMetaspaceSize: unlimited
CompressedClassSpaceSize: 1.00 GB
Initial GC threshold: 21.00 MB
Current GC threshold: 114.69 MB
CDS: on
 - commit_granule_bytes: 65536.
 - commit_granule_words: 8192.
 - virtual_space_node_default_size: 8388608.
 - enlarge_chunks_in_place: 1.
 - use_allocation_guard: 0.


Internal statistics:

num_allocs_failed_limit: 15.
num_arena_births: 1758.
num_arena_deaths: 0.
num_vsnodes_births: 3.
num_vsnodes_deaths: 0.
num_space_committed: 1222.
num_space_uncommitted: 0.
num_chunks_returned_to_freelist: 15.
num_chunks_taken_from_freelist: 5093.
num_chunk_merges: 12.
num_chunk_splits: 3189.
num_chunks_enlarged: 1846.
num_inconsistent_stats: 0.

CodeHeap 'non-profiled nmethods': size=118848Kb used=11161Kb max_used=11161Kb free=107686Kb
 bounds [0x000001a0a13f0000, 0x000001a0a1ef0000, 0x000001a0a8800000]
CodeHeap 'profiled nmethods': size=118848Kb used=24404Kb max_used=27098Kb free=94444Kb
 bounds [0x000001a099800000, 0x000001a09b280000, 0x000001a0a0c10000]
CodeHeap 'non-nmethods': size=8064Kb used=3321Kb max_used=4450Kb free=4742Kb
 bounds [0x000001a0a0c10000, 0x000001a0a1080000, 0x000001a0a13f0000]
 total_blobs=13157 nmethods=12022 adapters=1034
 compilation: enabled
              stopped_count=0, restarted_count=0
 full_count=0

Compilation events (20 events):
Event: 9.270 Thread 0x000001a0f9ce1db0 14858       3       org.cef.OS::getOSType (82 bytes)
Event: 9.270 Thread 0x000001a0b137bd40 14857       3       java.util.Optional::filter (35 bytes)
Event: 9.270 Thread 0x000001a0f9ce38f0 nmethod 14856 0x000001a099ed0690 code [0x000001a099ed0860, 0x000001a099ed0c28]
Event: 9.270 Thread 0x000001a0f9ce38f0 14852       3       sun.nio.fs.WindowsFileAttributes::fromFindData (127 bytes)
Event: 9.270 Thread 0x000001a0b137bd40 nmethod 14857 0x000001a099c80710 code [0x000001a099c80900, 0x000001a099c80e00]
Event: 9.270 Thread 0x000001a0b137bd40 14859       1       java.nio.file.FileTreeWalker$Event::file (5 bytes)
Event: 9.270 Thread 0x000001a0f9ce38f0 nmethod 14852 0x000001a09987bf10 code [0x000001a09987c120, 0x000001a09987c740]
Event: 9.270 Thread 0x000001a0b137bd40 nmethod 14859 0x000001a0a1898910 code [0x000001a0a1898aa0, 0x000001a0a1898b70]
Event: 9.270 Thread 0x000001a0f9ce1db0 nmethod 14858 0x000001a099ca8b90 code [0x000001a099ca8e40, 0x000001a099ca9978]
Event: 9.325 Thread 0x000001a0f9ce16e0 nmethod 14837 0x000001a0a1bf9090 code [0x000001a0a1bf9820, 0x000001a0a1bffe78]
Event: 9.471 Thread 0x000001a0b137bd40 14860       3       java.util.logging.LogManager$LoggerContext::requiresDefaultLoggers (29 bytes)
Event: 9.471 Thread 0x000001a0f9ce3fc0 14861       4       java.lang.StringBuilder::<init> (6 bytes)
Event: 9.471 Thread 0x000001a0b137bd40 nmethod 14860 0x000001a099ca8590 code [0x000001a099ca8740, 0x000001a099ca8948]
Event: 9.474 Thread 0x000001a0f9ce3fc0 nmethod 14861 0x000001a0a1897b10 code [0x000001a0a1897d00, 0x000001a0a18984d8]
Event: 9.478 Thread 0x000001a0f9ce3fc0 14863       4       java.lang.Long::stringSize (55 bytes)
Event: 9.479 Thread 0x000001a0f9ce3fc0 nmethod 14863 0x000001a0a1685510 code [0x000001a0a16856a0, 0x000001a0a1685850]
Event: 9.487 Thread 0x000001a0f9ce1db0 14864       3       org.cef.CefApp$6::accept (31 bytes)
Event: 9.487 Thread 0x000001a0f9ce1db0 nmethod 14864 0x000001a09a110810 code [0x000001a09a1109e0, 0x000001a09a110c68]
Event: 9.489 Thread 0x000001a0f9ce3fc0 14865       4       org.cef.CefApp$6::accept (31 bytes)
Event: 9.490 Thread 0x000001a0f9ce3fc0 nmethod 14865 0x000001a0a1684f10 code [0x000001a0a16850e0, 0x000001a0a16852f8]

GC Heap History (20 events):
Event: 3.645 GC heap before
{Heap before GC invocations=7 (full 0):
 garbage-first heap   total 524288K, used 336043K [0x0000000740000000, 0x0000000800000000)
  region size 2048K, 153 young (313344K), 8 survivors (16384K)
 Metaspace       used 29262K, committed 30592K, reserved 1114112K
  class space    used 2988K, committed 3520K, reserved 1048576K
}
Event: 3.653 GC heap after
{Heap after GC invocations=8 (full 0):
 garbage-first heap   total 524288K, used 62846K [0x0000000740000000, 0x0000000800000000)
  region size 2048K, 19 young (38912K), 19 survivors (38912K)
 Metaspace       used 29262K, committed 30592K, reserved 1114112K
  class space    used 2988K, committed 3520K, reserved 1048576K
}
Event: 4.013 GC heap before
{Heap before GC invocations=8 (full 0):
 garbage-first heap   total 524288K, used 136574K [0x0000000740000000, 0x0000000800000000)
  region size 2048K, 35 young (71680K), 19 survivors (38912K)
 Metaspace       used 34536K, committed 35968K, reserved 1114112K
  class space    used 3707K, committed 4288K, reserved 1048576K
}
Event: 4.022 GC heap after
{Heap after GC invocations=9 (full 0):
 garbage-first heap   total 524288K, used 70124K [0x0000000740000000, 0x0000000800000000)
  region size 2048K, 5 young (10240K), 5 survivors (10240K)
 Metaspace       used 34536K, committed 35968K, reserved 1114112K
  class space    used 3707K, committed 4288K, reserved 1048576K
}
Event: 6.313 GC heap before
{Heap before GC invocations=10 (full 0):
 garbage-first heap   total 524288K, used 231916K [0x0000000740000000, 0x0000000800000000)
  region size 2048K, 85 young (174080K), 5 survivors (10240K)
 Metaspace       used 58116K, committed 60096K, reserved 1114112K
  class space    used 6546K, committed 7360K, reserved 1048576K
}
Event: 6.319 GC heap after
{Heap after GC invocations=11 (full 0):
 garbage-first heap   total 524288K, used 78662K [0x0000000740000000, 0x0000000800000000)
  region size 2048K, 9 young (18432K), 9 survivors (18432K)
 Metaspace       used 58116K, committed 60096K, reserved 1114112K
  class space    used 6546K, committed 7360K, reserved 1048576K
}
Event: 6.336 GC heap before
{Heap before GC invocations=11 (full 0):
 garbage-first heap   total 524288K, used 80710K [0x0000000740000000, 0x0000000800000000)
  region size 2048K, 11 young (22528K), 9 survivors (18432K)
 Metaspace       used 58512K, committed 60416K, reserved 1114112K
  class space    used 6591K, committed 7360K, reserved 1048576K
}
Event: 6.341 GC heap after
{Heap after GC invocations=12 (full 0):
 garbage-first heap   total 524288K, used 77897K [0x0000000740000000, 0x0000000800000000)
  region size 2048K, 8 young (16384K), 8 survivors (16384K)
 Metaspace       used 58512K, committed 60416K, reserved 1114112K
  class space    used 6591K, committed 7360K, reserved 1048576K
}
Event: 6.352 GC heap before
{Heap before GC invocations=12 (full 0):
 garbage-first heap   total 524288K, used 77897K [0x0000000740000000, 0x0000000800000000)
  region size 2048K, 9 young (18432K), 8 survivors (16384K)
 Metaspace       used 58836K, committed 60736K, reserved 1114112K
  class space    used 6652K, committed 7424K, reserved 1048576K
}
Event: 6.357 GC heap after
{Heap after GC invocations=13 (full 0):
 garbage-first heap   total 524288K, used 77862K [0x0000000740000000, 0x0000000800000000)
  region size 2048K, 8 young (16384K), 8 survivors (16384K)
 Metaspace       used 58836K, committed 60736K, reserved 1114112K
  class space    used 6652K, committed 7424K, reserved 1048576K
}
Event: 7.418 GC heap before
{Heap before GC invocations=14 (full 0):
 garbage-first heap   total 524288K, used 372774K [0x0000000740000000, 0x0000000800000000)
  region size 2048K, 153 young (313344K), 8 survivors (16384K)
 Metaspace       used 67280K, committed 69568K, reserved 1114112K
  class space    used 7676K, committed 8640K, reserved 1048576K
}
Event: 7.440 GC heap after
{Heap after GC invocations=15 (full 0):
 garbage-first heap   total 524288K, used 188780K [0x0000000740000000, 0x0000000800000000)
  region size 2048K, 20 young (40960K), 20 survivors (40960K)
 Metaspace       used 67280K, committed 69568K, reserved 1114112K
  class space    used 7676K, committed 8640K, reserved 1048576K
}
Event: 7.804 GC heap before
{Heap before GC invocations=15 (full 0):
 garbage-first heap   total 524288K, used 352620K [0x0000000740000000, 0x0000000800000000)
  region size 2048K, 100 young (204800K), 20 survivors (40960K)
 Metaspace       used 68161K, committed 70464K, reserved 1114112K
  class space    used 7779K, committed 8704K, reserved 1048576K
}
Event: 7.818 GC heap after
{Heap after GC invocations=16 (full 0):
 garbage-first heap   total 524288K, used 264192K [0x0000000740000000, 0x0000000800000000)
  region size 2048K, 13 young (26624K), 13 survivors (26624K)
 Metaspace       used 68161K, committed 70464K, reserved 1114112K
  class space    used 7779K, committed 8704K, reserved 1048576K
}
Event: 8.111 GC heap before
{Heap before GC invocations=16 (full 0):
 garbage-first heap   total 524288K, used 405504K [0x0000000740000000, 0x0000000800000000)
  region size 2048K, 82 young (167936K), 13 survivors (26624K)
 Metaspace       used 68162K, committed 70464K, reserved 1114112K
  class space    used 7779K, committed 8704K, reserved 1048576K
}
Event: 8.123 GC heap after
{Heap after GC invocations=17 (full 0):
 garbage-first heap   total 524288K, used 338583K [0x0000000740000000, 0x0000000800000000)
  region size 2048K, 11 young (22528K), 11 survivors (22528K)
 Metaspace       used 68162K, committed 70464K, reserved 1114112K
  class space    used 7779K, committed 8704K, reserved 1048576K
}
Event: 8.303 GC heap before
{Heap before GC invocations=17 (full 0):
 garbage-first heap   total 524288K, used 430743K [0x0000000740000000, 0x0000000800000000)
  region size 2048K, 56 young (114688K), 11 survivors (22528K)
 Metaspace       used 68162K, committed 70464K, reserved 1114112K
  class space    used 7779K, committed 8704K, reserved 1048576K
}
Event: 8.314 GC heap after
{Heap after GC invocations=18 (full 0):
 garbage-first heap   total 880640K, used 392832K [0x0000000740000000, 0x0000000800000000)
  region size 2048K, 7 young (14336K), 7 survivors (14336K)
 Metaspace       used 68162K, committed 70464K, reserved 1114112K
  class space    used 7779K, committed 8704K, reserved 1048576K
}
Event: 9.170 GC heap before
{Heap before GC invocations=19 (full 0):
 garbage-first heap   total 880640K, used 648832K [0x0000000740000000, 0x0000000800000000)
  region size 2048K, 132 young (270336K), 7 survivors (14336K)
 Metaspace       used 74979K, committed 77632K, reserved 1179648K
  class space    used 8567K, committed 9664K, reserved 1048576K
}
Event: 9.190 GC heap after
{Heap after GC invocations=20 (full 0):
 garbage-first heap   total 880640K, used 538624K [0x0000000740000000, 0x0000000800000000)
  region size 2048K, 17 young (34816K), 17 survivors (34816K)
 Metaspace       used 74979K, committed 77632K, reserved 1179648K
  class space    used 8567K, committed 9664K, reserved 1048576K
}

Dll operation events (18 events):
Event: 0.003 Loaded shared library C:\Renesas\RA\sc_v2025-12_fsp_v6.3.0\eclipse\plugins\org.eclipse.justj.openjdk.hotspot.jre.full.stripped.win32.x86_64_21.0.7.v20250502-0916\jre\bin\java.dll
Event: 0.017 Loaded shared library C:\Renesas\RA\sc_v2025-12_fsp_v6.3.0\eclipse\plugins\org.eclipse.justj.openjdk.hotspot.jre.full.stripped.win32.x86_64_21.0.7.v20250502-0916\jre\bin\zip.dll
Event: 0.041 Loaded shared library C:\Renesas\RA\sc_v2025-12_fsp_v6.3.0\eclipse\plugins\org.eclipse.justj.openjdk.hotspot.jre.full.stripped.win32.x86_64_21.0.7.v20250502-0916\jre\bin\net.dll
Event: 0.042 Loaded shared library C:\Renesas\RA\sc_v2025-12_fsp_v6.3.0\eclipse\plugins\org.eclipse.justj.openjdk.hotspot.jre.full.stripped.win32.x86_64_21.0.7.v20250502-0916\jre\bin\nio.dll
Event: 0.043 Loaded shared library C:\Renesas\RA\sc_v2025-12_fsp_v6.3.0\eclipse\plugins\org.eclipse.justj.openjdk.hotspot.jre.full.stripped.win32.x86_64_21.0.7.v20250502-0916\jre\bin\zip.dll
Event: 0.061 Loaded shared library C:\Renesas\RA\sc_v2025-12_fsp_v6.3.0\eclipse\plugins\org.eclipse.justj.openjdk.hotspot.jre.full.stripped.win32.x86_64_21.0.7.v20250502-0916\jre\bin\jimage.dll
Event: 0.841 Loaded shared library C:\Renesas\RA\sc_v2025-12_fsp_v6.3.0\eclipse\plugins\org.eclipse.justj.openjdk.hotspot.jre.full.stripped.win32.x86_64_21.0.7.v20250502-0916\jre\bin\verify.dll
Event: 3.396 Loaded shared library C:\Renesas\RA\sc_v2025-12_fsp_v6.3.0\eclipse\configuration\org.eclipse.osgi\366\0\.cp\swt-osversion-win32-4969r18.dll
Event: 3.401 Loaded shared library C:\Renesas\RA\sc_v2025-12_fsp_v6.3.0\eclipse\configuration\org.eclipse.osgi\366\0\.cp\swt-win32-4969r18.dll
Event: 3.447 Loaded shared library C:\Renesas\RA\sc_v2025-12_fsp_v6.3.0\eclipse\configuration\org.eclipse.osgi\366\0\.cp\swt-gdip-win32-4969r18.dll
Event: 4.346 Loaded shared library C:\Renesas\RA\sc_v2025-12_fsp_v6.3.0\eclipse\plugins\org.eclipse.justj.openjdk.hotspot.jre.full.stripped.win32.x86_64_21.0.7.v20250502-0916\jre\bin\awt.dll
Event: 4.912 Loaded shared library C:\Renesas\RA\sc_v2025-12_fsp_v6.3.0\eclipse\plugins\org.eclipse.justj.openjdk.hotspot.jre.full.stripped.win32.x86_64_21.0.7.v20250502-0916\jre\bin\mlib_image.dll
Event: 5.748 Loaded shared library C:\Users\hua\AppData\Local\Temp\jna-36406304\jna3048620172050413321.dll
Event: 6.512 Loaded shared library C:\Renesas\RA\sc_v2025-12_fsp_v6.3.0\eclipse\plugins\org.eclipse.justj.openjdk.hotspot.jre.full.stripped.win32.x86_64_21.0.7.v20250502-0916\jre\bin\sunmscapi.dll
Event: 7.014 Loaded shared library C:\Renesas\RA\sc_v2025-12_fsp_v6.3.0\eclipse\plugins\org.eclipse.justj.openjdk.hotspot.jre.full.stripped.win32.x86_64_21.0.7.v20250502-0916\jre\bin\extnet.dll
Event: 9.386 Loaded shared library C:\Renesas\RA\sc_v2025-12_fsp_v6.3.0\eclipse\plugins\com.equo.chromium.cef.win32.win32.x86_64_128.0.20\chromium-6613\chrome_elf.dll
Event: 9.429 Loaded shared library C:\Renesas\RA\sc_v2025-12_fsp_v6.3.0\eclipse\plugins\com.equo.chromium.cef.win32.win32.x86_64_128.0.20\chromium-6613\libcef.dll
Event: 9.470 Loaded shared library C:\Renesas\RA\sc_v2025-12_fsp_v6.3.0\eclipse\plugins\com.equo.chromium.cef.win32.win32.x86_64_128.0.20\chromium-6613\equochro.dll

Deoptimization events (20 events):
Event: 9.245 Thread 0x000001a096615550 Uncommon trap: trap_request=0xffffffc6 fr.pc=0x000001a0a1b55df0 relative=0x0000000000000a70
Event: 9.245 Thread 0x000001a096615550 Uncommon trap: reason=bimorphic_or_optimized_type_check action=maybe_recompile pc=0x000001a0a1b55df0 method=org.apache.felix.resolver.util.OpenHashMap.getOrCompute(Ljava/lang/Object;)Ljava/lang/Object; @ 122 c2
Event: 9.245 Thread 0x000001a096615550 DEOPT PACKING pc=0x000001a0a1b55df0 sp=0x00000021345aa340
Event: 9.245 Thread 0x000001a096615550 DEOPT UNPACKING pc=0x000001a0a0c646a2 sp=0x00000021345aa2f0 mode 2
Event: 9.267 Thread 0x000001a096615550 Uncommon trap: trap_request=0xffffff45 fr.pc=0x000001a0a1e16798 relative=0x0000000000001a58
Event: 9.267 Thread 0x000001a096615550 Uncommon trap: reason=unstable_if action=reinterpret pc=0x000001a0a1e16798 method=java.net.URI.quote(Ljava/lang/String;JJ)Ljava/lang/String; @ 201 c2
Event: 9.267 Thread 0x000001a096615550 DEOPT PACKING pc=0x000001a0a1e16798 sp=0x00000021345aa810
Event: 9.267 Thread 0x000001a096615550 DEOPT UNPACKING pc=0x000001a0a0c646a2 sp=0x00000021345aa7e0 mode 2
Event: 9.490 Thread 0x000001a096615550 Uncommon trap: trap_request=0xffffff45 fr.pc=0x000001a0a1dfeac4 relative=0x0000000000000684
Event: 9.490 Thread 0x000001a096615550 Uncommon trap: reason=unstable_if action=reinterpret pc=0x000001a0a1dfeac4 method=java.io.WinNTFileSystem.prefixLength(Ljava/lang/String;)I @ 42 c2
Event: 9.490 Thread 0x000001a096615550 DEOPT PACKING pc=0x000001a0a1dfeac4 sp=0x00000021345ab3e0
Event: 9.490 Thread 0x000001a096615550 DEOPT UNPACKING pc=0x000001a0a0c646a2 sp=0x00000021345ab338 mode 2
Event: 9.493 Thread 0x000001a096615550 Uncommon trap: trap_request=0xffffff45 fr.pc=0x000001a0a1a3d518 relative=0x00000000000002b8
Event: 9.493 Thread 0x000001a096615550 Uncommon trap: reason=unstable_if action=reinterpret pc=0x000001a0a1a3d518 method=java.io.WinNTFileSystem.prefixLength(Ljava/lang/String;)I @ 42 c2
Event: 9.493 Thread 0x000001a096615550 DEOPT PACKING pc=0x000001a0a1a3d518 sp=0x00000021345ab3a0
Event: 9.493 Thread 0x000001a096615550 DEOPT UNPACKING pc=0x000001a0a0c646a2 sp=0x00000021345ab338 mode 2
Event: 9.497 Thread 0x000001a096615550 Uncommon trap: trap_request=0xffffff45 fr.pc=0x000001a0a142fef4 relative=0x0000000000000334
Event: 9.497 Thread 0x000001a096615550 Uncommon trap: reason=unstable_if action=reinterpret pc=0x000001a0a142fef4 method=java.lang.String.regionMatches(ZILjava/lang/String;II)Z @ 81 c2
Event: 9.497 Thread 0x000001a096615550 DEOPT PACKING pc=0x000001a0a142fef4 sp=0x00000021345ab380
Event: 9.497 Thread 0x000001a096615550 DEOPT UNPACKING pc=0x000001a0a0c646a2 sp=0x00000021345ab2e0 mode 2

Classes loaded (20 events):
Event: 8.736 Loading class java/io/IOError
Event: 8.736 Loading class java/io/IOError done
Event: 8.749 Loading class java/util/LinkedList$DescendingIterator
Event: 8.749 Loading class java/util/LinkedList$DescendingIterator done
Event: 8.765 Loading class java/lang/VerifyError
Event: 8.765 Loading class java/lang/VerifyError done
Event: 8.771 Loading class java/util/Collections$UnmodifiableList$1
Event: 8.771 Loading class java/util/Collections$UnmodifiableList$1 done
Event: 9.267 Loading class java/nio/file/SimpleFileVisitor
Event: 9.267 Loading class java/nio/file/SimpleFileVisitor done
Event: 9.268 Loading class java/nio/file/Files$3
Event: 9.268 Loading class java/nio/file/Files$3 done
Event: 9.268 Loading class java/nio/file/FileVisitResult
Event: 9.268 Loading class java/nio/file/FileVisitResult done
Event: 9.268 Loading class java/nio/file/FileAlreadyExistsException
Event: 9.268 Loading class java/nio/file/FileAlreadyExistsException done
Event: 9.268 Loading class sun/nio/fs/WindowsFileCopy
Event: 9.269 Loading class sun/nio/fs/WindowsFileCopy done
Event: 9.270 Loading class sun/nio/fs/WindowsPath$1
Event: 9.270 Loading class sun/nio/fs/WindowsPath$1 done

Classes unloaded (0 events):
No events

Classes redefined (0 events):
No events

Internal exceptions (20 events):
Event: 8.734 Thread 0x000001a096615550 Exception <a 'java/lang/NoSuchMethodError'{0x000000076dc0f320}: 'void java.lang.invoke.DirectMethodHandle$Holder.invokeSpecial(java.lang.Object, java.lang.Object, int, java.lang.Object)'> (0x000000076dc0f320) 
thrown [s\src\hotspot\share\interpreter\linkResolver.cpp, line 773]
Event: 8.735 Thread 0x000001a096615550 Exception <a 'java/lang/NoSuchMethodError'{0x000000076dc1d6a8}: 'java.lang.Object java.lang.invoke.DirectMethodHandle$Holder.newInvokeSpecial(java.lang.Object, java.lang.Object, int, java.lang.Object, java.lang.Object, java.lang.Object)'> (0x000000076dc1d6a8) 
thrown [s\src\hotspot\share\interpreter\linkResolver.cpp, line 773]
Event: 8.735 Thread 0x000001a096615550 Exception <a 'java/lang/NoSuchMethodError'{0x000000076dc21d38}: 'java.lang.Object java.lang.invoke.DirectMethodHandle$Holder.invokeSpecial(java.lang.Object, java.lang.Object, java.lang.Object, int, java.lang.Object, java.lang.Object, java.lang.Object)'> (0x000000076dc21d38) 
thrown [s\src\hotspot\share\interpreter\linkResolver.cpp, line 773]
Event: 8.760 Thread 0x000001a096615550 Exception <a 'java/lang/NoSuchMethodError'{0x000000076dad22b8}: 'java.lang.Class sun.misc.Unsafe.defineAnonymousClass(java.lang.Class, byte[], java.lang.Object[])'> (0x000000076dad22b8) 
thrown [s\src\hotspot\share\interpreter\linkResolver.cpp, line 773]
Event: 8.768 Thread 0x000001a096615550 Exception <a 'java/lang/NoSuchMethodError'{0x000000076d831f78}: 'java.lang.Object java.lang.invoke.Invokers$Holder.linkToTargetMethod(int, java.lang.Object, int, java.lang.Object)'> (0x000000076d831f78) 
thrown [s\src\hotspot\share\interpreter\linkResolver.cpp, line 773]
Event: 8.781 Thread 0x000001a096615550 Exception <a 'java/lang/NoSuchMethodError'{0x000000076d976598}: 'java.lang.Object java.lang.invoke.DirectMethodHandle$Holder.invokeStatic(java.lang.Object, java.lang.Object, int, java.lang.Object)'> (0x000000076d976598) 
thrown [s\src\hotspot\share\interpreter\linkResolver.cpp, line 773]
Event: 8.781 Thread 0x000001a096615550 Exception <a 'java/lang/NoSuchMethodError'{0x000000076d97a568}: 'java.lang.Object java.lang.invoke.DirectMethodHandle$Holder.invokeStaticInit(java.lang.Object, java.lang.Object, int, java.lang.Object)'> (0x000000076d97a568) 
thrown [s\src\hotspot\share\interpreter\linkResolver.cpp, line 773]
Event: 8.784 Thread 0x000001a096615550 Implicit null exception at 0x000001a0a1b27694 to 0x000001a0a1b2871c
Event: 8.786 Thread 0x000001a096615550 Implicit null exception at 0x000001a0a16a4a86 to 0x000001a0a16a4bc0
Event: 8.786 Thread 0x000001a096615550 Exception <a 'java/lang/NoSuchMethodError'{0x000000076d9ee208}: 'java.lang.Object java.lang.invoke.Invokers$Holder.invoke_MT(java.lang.Object, java.lang.Object, java.lang.Object, java.lang.Object, java.lang.Object, java.lang.Object)'> (0x000000076d9ee208) 
thrown [s\src\hotspot\share\interpreter\linkResolver.cpp, line 773]
Event: 8.786 Thread 0x000001a096615550 Exception <a 'java/lang/NoSuchMethodError'{0x000000076d9f2188}: 'java.lang.Object java.lang.invoke.DelegatingMethodHandle$Holder.reinvoke_L(java.lang.Object, java.lang.Object, java.lang.Object, java.lang.Object, int)'> (0x000000076d9f2188) 
thrown [s\src\hotspot\share\interpreter\linkResolver.cpp, line 773]
Event: 8.787 Thread 0x000001a096615550 Exception <a 'java/lang/NoSuchMethodError'{0x000000076d9fcca0}: 'void java.lang.invoke.Invokers$Holder.exactInvoker(java.lang.Object, java.lang.Object, java.lang.Object, java.lang.Object)'> (0x000000076d9fcca0) 
thrown [s\src\hotspot\share\interpreter\linkResolver.cpp, line 773]
Event: 8.787 Thread 0x000001a096615550 Exception <a 'java/lang/NoSuchMethodError'{0x000000076d604ad0}: 'void java.lang.invoke.Invokers$Holder.linkToCallSite(java.lang.Object, java.lang.Object, java.lang.Object)'> (0x000000076d604ad0) 
thrown [s\src\hotspot\share\interpreter\linkResolver.cpp, line 773]
Event: 9.077 Thread 0x000001a096615550 Implicit null exception at 0x000001a0a186346f to 0x000001a0a18634f4
Event: 9.134 Thread 0x000001a096615550 Implicit null exception at 0x000001a0a1d16135 to 0x000001a0a1d16a60
Event: 9.242 Thread 0x000001a096615550 Exception <a 'java/io/FileNotFoundException'{0x000000077574ec68}> (0x000000077574ec68) 
thrown [s\src\hotspot\share\prims\jni.cpp, line 520]
Event: 9.253 Thread 0x000001a096615550 Exception <a 'sun/nio/fs/WindowsException'{0x00000007752a2ca8}> (0x00000007752a2ca8) 
thrown [s\src\hotspot\share\prims\jni.cpp, line 520]
Event: 9.267 Thread 0x000001a096615550 Implicit null exception at 0x000001a0a1e15281 to 0x000001a0a1e16784
Event: 9.271 Thread 0x000001a096615550 Exception <a 'sun/nio/fs/WindowsException'{0x000000077538a700}> (0x000000077538a700) 
thrown [s\src\hotspot\share\prims\jni.cpp, line 520]
Event: 9.273 Thread 0x000001a096615550 Exception <a 'java/lang/NoSuchMethodError'{0x00000007753a3fd0}: 'int java.lang.invoke.DelegatingMethodHandle$Holder.reinvoke_L(java.lang.Object)'> (0x00000007753a3fd0) 
thrown [s\src\hotspot\share\interpreter\linkResolver.cpp, line 773]

ZGC Phase Switch (0 events):
No events

VM Operations (20 events):
Event: 8.629 Executing VM operation: HandshakeAllThreads (Deoptimize)
Event: 8.629 Executing VM operation: HandshakeAllThreads (Deoptimize) done
Event: 8.630 Executing VM operation: HandshakeAllThreads (Deoptimize)
Event: 8.631 Executing VM operation: HandshakeAllThreads (Deoptimize) done
Event: 8.649 Executing VM operation: HandshakeAllThreads (Deoptimize)
Event: 8.649 Executing VM operation: HandshakeAllThreads (Deoptimize) done
Event: 8.694 Executing VM operation: HandshakeAllThreads (Deoptimize)
Event: 8.694 Executing VM operation: HandshakeAllThreads (Deoptimize) done
Event: 8.819 Executing VM operation: ICBufferFull
Event: 8.819 Executing VM operation: ICBufferFull done
Event: 9.120 Executing VM operation: ICBufferFull
Event: 9.120 Executing VM operation: ICBufferFull done
Event: 9.170 Executing VM operation: G1CollectForAllocation (G1 Evacuation Pause)
Event: 9.190 Executing VM operation: G1CollectForAllocation (G1 Evacuation Pause) done
Event: 9.199 Executing VM operation: HandshakeAllThreads (Deoptimize)
Event: 9.199 Executing VM operation: HandshakeAllThreads (Deoptimize) done
Event: 9.244 Executing VM operation: HandshakeAllThreads (Deoptimize)
Event: 9.244 Executing VM operation: HandshakeAllThreads (Deoptimize) done
Event: 9.254 Executing VM operation: HandshakeAllThreads (Deoptimize)
Event: 9.254 Executing VM operation: HandshakeAllThreads (Deoptimize) done

Memory protections (0 events):
No events

Nmethod flushes (20 events):
Event: 8.356 Thread 0x000001a0b13329e0 flushing  nmethod 0x000001a099a53410
Event: 8.356 Thread 0x000001a0b13329e0 flushing  nmethod 0x000001a099a57910
Event: 8.356 Thread 0x000001a0b13329e0 flushing  nmethod 0x000001a099a8aa10
Event: 8.356 Thread 0x000001a0b13329e0 flushing  nmethod 0x000001a099ab3f10
Event: 8.356 Thread 0x000001a0b13329e0 flushing  nmethod 0x000001a099ac5a10
Event: 8.356 Thread 0x000001a0b13329e0 flushing  nmethod 0x000001a099e0ae10
Event: 8.356 Thread 0x000001a0b13329e0 flushing  nmethod 0x000001a099e0e390
Event: 8.356 Thread 0x000001a0b13329e0 flushing  nmethod 0x000001a099e0eb10
Event: 8.356 Thread 0x000001a0b13329e0 flushing  nmethod 0x000001a099e2b390
Event: 8.356 Thread 0x000001a0b13329e0 flushing  nmethod 0x000001a099e2e210
Event: 8.356 Thread 0x000001a0b13329e0 flushing  nmethod 0x000001a099e2f310
Event: 8.356 Thread 0x000001a0b13329e0 flushing  nmethod 0x000001a099e2fe90
Event: 8.356 Thread 0x000001a0b13329e0 flushing  nmethod 0x000001a099e4cc10
Event: 8.356 Thread 0x000001a0b13329e0 flushing  nmethod 0x000001a09a2bdc10
Event: 8.356 Thread 0x000001a0b13329e0 flushing  nmethod 0x000001a09a2be490
Event: 8.356 Thread 0x000001a0b13329e0 flushing  nmethod 0x000001a09ac7b190
Event: 8.356 Thread 0x000001a0b13329e0 flushing  nmethod 0x000001a09ac88190
Event: 8.356 Thread 0x000001a0b13329e0 flushing  nmethod 0x000001a09acaf190
Event: 8.356 Thread 0x000001a0b13329e0 flushing  nmethod 0x000001a09acaf490
Event: 8.356 Thread 0x000001a0b13329e0 flushing  nmethod 0x000001a09acb7790

Events (20 events):
Event: 8.483 Thread 0x000001a0f9798ed0 Thread exited: 0x000001a0f9798ed0
Event: 8.541 Thread 0x000001a0b153ebc0 Thread exited: 0x000001a0b153ebc0
Event: 8.541 Thread 0x000001a0b153a510 Thread exited: 0x000001a0b153a510
Event: 8.565 Thread 0x000001a0b1539400 Thread exited: 0x000001a0b1539400
Event: 8.565 Thread 0x000001a0f8b38e20 Thread exited: 0x000001a0f8b38e20
Event: 8.586 Thread 0x000001a0b14369d0 Thread exited: 0x000001a0b14369d0
Event: 8.586 Thread 0x000001a0b153fe90 Thread exited: 0x000001a0b153fe90
Event: 8.617 Thread 0x000001a0b137bd40 Thread added: 0x000001a0f9ce3fc0
Event: 8.627 Thread 0x000001a0b137bd40 Thread added: 0x000001a0f9ce4690
Event: 8.629 Thread 0x000001a0fa0f2600 Thread added: 0x000001a0f7ea6f30
Event: 8.641 Thread 0x000001a0b137bd40 Thread added: 0x000001a0f9ce38f0
Event: 8.796 Thread 0x000001a0b1371ad0 Thread added: 0x000001a0f9ce3220
Event: 8.901 Thread 0x000001a0f9ce3220 Thread added: 0x000001a0f9ce1010
Event: 9.004 Thread 0x000001a0f9ce3220 Thread added: 0x000001a0f9ce16e0
Event: 9.126 Thread 0x000001a0b137bd40 Thread added: 0x000001a0f9ce1db0
Event: 9.471 Thread 0x000001a0f9ce16e0 Thread exited: 0x000001a0f9ce16e0
Event: 9.471 Thread 0x000001a0f9ce1010 Thread exited: 0x000001a0f9ce1010
Event: 9.471 Thread 0x000001a0f9ce3220 Thread exited: 0x000001a0f9ce3220
Event: 9.478 Thread 0x000001a0f9ce4690 Thread exited: 0x000001a0f9ce4690
Event: 9.573 Thread 0x000001a096615550 Thread added: 0x000001a0fa042c60


Dynamic libraries:
0x00007ff626da0000 - 0x00007ff626e29000 	C:\Renesas\RA\sc_v2025-12_fsp_v6.3.0\eclipse\rasc.exe
0x00007ffd25790000 - 0x00007ffd259a4000 	C:\Windows\SYSTEM32\ntdll.dll
0x00007ffd24920000 - 0x00007ffd249e4000 	C:\Windows\System32\KERNEL32.DLL
0x00007ffd230b0000 - 0x00007ffd23454000 	C:\Windows\System32\KERNELBASE.dll
0x00007ffd24590000 - 0x00007ffd2473a000 	C:\Windows\System32\USER32.dll
0x00007ffd23460000 - 0x00007ffd23486000 	C:\Windows\System32\win32u.dll
0x00007ffd24560000 - 0x00007ffd24589000 	C:\Windows\System32\GDI32.dll
0x00007ffd22e00000 - 0x00007ffd22f19000 	C:\Windows\System32\gdi32full.dll
0x00007ffd23010000 - 0x00007ffd230aa000 	C:\Windows\System32\msvcp_win.dll
0x00007ffd22b70000 - 0x00007ffd22c81000 	C:\Windows\System32\ucrtbase.dll
0x00007ffd0acb0000 - 0x00007ffd0af3f000 	C:\Windows\WinSxS\amd64_microsoft.windows.common-controls_6595b64144ccf1df_6.0.22621.2070_none_2713e6537381f706\COMCTL32.dll
0x00007ffd24ef0000 - 0x00007ffd24f97000 	C:\Windows\System32\msvcrt.dll
0x00007ffd24740000 - 0x00007ffd24771000 	C:\Windows\System32\IMM32.DLL
0x00007ffd1b200000 - 0x00007ffd1b245000 	C:\Renesas\RA\sc_v2025-12_fsp_v6.3.0\eclipse\plugins\org.eclipse.equinox.launcher.win32.win32.x86_64_1.2.1300.v20250331-1702\eclipse_11911.dll
0x00007ffd24310000 - 0x00007ffd243c0000 	C:\Windows\System32\ADVAPI32.dll
0x00007ffd25440000 - 0x00007ffd254e6000 	C:\Windows\System32\sechost.dll
0x00007ffd24440000 - 0x00007ffd24557000 	C:\Windows\System32\RPCRT4.dll
0x00007ffd24b80000 - 0x00007ffd24d1c000 	C:\Windows\System32\ole32.dll
0x00007ffd23e80000 - 0x00007ffd2420a000 	C:\Windows\System32\combase.dll
0x00007ffd175d0000 - 0x00007ffd175da000 	C:\Windows\SYSTEM32\VERSION.dll
0x00007ffc26770000 - 0x00007ffc27500000 	C:\Renesas\RA\sc_v2025-12_fsp_v6.3.0\eclipse\plugins\org.eclipse.justj.openjdk.hotspot.jre.full.stripped.win32.x86_64_21.0.7.v20250502-0916\jre\bin\server\jvm.dll
0x00007ffd24210000 - 0x00007ffd24281000 	C:\Windows\System32\WS2_32.dll
0x00007ffd21a60000 - 0x00007ffd21aad000 	C:\Windows\SYSTEM32\POWRPROF.dll
0x00007ffd00c80000 - 0x00007ffd00c8c000 	C:\Windows\SYSTEM32\VCRUNTIME140_1.dll
0x00007ffd00ca0000 - 0x00007ffd00cbe000 	C:\Windows\SYSTEM32\VCRUNTIME140.dll
0x00007ffd187d0000 - 0x00007ffd18804000 	C:\Windows\SYSTEM32\WINMM.dll
0x00007ffd21a40000 - 0x00007ffd21a53000 	C:\Windows\SYSTEM32\UMPDC.dll
0x00007ffd1c6b0000 - 0x00007ffd1c6ba000 	C:\Renesas\RA\sc_v2025-12_fsp_v6.3.0\eclipse\plugins\org.eclipse.justj.openjdk.hotspot.jre.full.stripped.win32.x86_64_21.0.7.v20250502-0916\jre\bin\jimage.dll
0x00007ffd20010000 - 0x00007ffd2023e000 	C:\Windows\SYSTEM32\DBGHELP.DLL
0x00007ffd249f0000 - 0x00007ffd24ac7000 	C:\Windows\System32\OLEAUT32.dll
0x00007ffcffc10000 - 0x00007ffcffc42000 	C:\Windows\SYSTEM32\dbgcore.DLL
0x00007ffd22f90000 - 0x00007ffd2300a000 	C:\Windows\System32\bcryptPrimitives.dll
0x00007ffd1a2b0000 - 0x00007ffd1a2cf000 	C:\Renesas\RA\sc_v2025-12_fsp_v6.3.0\eclipse\plugins\org.eclipse.justj.openjdk.hotspot.jre.full.stripped.win32.x86_64_21.0.7.v20250502-0916\jre\bin\java.dll
0x00007ffd21c10000 - 0x00007ffd21c28000 	C:\Windows\SYSTEM32\kernel.appcore.dll
0x00007ffd23550000 - 0x00007ffd23d66000 	C:\Windows\System32\SHELL32.dll
0x00007ffd20b50000 - 0x00007ffd2143a000 	C:\Windows\SYSTEM32\windows.storage.dll
0x00007ffd20a10000 - 0x00007ffd20b4e000 	C:\Windows\SYSTEM32\wintypes.dll
0x00007ffd254f0000 - 0x00007ffd255e3000 	C:\Windows\System32\SHCORE.dll
0x00007ffd256a0000 - 0x00007ffd256fe000 	C:\Windows\System32\shlwapi.dll
0x00007ffd22aa0000 - 0x00007ffd22ac6000 	C:\Windows\SYSTEM32\profapi.dll
0x00007ffd18b00000 - 0x00007ffd18b18000 	C:\Renesas\RA\sc_v2025-12_fsp_v6.3.0\eclipse\plugins\org.eclipse.justj.openjdk.hotspot.jre.full.stripped.win32.x86_64_21.0.7.v20250502-0916\jre\bin\zip.dll
0x00007ffd1b290000 - 0x00007ffd1b2a0000 	C:\Renesas\RA\sc_v2025-12_fsp_v6.3.0\eclipse\plugins\org.eclipse.justj.openjdk.hotspot.jre.full.stripped.win32.x86_64_21.0.7.v20250502-0916\jre\bin\net.dll
0x00007ffd19700000 - 0x00007ffd19837000 	C:\Windows\SYSTEM32\WINHTTP.dll
0x00007ffd22120000 - 0x00007ffd22189000 	C:\Windows\system32\mswsock.dll
0x00007ffd07ae0000 - 0x00007ffd07af6000 	C:\Renesas\RA\sc_v2025-12_fsp_v6.3.0\eclipse\plugins\org.eclipse.justj.openjdk.hotspot.jre.full.stripped.win32.x86_64_21.0.7.v20250502-0916\jre\bin\nio.dll
0x00007ffd1c850000 - 0x00007ffd1c8fb000 	C:\Windows\system32\uxtheme.dll
0x00007ffd24780000 - 0x00007ffd248a7000 	C:\Windows\System32\MSCTF.dll
0x00007ffd24ad0000 - 0x00007ffd24b80000 	C:\Windows\System32\clbcatq.dll
0x00007ffd08280000 - 0x00007ffd083ad000 	C:\Windows\SYSTEM32\textinputframework.dll
0x00007ffd1c0c0000 - 0x00007ffd1c1f3000 	C:\Windows\SYSTEM32\CoreMessaging.dll
0x00007ffd171f0000 - 0x00007ffd1755c000 	C:\Windows\SYSTEM32\CoreUIComponents.dll
0x00007ffd22390000 - 0x00007ffd2239c000 	C:\Windows\SYSTEM32\CRYPTBASE.DLL
0x00007ffd18af0000 - 0x00007ffd18b00000 	C:\Renesas\RA\sc_v2025-12_fsp_v6.3.0\eclipse\plugins\org.eclipse.justj.openjdk.hotspot.jre.full.stripped.win32.x86_64_21.0.7.v20250502-0916\jre\bin\verify.dll
0x00007ffcfc140000 - 0x00007ffcfc161000 	C:\Renesas\RA\sc_v2025-12_fsp_v6.3.0\eclipse\configuration\org.eclipse.osgi\366\0\.cp\swt-osversion-win32-4969r18.dll
0x00007ffcc0070000 - 0x00007ffcc013a000 	C:\Renesas\RA\sc_v2025-12_fsp_v6.3.0\eclipse\configuration\org.eclipse.osgi\366\0\.cp\swt-win32-4969r18.dll
0x00007ffd23d70000 - 0x00007ffd23e67000 	C:\Windows\System32\COMDLG32.dll
0x00007ffd0ac10000 - 0x00007ffd0acaf000 	C:\Windows\SYSTEM32\WINSPOOL.DRV
0x00007ffd013e0000 - 0x00007ffd013f9000 	C:\Windows\SYSTEM32\USP10.dll
0x00007ffd1b9f0000 - 0x00007ffd1baf1000 	C:\Windows\SYSTEM32\PROPSYS.dll
0x00007ffd09f50000 - 0x00007ffd0a140000 	C:\Windows\SYSTEM32\urlmon.dll
0x00007ffd15940000 - 0x00007ffd15947000 	C:\Windows\SYSTEM32\MSIMG32.dll
0x00007ffd1f100000 - 0x00007ffd1f12b000 	C:\Windows\SYSTEM32\dwmapi.dll
0x00007ffd05b50000 - 0x00007ffd06044000 	C:\Windows\SYSTEM32\WININET.dll
0x00007ffd08410000 - 0x00007ffd086cc000 	C:\Windows\SYSTEM32\iertutil.dll
0x00007ffd0a9e0000 - 0x00007ffd0aa49000 	C:\Windows\SYSTEM32\OLEACC.dll
0x00007ffd0a210000 - 0x00007ffd0a239000 	C:\Windows\SYSTEM32\srvcli.dll
0x00007ffd21700000 - 0x00007ffd2170c000 	C:\Windows\SYSTEM32\netutils.dll
0x00007ffc58740000 - 0x00007ffc588f6000 	C:\Windows\System32\TaskFlowDataEngine.dll
0x00007ffd074c0000 - 0x00007ffd07566000 	C:\Windows\System32\OneCoreCommonProxyStub.dll
0x00007ffceea10000 - 0x00007ffceea3c000 	C:\Renesas\RA\sc_v2025-12_fsp_v6.3.0\eclipse\configuration\org.eclipse.osgi\366\0\.cp\swt-gdip-win32-4969r18.dll
0x00007ffd0aa50000 - 0x00007ffd0ac09000 	C:\Windows\WinSxS\amd64_microsoft.windows.gdiplus_6595b64144ccf1df_1.1.22621.1778_none_57fe2016ce1542ec\gdiplus.dll
0x00007ffd1afb0000 - 0x00007ffd1b160000 	C:\Windows\SYSTEM32\WindowsCodecs.dll
0x00007ffd22370000 - 0x00007ffd2238b000 	C:\Windows\SYSTEM32\CRYPTSP.dll
0x00007ffd21c30000 - 0x00007ffd21c65000 	C:\Windows\system32\rsaenh.dll
0x00007ffd22210000 - 0x00007ffd2223c000 	C:\Windows\SYSTEM32\USERENV.dll
0x00007ffd22510000 - 0x00007ffd22538000 	C:\Windows\SYSTEM32\bcrypt.dll
0x00007ffd21710000 - 0x00007ffd2173d000 	C:\Windows\SYSTEM32\IPHLPAPI.DLL
0x00007ffd24910000 - 0x00007ffd24919000 	C:\Windows\System32\NSI.dll
0x00007ffcfc060000 - 0x00007ffcfc110000 	C:\Windows\SYSTEM32\TextShaping.dll
0x00007ffcb7010000 - 0x00007ffcb719e000 	C:\Renesas\RA\sc_v2025-12_fsp_v6.3.0\eclipse\plugins\org.eclipse.justj.openjdk.hotspot.jre.full.stripped.win32.x86_64_21.0.7.v20250502-0916\jre\bin\awt.dll
0x00007ffd00ae0000 - 0x00007ffd00b69000 	C:\Windows\SYSTEM32\MSVCP140.dll
0x00007ffd1c710000 - 0x00007ffd1c7a7000 	C:\Windows\SYSTEM32\apphelp.dll
0x00007ffcbffe0000 - 0x00007ffcc0062000 	C:\Renesas\RA\sc_v2025-12_fsp_v6.3.0\eclipse\plugins\org.eclipse.justj.openjdk.hotspot.jre.full.stripped.win32.x86_64_21.0.7.v20250502-0916\jre\bin\mlib_image.dll
0x00007ffd1faa0000 - 0x00007ffd1fd07000 	C:\Windows\SYSTEM32\DWrite.dll
0x00007ffcb9680000 - 0x00007ffcb96c9000 	C:\Users\hua\AppData\Local\Temp\jna-36406304\jna3048620172050413321.dll
0x00007ffd24ee0000 - 0x00007ffd24ee8000 	C:\Windows\System32\PSAPI.DLL
0x00007ffd22c90000 - 0x00007ffd22df7000 	C:\Windows\System32\Crypt32.dll
0x00007ffd228d0000 - 0x00007ffd228da000 	C:\Windows\System32\DPAPI.dll
0x00007ffd18820000 - 0x00007ffd1882e000 	C:\Renesas\RA\sc_v2025-12_fsp_v6.3.0\eclipse\plugins\org.eclipse.justj.openjdk.hotspot.jre.full.stripped.win32.x86_64_21.0.7.v20250502-0916\jre\bin\sunmscapi.dll
0x00007ffd224e0000 - 0x00007ffd2250e000 	C:\Windows\SYSTEM32\ncrypt.dll
0x00007ffd224a0000 - 0x00007ffd224d7000 	C:\Windows\SYSTEM32\NTASN1.dll
0x00007ffd21780000 - 0x00007ffd21873000 	C:\Windows\SYSTEM32\DNSAPI.dll
0x000000005e440000 - 0x000000005e44b000 	C:\Program Files\National Instruments\Shared\mDNS Responder\nimdnsNSP.dll
0x000000005e420000 - 0x000000005e431000 	C:\Windows\SYSTEM32\nimdnsResponder.dll
0x000000005e3f0000 - 0x000000005e416000 	C:\Program Files\Bonjour\mdnsNSP.dll
0x00007ffd175e0000 - 0x00007ffd175ea000 	C:\Windows\System32\rasadhlp.dll
0x00007ffd17d20000 - 0x00007ffd17d62000 	C:\Windows\system32\mlang.dll
0x00007ffd182a0000 - 0x00007ffd18324000 	C:\Windows\System32\fwpuclnt.dll
0x00007ffd0a1b0000 - 0x00007ffd0a1b9000 	C:\Renesas\RA\sc_v2025-12_fsp_v6.3.0\eclipse\plugins\org.eclipse.justj.openjdk.hotspot.jre.full.stripped.win32.x86_64_21.0.7.v20250502-0916\jre\bin\extnet.dll
0x00007ffcb6c30000 - 0x00007ffcb6d91000 	C:\Renesas\RA\sc_v2025-12_fsp_v6.3.0\eclipse\plugins\com.equo.chromium.cef.win32.win32.x86_64_128.0.20\chromium-6613\chrome_elf.dll
0x00007ffc07990000 - 0x00007ffc161a7000 	C:\Renesas\RA\sc_v2025-12_fsp_v6.3.0\eclipse\plugins\com.equo.chromium.cef.win32.win32.x86_64_128.0.20\chromium-6613\libcef.dll
0x00007ffd22f20000 - 0x00007ffd22f8b000 	C:\Windows\System32\WINTRUST.dll
0x00007ffd0afe0000 - 0x00007ffd0afec000 	C:\Windows\SYSTEM32\Secur32.dll
0x00007ffd191e0000 - 0x00007ffd191ff000 	C:\Windows\SYSTEM32\dhcpcsvc.DLL
0x00007ffd21f00000 - 0x00007ffd21f42000 	C:\Windows\SYSTEM32\SSPICLI.DLL
0x00007ffd22810000 - 0x00007ffd22822000 	C:\Windows\SYSTEM32\MSASN1.dll
0x00007ffcb6960000 - 0x00007ffcb6c28000 	C:\Renesas\RA\sc_v2025-12_fsp_v6.3.0\eclipse\plugins\com.equo.chromium.cef.win32.win32.x86_64_128.0.20\chromium-6613\equochro.dll
0x00007ffd21cc0000 - 0x00007ffd21cf4000 	C:\Windows\system32\ntmarta.dll

dbghelp: loaded successfully - version: 4.0.5 - missing functions: none
symbol engine: initialized successfully - sym options: 0x614 - pdb path: .;C:\Renesas\RA\sc_v2025-12_fsp_v6.3.0\eclipse;C:\Windows\SYSTEM32;C:\Windows\WinSxS\amd64_microsoft.windows.common-controls_6595b64144ccf1df_6.0.22621.2070_none_2713e6537381f706;C:\Renesas\RA\sc_v2025-12_fsp_v6.3.0\eclipse\plugins\org.eclipse.equinox.launcher.win32.win32.x86_64_1.2.1300.v20250331-1702;C:\Renesas\RA\sc_v2025-12_fsp_v6.3.0\eclipse\plugins\org.eclipse.justj.openjdk.hotspot.jre.full.stripped.win32.x86_64_21.0.7.v20250502-0916\jre\bin\server;C:\Renesas\RA\sc_v2025-12_fsp_v6.3.0\eclipse\plugins\org.eclipse.justj.openjdk.hotspot.jre.full.stripped.win32.x86_64_21.0.7.v20250502-0916\jre\bin;C:\Renesas\RA\sc_v2025-12_fsp_v6.3.0\eclipse\configuration\org.eclipse.osgi\366\0\.cp;C:\Windows\WinSxS\amd64_microsoft.windows.gdiplus_6595b64144ccf1df_1.1.22621.1778_none_57fe2016ce1542ec;C:\Users\hua\AppData\Local\Temp\jna-36406304;C:\Program Files\National Instruments\Shared\mDNS Responder;C:\Program Files\Bonjour;C:\Renesas\RA\sc_v2025-12_fsp_v6.3.0\eclipse\plugins\com.equo.chromium.cef.win32.win32.x86_64_128.0.20\chromium-6613

VM Arguments:
jvm_args: -Declipse.p2.max.threads=10 -Dosgi.requiredJavaVersion=17 -Dorg.slf4j.simpleLogger.defaultLogLevel=off -XX:+UseG1GC -XX:+UseStringDeduplication -Xms512m -Xmx3g --add-modules=ALL-SYSTEM -Dcom.renesas.cdt.core.ui.menus.RenesasViewsMenuFactory.hide=true -Dswt.autoScale=quarter -Dswt.autoScale.method=smooth 
java_command: <unknown>
java_class_path (initial): C:\Renesas\RA\sc_v2025-12_fsp_v6.3.0\eclipse\\plugins/org.eclipse.equinox.launcher_1.7.0.v20250717-1148.jar
Launcher Type: generic

[Global flags]
     intx CICompilerCount                          = 15                                        {product} {ergonomic}
     uint ConcGCThreads                            = 6                                         {product} {ergonomic}
     uint G1ConcRefinementThreads                  = 23                                        {product} {ergonomic}
   size_t G1HeapRegionSize                         = 2097152                                   {product} {ergonomic}
    uintx GCDrainStackTargetSize                   = 64                                        {product} {ergonomic}
   size_t InitialHeapSize                          = 536870912                                 {product} {command line}
   size_t MarkStackSize                            = 4194304                                   {product} {ergonomic}
   size_t MaxHeapSize                              = 3221225472                                {product} {command line}
   size_t MaxNewSize                               = 1931476992                                {product} {ergonomic}
   size_t MinHeapDeltaBytes                        = 2097152                                   {product} {ergonomic}
   size_t MinHeapSize                              = 536870912                                 {product} {command line}
    uintx NonNMethodCodeHeapSize                   = 8192380                                {pd product} {ergonomic}
    uintx NonProfiledCodeHeapSize                  = 121732930                              {pd product} {ergonomic}
    uintx ProfiledCodeHeapSize                     = 121732930                              {pd product} {ergonomic}
    uintx ReservedCodeCacheSize                    = 251658240                              {pd product} {ergonomic}
     bool SegmentedCodeCache                       = true                                      {product} {ergonomic}
   size_t SoftMaxHeapSize                          = 3221225472                             {manageable} {ergonomic}
     bool UseCompressedOops                        = true                           {product lp64_product} {ergonomic}
     bool UseG1GC                                  = true                                      {product} {command line}
     bool UseLargePagesIndividualAllocation        = false                                  {pd product} {ergonomic}
     bool UseStringDeduplication                   = true                                      {product} {command line}

Logging:
Log output configuration:
 #0: stdout all=warning uptime,level,tags foldmultilines=false
 #1: stderr all=off uptime,level,tags foldmultilines=false

Environment Variables:
PATH=D:\keil_v5\keil\ARM\ARMCLANG\Bin;C:\Windows\system32;C:\Windows;C:\Windows\System32\Wbem;C:\Windows\System32\WindowsPowerShell\v1.0\;C:\Windows\System32\OpenSSH\;C:\Program Files (x86)\NVIDIA Corporation\PhysX\Common;C:\Program Files\NVIDIA Corporation\NVIDIA NvDLISR;C:\Program Files\Bandizip\;C:\Program Files (x86)\Tencent\微信web开发者工具\dll;D:\MAT;AB\Crack\runtime\win64;D:\MATLAB\Crack\bin;C:\Program Files\Graphviz-10.0.1-win64\bin;C:\Program Files (x86)\STMicroelectronics\STM32 ST-LINK Utility\ST-LINK Utility;C:\Program Files\cursor\resources\app\bin;D:\multisim\Shared\LabVIEW CLI;D:\美赛\SPSS25\JRE\bin;C;\Program Files\Graphviz\bin;C:\Program Files\Git\cmd;D:\tortoisegit\bin;d:\trae\Trae\bin;c:\Users\hua\AppData\Roaming\Code\User\globalStorage\github.copilot-chat\debugCommand;c:\Users\hua\AppData\Roaming\Code\User\globalStorage\github.copilot-chat\copilotCli;C:\Windows\system32;C:\Windows;C:\Windows\System32\Wbem;C:\Windows\System32\WindowsPowerShell\v1.0\;C:\Windows\System32\OpenSSH\;C:\Program Files (x86)\NVIDIA Corporation\PhysX\Common;C:\Program Files\NVIDIA Corporation\NVIDIA NvDLISR;C:\Program Files\Bandizip\;C:\Program Files (x86)\Tencent\微信web开发者工具\dll;D:\MAT;AB\Crack\runtime\win64;D:\MATLAB\Crack\bin;C:\Program Files\Graphviz-10.0.1-win64\bin;C:\Program Files (x86)\STMicroelectronics\STM32 ST-LINK Utility\ST-LINK Utility;C:\Program Files\cursor\resources\app\bin;D:\multisim\Shared\LabVIEW CLI;D:\美赛\SPSS25\JRE\bin;C;\Program Files\Graphviz\bin;C:\Program Files\Git\cmd;D:\tortoisegit\bin;c:\Users\hua\AppData\Roaming\Code\User\globalStorage\github.copilot-chat\debugCommand;c:\Users\hua\AppData\Roaming\Code\User\globalStorage\github.copilot-chat\copilotCli;C:\Windows\system32;C:\Windows;C:\Windows\System32\Wbem;C:\Windows\System32\WindowsPowerShell\v1.0\;C:\Windows\System32\OpenSSH\;C:\Program Files (x86)\NVIDIA Corporation\PhysX\Common;C:\Program Files\NVIDIA Corporation\NVIDIA NvDLISR;C:\Program Files\Bandizip\;C:\Program Files (x86)\Tencent\微信web开发者工具\dll;D:\MAT;AB\Crack\runtime\win64;D:\MATLAB\Crack\bin;C:\Program Files\Graphviz-10.0.1-win64\bin;C:\Program Files (x86)\STMicroelectronics\STM32 ST-LINK Utility\ST-LINK Utility;C:\Program Files\cursor\resources\app\bin;D:\multisim\Shared\LabVIEW CLI;D:\美赛\SPSS25\JRE\bin;C;\Program Files\Graphviz\bin;C:\Program Files\Git\cmd;D:\tortoisegit\bin;C:\Users\Public\TongYuan\julia-1.9.3\bin;C:\Program Files\MWORKS\Syslab 2025b\Bin\bin;C:\anaconda;C:\anaconda\Library\mingw-w64\bin;C:\anaconda\Library\usr\bin;C:\anaconda\Library\bin;C:\anaconda\Scripts;C:\miniconda;C:\miniconda\Library\mingw-w64\bin;C:\miniconda\Library\usr\bin;C:\miniconda\Library\bin;C:\miniconda\Scripts;C:\Users\邓朝俊\AppData\Local\Programs\Python\Python312\Scripts\;C:\Users\邓朝俊\AppData\Local\Programs\Python\Python312\;C:\Users\邓朝俊\AppData\Local\Programs\Python\Launcher\;C:\Users\邓朝俊\AppData\Local\Microsoft\WindowsApps;C:\Program Files\JetBrains\PyCharm Community Edition 2024.2.1\bin;D:\quartus\modelsim_ase\win32aloem;D:\quatus\project\modelsim_ase\win32aloem;C:\Users\邓朝俊\AppData\Roaming\Programs\Zero Install;C:\Users\邓朝俊\AppData\Local\Programs\Microsoft VS Code\bin;C:\Users\邓朝俊\AppData\Local\Programs\Ollama;D:\FPGA\modelsim_ase\win32aloem;D:\quartus\Quartus II 13.1\modelsim_ase\win32aloem;d:\altera\modelsim_ase\win32aloem;d:\altera\modelsim_ae\win32aloem;D:\altera\Quartus-lite-18.0.0.614-windows\modelsim_ase\win32aloem;D:\cursor\resources\app\bin;C:\antigravity\Antigravity\bin;C:\vscode\Microsoft VS Code\bin;C:\Windsurf\bin;C:\Users\hua\AppData\Local\GitHubDesktop\bin;C:\Users\hua\.bun\bin;c:\Users\hua\.vscode\extensions\ms-python.debugpy-2025.18.0-win32-x64\bundled\scripts\noConfigScripts;c:\Users\hua\.vscode\extensions\openai.chatgpt-0.4.66-win32-x86_64\bin\windows-x86_64;c:\Users\hua\.vscode\extensions\ms-python.debugpy-2025.18.0-win32-x64\bundled\scripts\noConfigScripts;c:\Users\hua\.vscode\extensions\openai.chatgpt-0.4.66-win32-x86_64\bin\windows-x86_64
USERNAME=邓朝俊
OS=Windows_NT
PROCESSOR_IDENTIFIER=Intel64 Family 6 Model 183 Stepping 1, GenuineIntel
TMP=C:\Users\hua\AppData\Local\Temp
TEMP=C:\Users\hua\AppData\Local\Temp




Periodic native trim disabled

---------------  S Y S T E M  ---------------

OS:
 Windows 11 , 64 bit Build 22621 (10.0.22621.2070)
OS uptime: 1 days 8:50 hours

CPU: total 32 (initial active 32) (16 cores per cpu, 2 threads per core) family 6 model 183 stepping 1 microcode 0x115, cx8, cmov, fxsr, ht, mmx, 3dnowpref, sse, sse2, sse3, ssse3, sse4.1, sse4.2, popcnt, lzcnt, tsc, tscinvbit, avx, avx2, aes, erms, clmul, bmi1, bmi2, adx, sha, fma, vzeroupper, clflush, clflushopt, clwb, serialize, rdtscp, rdpid, fsrm, f16c, pku, cet_ibt, cet_ss
Processor Information for processor 0
  Max Mhz: 2200, Current Mhz: 2200, Mhz Limit: 2200
Processor Information for processor 1
  Max Mhz: 2200, Current Mhz: 1466, Mhz Limit: 2200
Processor Information for processor 2
  Max Mhz: 2200, Current Mhz: 2200, Mhz Limit: 2200
Processor Information for processor 3
  Max Mhz: 2200, Current Mhz: 1466, Mhz Limit: 2200
Processor Information for processor 4
  Max Mhz: 2200, Current Mhz: 2200, Mhz Limit: 2200
Processor Information for processor 5
  Max Mhz: 2200, Current Mhz: 1466, Mhz Limit: 2200
Processor Information for processor 6
  Max Mhz: 2200, Current Mhz: 2200, Mhz Limit: 2200
Processor Information for processor 7
  Max Mhz: 2200, Current Mhz: 1466, Mhz Limit: 2200
Processor Information for processor 8
  Max Mhz: 2200, Current Mhz: 2200, Mhz Limit: 2200
Processor Information for processor 9
  Max Mhz: 2200, Current Mhz: 1466, Mhz Limit: 2200
Processor Information for processor 10
  Max Mhz: 2200, Current Mhz: 2200, Mhz Limit: 2200
Processor Information for processor 11
  Max Mhz: 2200, Current Mhz: 1466, Mhz Limit: 2200
Processor Information for processor 12
  Max Mhz: 2200, Current Mhz: 2200, Mhz Limit: 2200
Processor Information for processor 13
  Max Mhz: 2200, Current Mhz: 1466, Mhz Limit: 2200
Processor Information for processor 14
  Max Mhz: 2200, Current Mhz: 2200, Mhz Limit: 2200
Processor Information for processor 15
  Max Mhz: 2200, Current Mhz: 1466, Mhz Limit: 2200
Processor Information for processor 16
  Max Mhz: 2200, Current Mhz: 1600, Mhz Limit: 1584
Processor Information for processor 17
  Max Mhz: 2200, Current Mhz: 1600, Mhz Limit: 1584
Processor Information for processor 18
  Max Mhz: 2200, Current Mhz: 1600, Mhz Limit: 1584
Processor Information for processor 19
  Max Mhz: 2200, Current Mhz: 1600, Mhz Limit: 1584
Processor Information for processor 20
  Max Mhz: 2200, Current Mhz: 1600, Mhz Limit: 1584
Processor Information for processor 21
  Max Mhz: 2200, Current Mhz: 1600, Mhz Limit: 1584
Processor Information for processor 22
  Max Mhz: 2200, Current Mhz: 1600, Mhz Limit: 1584
Processor Information for processor 23
  Max Mhz: 2200, Current Mhz: 1600, Mhz Limit: 1584
Processor Information for processor 24
  Max Mhz: 2200, Current Mhz: 1600, Mhz Limit: 1584
Processor Information for processor 25
  Max Mhz: 2200, Current Mhz: 1600, Mhz Limit: 1584
Processor Information for processor 26
  Max Mhz: 2200, Current Mhz: 1600, Mhz Limit: 1584
Processor Information for processor 27
  Max Mhz: 2200, Current Mhz: 1600, Mhz Limit: 1584
Processor Information for processor 28
  Max Mhz: 2200, Current Mhz: 1600, Mhz Limit: 1584
Processor Information for processor 29
  Max Mhz: 2200, Current Mhz: 1600, Mhz Limit: 1584
Processor Information for processor 30
  Max Mhz: 2200, Current Mhz: 1600, Mhz Limit: 1584
Processor Information for processor 31
  Max Mhz: 2200, Current Mhz: 1600, Mhz Limit: 1584

Memory: 4k page, system-wide physical 16103M (1452M free)
TotalPageFile size 72922M (AvailPageFile size 39728M)
current process WorkingSet (physical memory assigned to process): 1129M, peak: 1133M
current process commit charge ("private bytes"): 1250M, peak: 1258M

vm_info: OpenJDK 64-Bit Server VM (21.0.7+6-LTS) for windows-amd64 JRE (21.0.7+6-LTS), built on 2025-04-15T00:00:00Z by "admin" with MS VC++ 17.7 (VS2022)

END.
