#
# A fatal error has been detected by the Java Runtime Environment:
#
#  EXCEPTION_ACCESS_VIOLATION (0xc0000005) at pc=0x00007ffc589c7fff, pid=39756, tid=30220
#
# JRE version: OpenJDK Runtime Environment Temurin-21.0.7+6 (21.0.7+6) (build 21.0.7+6-LTS)
# Java VM: OpenJDK 64-Bit Server VM Temurin-21.0.7+6 (21.0.7+6-LTS, mixed mode, sharing, tiered, compressed oops, compressed class ptrs, g1 gc, windows-amd64)
# Problematic frame:
# C  [libcef.dll+0x4717fff]
#
# No core dump will be written. Minidumps are not enabled by default on client versions of Windows
#
# If you would like to submit a bug report, please visit:
#   https://github.com/adoptium/adoptium-support/issues
# The crash happened outside the Java Virtual Machine in native code.
# See problematic frame for where to report the bug.
#

---------------  S U M M A R Y ------------

Command Line: -Declipse.p2.max.threads=10 -Dosgi.requiredJavaVersion=17 -Dorg.slf4j.simpleLogger.defaultLogLevel=off -XX:+UseG1GC -XX:+UseStringDeduplication -Xms512m -Xmx3g --add-modules=ALL-SYSTEM -Dcom.renesas.cdt.core.ui.menus.RenesasViewsMenuFactory.hide=true -Dswt.autoScale=quarter -Dswt.autoScale.method=smooth 

Host: 13th Gen Intel(R) Core(TM) i9-13900HX, 32 cores, 15G,  Windows 11 , 64 bit Build 22621 (10.0.22621.2070)
Time: Mon Feb  9 17:16:20 2026  Windows 11 , 64 bit Build 22621 (10.0.22621.2070) elapsed time: 10.416764 seconds (0d 0h 0m 10s)

---------------  T H R E A D  ---------------

Current thread (0x00000188f51f74b0):  JavaThread "main"             [_thread_in_native, id=30220, stack(0x0000006088a00000,0x0000006088b00000) (1024K)]

Stack: [0x0000006088a00000,0x0000006088b00000],  sp=0x0000006088afae30,  free space=1003k
Native frames: (J=compiled Java code, j=interpreted, Vv=VM code, C=native code)
C  [libcef.dll+0x4717fff]

Java frames: (J=compiled Java code, j=interpreted, Vv=VM code)
j  org.cef.CefApp.N_Initialize(Lorg/cef/handler/CefAppHandler;Lorg/cef/CefSettings;)Z+0
j  org.cef.CefApp.access$5(Lorg/cef/CefApp;Lorg/cef/handler/CefAppHandler;Lorg/cef/CefSettings;)Z+3
j  org.cef.CefApp$2.run()V+264
j  org.cef.CefApp.initialize()V+21
j  org.cef.CefApp.createClient()Lorg/cef/CefClient;+43
j  com.equo.chromium.internal.Engine.createClient()Lorg/cef/CefClient;+3
j  com.equo.chromium.swt.internal.Chromium.createClienthandler()V+0
j  com.equo.chromium.swt.internal.Chromium.getClientHandler()Lorg/cef/CefClientSwt;+15
j  com.equo.chromium.swt.internal.Chromium.prepareBrowser()V+38
j  com.equo.chromium.swt.internal.Chromium.createBrowser()V+1
j  com.equo.chromium.swt.internal.Chromium.create(Lorg/eclipse/swt/widgets/Composite;I)V+87
j  com.equo.chromium.swt.Browser.<init>(Lorg/eclipse/swt/widgets/Composite;I)V+129
j  org.eclipse.swt.browser.Browser.<init>(Lorg/eclipse/swt/widgets/Composite;I)V+6
j  com.renesas.cdt.ddsc.settingseditor.pages.PageSummary.createContents(Lorg/eclipse/swt/widgets/Composite;)Lorg/eclipse/swt/widgets/Control;+216
j  com.renesas.cdt.ddsc.settingseditor.pages.ConfigPageCompositeWrapper.createContents(Lorg/eclipse/swt/widgets/Composite;)Lorg/eclipse/swt/widgets/Control;+18
j  com.renesas.cdt.ddsc.settingseditor.pages.ConfigPageCompositeWrapper.createFormContent(Lorg/eclipse/ui/forms/IManagedForm;)V+70
j  org.eclipse.ui.forms.editor.FormPage.lambda$0()V+5
j  org.eclipse.ui.forms.editor.FormPage$$Lambda+0x000001889481c8f8.run()V+4
j  org.eclipse.swt.custom.BusyIndicator.showWhile(Lorg/eclipse/swt/widgets/Display;Ljava/lang/Runnable;)V+33
j  org.eclipse.ui.forms.editor.FormPage.createPartControl(Lorg/eclipse/swt/widgets/Composite;)V+35
j  org.eclipse.ui.part.MultiPageEditorPart.addPage(ILorg/eclipse/ui/IEditorPart;Lorg/eclipse/ui/IEditorInput;)V+49
j  org.eclipse.ui.forms.editor.FormEditor.addPage(ILorg/eclipse/ui/IEditorPart;Lorg/eclipse/ui/IEditorInput;)V+4
j  org.eclipse.ui.part.MultiPageEditorPart.addPage(Lorg/eclipse/ui/IEditorPart;Lorg/eclipse/ui/IEditorInput;)I+9
j  org.eclipse.ui.forms.editor.FormEditor.addPage(Lorg/eclipse/ui/IEditorPart;Lorg/eclipse/ui/IEditorInput;)I+3
j  com.renesas.cdt.ddsc.settingseditor.internal.editors.DDSCSettingsEditor.addConfigurationPages()V+335
j  com.renesas.cdt.ddsc.settingseditor.internal.editors.DDSCSettingsEditor.createPages()V+53
j  org.eclipse.ui.part.MultiPageEditorPart.createPartControl(Lorg/eclipse/swt/widgets/Composite;)V+16
j  org.eclipse.ui.internal.e4.compatibility.CompatibilityPart.createPartControl(Lorg/eclipse/ui/IWorkbenchPart;Lorg/eclipse/swt/widgets/Composite;)Z+65
j  org.eclipse.ui.internal.e4.compatibility.CompatibilityEditor.createPartControl(Lorg/eclipse/ui/IWorkbenchPart;Lorg/eclipse/swt/widgets/Composite;)Z+3
j  org.eclipse.ui.internal.e4.compatibility.CompatibilityPart.create()V+145
j  java.lang.invoke.LambdaForm$DMH+0x0000018894017400.invokeVirtual(Ljava/lang/Object;Ljava/lang/Object;)V+10 java.base@21.0.7
j  java.lang.invoke.LambdaForm$MH+0x000001889410a400.invoke(Ljava/lang/Object;Ljava/lang/Object;)Ljava/lang/Object;+31 java.base@21.0.7
J 1611 c1 jdk.internal.reflect.DirectMethodHandleAccessor.invoke(Ljava/lang/Object;[Ljava/lang/Object;)Ljava/lang/Object; java.base@21.0.7 (92 bytes) @ 0x00000188802d98c4 [0x00000188802d7c60+0x0000000000001c64]
J 9942 c1 org.eclipse.e4.core.internal.di.MethodRequestor.execute()Ljava/lang/Object; (176 bytes) @ 0x0000018881534d7c [0x0000018881533780+0x00000000000015fc]
J 9948 c1 org.eclipse.e4.core.internal.di.InjectorImpl.processAnnotated(Lorg/eclipse/e4/core/internal/di/AnnotationLookup$AnnotationProxy;Ljava/lang/Object;Ljava/lang/Class;Lorg/eclipse/e4/core/di/suppliers/PrimaryObjectSupplier;Lorg/eclipse/e4/core/di/suppliers/PrimaryObjectSupplier;Ljava/util/List;)V (417 bytes) @ 0x000001888153b05c [0x000001888153a680+0x00000000000009dc]
J 9948 c1 org.eclipse.e4.core.internal.di.InjectorImpl.processAnnotated(Lorg/eclipse/e4/core/internal/di/AnnotationLookup$AnnotationProxy;Ljava/lang/Object;Ljava/lang/Class;Lorg/eclipse/e4/core/di/suppliers/PrimaryObjectSupplier;Lorg/eclipse/e4/core/di/suppliers/PrimaryObjectSupplier;Ljava/util/List;)V (417 bytes) @ 0x000001888153a99c [0x000001888153a680+0x000000000000031c]
j  org.eclipse.e4.core.internal.di.InjectorImpl.internalInject(Ljava/lang/Object;Lorg/eclipse/e4/core/di/suppliers/PrimaryObjectSupplier;Lorg/eclipse/e4/core/di/suppliers/PrimaryObjectSupplier;)V+175
j  org.eclipse.e4.core.internal.di.InjectorImpl.internalMake(Ljava/lang/Class;Lorg/eclipse/e4/core/di/suppliers/PrimaryObjectSupplier;Lorg/eclipse/e4/core/di/suppliers/PrimaryObjectSupplier;)Ljava/lang/Object;+310
j  org.eclipse.e4.core.internal.di.InjectorImpl.make(Ljava/lang/Class;Lorg/eclipse/e4/core/di/suppliers/PrimaryObjectSupplier;)Ljava/lang/Object;+11
j  org.eclipse.e4.core.contexts.ContextInjectionFactory.make(Ljava/lang/Class;Lorg/eclipse/e4/core/contexts/IEclipseContext;)Ljava/lang/Object;+13
j  org.eclipse.e4.ui.internal.workbench.ReflectionContributionFactory.createFromBundle(Lorg/osgi/framework/Bundle;Lorg/eclipse/e4/core/contexts/IEclipseContext;Lorg/eclipse/e4/core/contexts/IEclipseContext;Lorg/eclipse/emf/common/util/URI;)Ljava/lang/Object;+158
j  org.eclipse.e4.ui.internal.workbench.ReflectionContributionFactory.doCreate(Ljava/lang/String;Lorg/eclipse/e4/core/contexts/IEclipseContext;Lorg/eclipse/e4/core/contexts/IEclipseContext;)Ljava/lang/Object;+78
j  org.eclipse.e4.ui.internal.workbench.ReflectionContributionFactory.create(Ljava/lang/String;Lorg/eclipse/e4/core/contexts/IEclipseContext;)Ljava/lang/Object;+4
j  org.eclipse.ui.internal.WorkbenchContributionFactory.create(Ljava/lang/String;Lorg/eclipse/e4/core/contexts/IEclipseContext;)Ljava/lang/Object;+6
j  org.eclipse.e4.ui.workbench.renderers.swt.ContributedPartRenderer.createWidget(Lorg/eclipse/e4/ui/model/application/ui/MUIElement;Ljava/lang/Object;)Ljava/lang/Object;+132
j  org.eclipse.e4.ui.internal.workbench.swt.PartRenderingEngine.createWidget(Lorg/eclipse/e4/ui/model/application/ui/MUIElement;Ljava/lang/Object;)Ljava/lang/Object;+21
j  org.eclipse.e4.ui.internal.workbench.swt.PartRenderingEngine.safeCreateGui(Lorg/eclipse/e4/ui/model/application/ui/MUIElement;Ljava/lang/Object;Lorg/eclipse/e4/core/contexts/IEclipseContext;)Ljava/lang/Object;+563
j  org.eclipse.e4.ui.internal.workbench.swt.PartRenderingEngine.safeCreateGui(Lorg/eclipse/e4/ui/model/application/ui/MUIElement;)Ljava/lang/Object;+168
j  org.eclipse.e4.ui.internal.workbench.swt.PartRenderingEngine$2.run()V+13
J 8381 c1 org.eclipse.core.runtime.SafeRunner.run(Lorg/eclipse/core/runtime/ISafeRunnable;)V (20 bytes) @ 0x000001888143afbc [0x000001888143ae20+0x000000000000019c]
j  org.eclipse.e4.ui.internal.workbench.swt.PartRenderingEngine.createGui(Lorg/eclipse/e4/ui/model/application/ui/MUIElement;)Ljava/lang/Object;+15
j  org.eclipse.e4.ui.internal.workbench.PartServiceImpl.lambda$0(Lorg/osgi/service/event/Event;)V+183
j  org.eclipse.e4.ui.internal.workbench.PartServiceImpl$$Lambda+0x000001889442ba60.handleEvent(Lorg/osgi/service/event/Event;)V+5
J 9979 c1 org.eclipse.e4.ui.services.internal.events.UIEventHandler$$Lambda+0x00000188943e8a80.run()V (12 bytes) @ 0x000001888154efac [0x000001888154ee40+0x000000000000016c]
J 9899 c1 org.eclipse.swt.widgets.Synchronizer.syncExec(Ljava/lang/Runnable;)V (312 bytes) @ 0x000001888087b114 [0x000001888087a740+0x00000000000009d4]
J 9897 c1 org.eclipse.ui.internal.UISynchronizer.syncExec(Ljava/lang/Runnable;)V (144 bytes) @ 0x000001888087e3fc [0x000001888087d540+0x0000000000000ebc]
J 9896 c1 org.eclipse.swt.widgets.Display.syncExec(Ljava/lang/Runnable;)V (37 bytes) @ 0x0000018880881804 [0x0000018880881480+0x0000000000000384]
J 9977 c1 org.eclipse.e4.ui.services.internal.events.UIEventHandler.handleEvent(Lorg/osgi/service/event/Event;)V (35 bytes) @ 0x000001888154f9c4 [0x000001888154f3e0+0x00000000000005e4]
J 9887 c1 org.eclipse.equinox.internal.event.EventHandlerWrapper.handleEvent(Lorg/osgi/service/event/Event;Ljava/security/Permission;)V (135 bytes) @ 0x0000018880885684 [0x0000018880885060+0x0000000000000624]
J 9885 c1 org.eclipse.equinox.internal.event.EventHandlerTracker.dispatchEvent(Ljava/lang/Object;Ljava/lang/Object;ILjava/lang/Object;)V (19 bytes) @ 0x0000018880888904 [0x0000018880888560+0x00000000000003a4]
J 11403 c2 org.eclipse.osgi.framework.eventmgr.ListenerQueue.dispatchEventSynchronous(ILjava/lang/Object;)V (81 bytes) @ 0x0000018888407d2c [0x0000018888407900+0x000000000000042c]
J 9246 c1 org.eclipse.equinox.internal.event.EventAdminImpl.dispatchEvent(Lorg/osgi/service/event/Event;Z)V (228 bytes) @ 0x00000188806a763c [0x00000188806a6740+0x0000000000000efc]
J 10125 c1 org.eclipse.equinox.internal.event.EventComponent.sendEvent(Lorg/osgi/service/event/Event;)V (9 bytes) @ 0x0000018881599e24 [0x0000018881599d40+0x00000000000000e4]
J 9641 c1 org.eclipse.e4.ui.internal.workbench.UIEventPublisher.notifyChanged(Lorg/eclipse/emf/common/notify/Notification;)V (61 bytes) @ 0x00000188804fd4cc [0x00000188804fc960+0x0000000000000b6c]
J 7650 c1 org.eclipse.emf.common.notify.impl.BasicNotifierImpl.eNotify(Lorg/eclipse/emf/common/notify/Notification;)V (44 bytes) @ 0x000001888126c11c [0x000001888126be00+0x000000000000031c]
j  org.eclipse.e4.ui.model.application.ui.impl.ElementContainerImpl.setSelectedElementGen(Lorg/eclipse/e4/ui/model/application/ui/MUIElement;)V+34
j  org.eclipse.e4.ui.model.application.ui.impl.ElementContainerImpl.setSelectedElement(Lorg/eclipse/e4/ui/model/application/ui/MUIElement;)V+63
j  org.eclipse.e4.ui.internal.workbench.ModelServiceImpl.showElementInWindow(Lorg/eclipse/e4/ui/model/application/ui/basic/MWindow;Lorg/eclipse/e4/ui/model/application/ui/MUIElement;)V+121
j  org.eclipse.e4.ui.internal.workbench.ModelServiceImpl.bringToTop(Lorg/eclipse/e4/ui/model/application/ui/MUIElement;)V+53
j  org.eclipse.e4.ui.internal.workbench.PartServiceImpl.delegateBringToTop(Lorg/eclipse/e4/ui/model/application/ui/basic/MPart;)V+5
j  org.eclipse.e4.ui.internal.workbench.PartServiceImpl.bringToTop(Lorg/eclipse/e4/ui/model/application/ui/basic/MPart;)V+140
j  org.eclipse.e4.ui.internal.workbench.PartServiceImpl.showPart(Lorg/eclipse/e4/ui/model/application/ui/basic/MPart;Lorg/eclipse/e4/ui/workbench/modeling/EPartService$PartState;)Lorg/eclipse/e4/ui/model/application/ui/basic/MPart;+133
j  org.eclipse.ui.internal.WorkbenchPage.busyOpenEditor(Lorg/eclipse/ui/IEditorInput;Ljava/lang/String;ZILorg/eclipse/ui/IMemento;Z)Lorg/eclipse/ui/IEditorPart;+540
j  org.eclipse.ui.internal.WorkbenchPage.lambda$11([Lorg/eclipse/ui/IEditorPart;Lorg/eclipse/ui/IEditorInput;Ljava/lang/String;ZILorg/eclipse/ui/IMemento;Z[Lorg/eclipse/ui/PartInitException;)V+13
j  org.eclipse.ui.internal.WorkbenchPage$$Lambda+0x000001889468c220.run()V+36
j  org.eclipse.swt.custom.BusyIndicator.showWhile(Lorg/eclipse/swt/widgets/Display;Ljava/lang/Runnable;)V+33
j  org.eclipse.ui.internal.WorkbenchPage.openEditor(Lorg/eclipse/ui/IEditorInput;Ljava/lang/String;ZILorg/eclipse/ui/IMemento;Z)Lorg/eclipse/ui/IEditorPart;+59
j  org.eclipse.ui.internal.WorkbenchPage.openEditor(Lorg/eclipse/ui/IEditorInput;Ljava/lang/String;ZI)Lorg/eclipse/ui/IEditorPart;+8
j  org.eclipse.ui.internal.WorkbenchPage.openEditor(Lorg/eclipse/ui/IEditorInput;Ljava/lang/String;)Lorg/eclipse/ui/IEditorPart;+5
j  com.renesas.cdt.ddsc.standalone.internal.StandaloneApplication.runConfiguratorFlow(Lorg/eclipse/ui/IWorkbenchWindow;Lcom/renesas/cdt/ddsc/standalone/internal/StandaloneApplication$StandaloneOperation;)V+56
j  com.renesas.cdt.ddsc.standalone.internal.StandaloneApplication.performWorkbenchOperation(Lcom/renesas/cdt/ddsc/standalone/internal/StandaloneApplication$StandaloneOperation;Lorg/eclipse/ui/IWorkbenchWindow;)V+47
j  com.renesas.cdt.ddsc.standalone.internal.StandaloneApplication$4.run()V+35
j  org.eclipse.swt.widgets.RunnableLock.run(Lorg/eclipse/swt/widgets/Display;)V+11
j  org.eclipse.swt.widgets.Synchronizer.runAsyncMessages(Z)Z+41
j  org.eclipse.swt.widgets.Display.runAsyncMessages(Z)Z+5
j  org.eclipse.swt.widgets.Display.readAndDispatch()Z+84
j  org.eclipse.e4.ui.internal.workbench.swt.PartRenderingEngine$5.run()V+564
j  org.eclipse.core.databinding.observable.Realm.runWithDefault(Lorg/eclipse/core/databinding/observable/Realm;Ljava/lang/Runnable;)V+12
j  org.eclipse.e4.ui.internal.workbench.swt.PartRenderingEngine.run(Lorg/eclipse/e4/ui/model/application/MApplicationElement;Lorg/eclipse/e4/core/contexts/IEclipseContext;)Ljava/lang/Object;+57
j  org.eclipse.e4.ui.internal.workbench.E4Workbench.createAndRunUI(Lorg/eclipse/e4/ui/model/application/MApplicationElement;)V+20
j  org.eclipse.ui.internal.Workbench.lambda$3(Lorg/eclipse/swt/widgets/Display;Lorg/eclipse/ui/application/WorkbenchAdvisor;[I)V+334
j  org.eclipse.ui.internal.Workbench$$Lambda+0x000001889429d698.run()V+12
j  org.eclipse.core.databinding.observable.Realm.runWithDefault(Lorg/eclipse/core/databinding/observable/Realm;Ljava/lang/Runnable;)V+12
j  org.eclipse.ui.internal.Workbench.createAndRunWorkbench(Lorg/eclipse/swt/widgets/Display;Lorg/eclipse/ui/application/WorkbenchAdvisor;)I+16
j  org.eclipse.ui.PlatformUI.createAndRunWorkbench(Lorg/eclipse/swt/widgets/Display;Lorg/eclipse/ui/application/WorkbenchAdvisor;)I+2
j  com.renesas.cdt.ddsc.standalone.internal.StandaloneApplication.runWorkbench()Ljava/lang/Object;+23
j  com.renesas.cdt.ddsc.standalone.internal.StandaloneApplication.queueWorkbenchOperation(Lcom/renesas/cdt/ddsc/standalone/internal/StandaloneApplication$StandaloneOperation;)V+49
j  com.renesas.cdt.ddsc.standalone.internal.StandaloneApplication.doRcpEdit(Lcom/renesas/cdt/ddsc/standalone/internal/options/IEditOptions;)Ljava/lang/Object;+39
j  com.renesas.cdt.ddsc.standalone.internal.StandaloneApplication.start(Lorg/eclipse/equinox/app/IApplicationContext;)Ljava/lang/Object;+150
j  org.eclipse.equinox.internal.app.EclipseAppHandle.run(Ljava/lang/Object;)Ljava/lang/Object;+138
j  org.eclipse.core.runtime.internal.adaptor.EclipseAppLauncher.runApplication(Ljava/lang/Object;)Ljava/lang/Object;+85
j  org.eclipse.core.runtime.internal.adaptor.EclipseAppLauncher.start(Ljava/lang/Object;)Ljava/lang/Object;+79
j  org.eclipse.core.runtime.adaptor.EclipseStarter.run(Ljava/lang/Object;)Ljava/lang/Object;+99
j  org.eclipse.core.runtime.adaptor.EclipseStarter.run([Ljava/lang/String;Ljava/lang/Runnable;)Ljava/lang/Object;+132
J 431 c1 java.lang.invoke.DirectMethodHandle$Holder.invokeStatic(Ljava/lang/Object;Ljava/lang/Object;Ljava/lang/Object;)Ljava/lang/Object; java.base@21.0.7 (15 bytes) @ 0x0000018880085954 [0x0000018880085560+0x00000000000003f4]
j  java.lang.invoke.LambdaForm$MH+0x000001889401c800.invoke(Ljava/lang/Object;Ljava/lang/Object;Ljava/lang/Object;Ljava/lang/Object;)Ljava/lang/Object;+54 java.base@21.0.7
j  java.lang.invoke.LambdaForm$MH+0x000001889401cc00.invokeExact_MT(Ljava/lang/Object;Ljava/lang/Object;Ljava/lang/Object;Ljava/lang/Object;Ljava/lang/Object;)Ljava/lang/Object;+22 java.base@21.0.7
j  jdk.internal.reflect.DirectMethodHandleAccessor.invokeImpl(Ljava/lang/Object;[Ljava/lang/Object;)Ljava/lang/Object;+72 java.base@21.0.7
j  jdk.internal.reflect.DirectMethodHandleAccessor.invoke(Ljava/lang/Object;[Ljava/lang/Object;)Ljava/lang/Object;+23 java.base@21.0.7
j  java.lang.reflect.Method.invoke(Ljava/lang/Object;[Ljava/lang/Object;)Ljava/lang/Object;+102 java.base@21.0.7
j  org.eclipse.equinox.launcher.Main.invokeFramework([Ljava/lang/String;[Ljava/net/URL;)V+155
j  org.eclipse.equinox.launcher.Main.basicRun([Ljava/lang/String;)V+310
j  org.eclipse.equinox.launcher.Main.run([Ljava/lang/String;)I+4
v  ~StubRoutines::call_stub 0x000001888741100d

siginfo: EXCEPTION_ACCESS_VIOLATION (0xc0000005), reading address 0xffffffffffffffff


Registers:
RAX=0x00cb090060450000, RBX=0x0000006088afae60, RCX=0x000045600009c500, RDX=0x0000006088afadf0
RSP=0x0000006088afae30, RBP=0x0000006088afb280, RSI=0x000045600006c070, RDI=0x000045600005c0f0
R8 =0x0000006088afadf0, R9 =0x0000000000000000, R10=0x0000000000000000, R11=0x0000000000000246
R12=0x0000456000018500, R13=0x0000000000000000, R14=0x0000000000000000, R15=0x0000006088afb1b8
RIP=0x00007ffc589c7fff, EFLAGS=0x0000000000010206

XMM[0]=0x0000000000000000 0x0000000000000000
XMM[1]=0x0000000000000000 0x0000000000000000
XMM[2]=0x0000000000000000 0x0000000000000000
XMM[3]=0x0000000000000000 0x0000000000000000
XMM[4]=0x0000000000000000 0x0000000000000000
XMM[5]=0x0000000000000000 0x0000000000000000
XMM[6]=0x0000000000000000 0x000000000000ead8
XMM[7]=0x0000000000000000 0x0000000000000038
XMM[8]=0x0000000000000000 0xc329917ad33a6c68
XMM[9]=0x0000000000000000 0xdf3a86ff503c21b9
XMM[10]=0x0000000000000000 0x0000000071019aba
XMM[11]=0x0000000000000000 0x3847a9898883cb42
XMM[12]=0x0000000000000000 0x00000000503c21b9
XMM[13]=0x0000000000000000 0x0000000000000010
XMM[14]=0x0000000000000000 0x0000000000000000
XMM[15]=0x0000000000000000 0x0000000000000000
  MXCSR=0x00001faa


Register to memory mapping:

RAX=0x00cb090060450000 is an unknown value
RBX=0x0000006088afae60 is pointing into the stack for thread: 0x00000188f51f74b0
RCX=0x000045600009c500 points into unknown readable memory: 0x00cb090060450000 | 00 00 45 60 00 09 cb 00
RDX=0x0000006088afadf0 is pointing into the stack for thread: 0x00000188f51f74b0
RSP=0x0000006088afae30 is pointing into the stack for thread: 0x00000188f51f74b0
RBP=0x0000006088afb280 is pointing into the stack for thread: 0x00000188f51f74b0
RSI=0x000045600006c070 points into unknown readable memory: 0x00007ffc60f35520 | 20 55 f3 60 fc 7f 00 00
RDI=0x000045600005c0f0 points into unknown readable memory: 0x0000000000000000 | 00 00 00 00 00 00 00 00
R8 =0x0000006088afadf0 is pointing into the stack for thread: 0x00000188f51f74b0
R9 =0x0 is null
R10=0x0 is null
R11=0x0000000000000246 is an unknown value
R12=0x0000456000018500 points into unknown readable memory: 0x0000001860450101 | 01 01 45 60 18 00 00 00
R13=0x0 is null
R14=0x0 is null
R15=0x0000006088afb1b8 is pointing into the stack for thread: 0x00000188f51f74b0

Top of Stack: (sp=0x0000006088afae30)
0x0000006088afae30:   000045600009c590 000045600009c568
0x0000006088afae40:   000045600009c500 00007ffc59103aa1
0x0000006088afae50:   00007ffc60b7df31 0000000000000004
0x0000006088afae60:   0000000000000000 0000000000000000
0x0000006088afae70:   0000000000000000 00001a86e04f0ddb
0x0000006088afae80:   0000456000018500 0000000000000001
0x0000006088afae90:   000045600006c070 00007ffc589c6ae7
0x0000006088afaea0:   000045600005cd20 00007ffc57ad3a6c
0x0000006088afaeb0:   aaaaaaaaaaaa0000 0000456000018500
0x0000006088afaec0:   00004560000580f0 0000000000000001
0x0000006088afaed0:   000045600006c070 00007ffc589c8120
0x0000006088afaee0:   00004560000b8320 000000000000004b
0x0000006088afaef0:   800000000000004c aaaaaaaaaaaa0000
0x0000006088afaf00:   aaaaaaaaaaaaaaaa 000045600007c0c0
0x0000006088afaf10:   0000456000018500 00007ffc54355257
0x0000006088afaf20:   8000000000000080 00001a86e04f0dcb
0x0000006088afaf30:   0000006088afaff0 0000006088afaf01
0x0000006088afaf40:   0000456000054250 0000456000018500
0x0000006088afaf50:   0000006088afaf01 0000456000054250
0x0000006088afaf60:   0000000000000000 00007ffc54354bdb
0x0000006088afaf70:   0000006088afb2a8 0000006088afaff8
0x0000006088afaf80:   00000188dda796c0 00007ffc542b4f65
0x0000006088afaf90:   0000000000000000 00000188dda796c0
0x0000006088afafa0:   0000006088afaff8 0000000000000000
0x0000006088afafb0:   00007ffc607b6040 0000456000054250
0x0000006088afafc0:   0000456000054240 00007ffc542b1308
0x0000006088afafd0:   00000188d91998f0 00007ffd2126d19a
0x0000006088afafe0:   0000000000000000 00000188f5094240
0x0000006088afaff0:   00007ffc607b6040 00000000000001b8
0x0000006088afb000:   0000000000000001 00004560000a0140
0x0000006088afb010:   0000000000000088 0000000000000000
0x0000006088afb020:   0000000000000000 0000000000000000 

Instructions: (pc=0x00007ffc589c7fff)
0x00007ffc589c7eff:   00 00 00 48 85 c9 74 0b f0 ff 49 08 75 05 e8 0e
0x00007ffc589c7f0f:   21 1f fc e8 79 02 c0 fe e9 47 fa ff ff 0f b6 c8
0x00007ffc589c7f1f:   48 8d 05 a4 d6 56 08 48 89 84 24 a0 00 00 00 48
0x00007ffc589c7f2f:   8d 05 43 bf e1 07 48 89 44 24 20 c7 44 24 30 08
0x00007ffc589c7f3f:   00 00 00 c6 44 24 28 49 48 8d 94 24 88 00 00 00
0x00007ffc589c7f4f:   4c 8d 84 24 a0 00 00 00 41 b9 03 00 00 00 e8 be
0x00007ffc589c7f5f:   e7 a2 fb e9 c9 f9 ff ff cc cc cc cc cc cc cc cc
0x00007ffc589c7f6f:   cc 56 57 53 48 83 ec 50 48 89 ce 48 8b 05 bf e8
0x00007ffc589c7f7f:   74 09 48 31 e0 48 89 44 24 48 48 8b 79 18 48 c7
0x00007ffc589c7f8f:   41 18 00 00 00 00 48 85 ff 74 10 48 89 f9 e8 fe
0x00007ffc589c7f9f:   e5 ff ff 48 89 f9 e8 46 d2 d7 07 e8 d1 33 72 00
0x00007ffc589c7faf:   48 89 c7 48 b8 aa aa aa aa aa aa aa aa 48 89 44
0x00007ffc589c7fbf:   24 40 0f 28 05 68 e0 de 07 0f 29 44 24 30 48 8d
0x00007ffc589c7fcf:   0d 5d 5f 1b 08 48 89 4c 24 20 e8 c2 75 db 07 48
0x00007ffc589c7fdf:   89 44 24 28 48 8d 5c 24 30 4c 8d 44 24 20 48 89
0x00007ffc589c7fef:   f9 48 89 da e8 b8 3c 72 00 48 8b 4e 28 48 8b 01
0x00007ffc589c7fff:   48 8b 40 28 48 89 da ff 15 9c e1 67 09 e8 8f cd
0x00007ffc589c800f:   ad fe 48 8b 7e 30 48 c7 46 30 00 00 00 00 48 85
0x00007ffc589c801f:   ff 74 10 48 89 f9 e8 06 af 72 00 48 89 f9 e8 be
0x00007ffc589c802f:   d1 d7 07 48 8b 4e 28 48 b8 00 00 00 00 fc ff ff
0x00007ffc589c803f:   ff 48 21 c8 48 3b 05 7e 33 73 09 75 05 e8 0f c4
0x00007ffc589c804f:   72 00 48 c7 46 28 00 00 00 00 c6 46 21 01 80 7c
0x00007ffc589c805f:   24 47 00 79 0a 48 8b 4c 24 30 e8 82 d1 d7 07 48
0x00007ffc589c806f:   8b 4c 24 48 48 31 e1 e8 f5 d3 d7 07 90 48 83 c4
0x00007ffc589c807f:   50 5b 5f 5e c3 cc cc cc cc cc cc cc cc cc cc cc
0x00007ffc589c808f:   cc 48 89 c8 48 8b 49 10 48 c7 40 10 00 00 00 00
0x00007ffc589c809f:   48 85 c9 74 15 48 8b 01 48 8b 00 4c 8b 05 f7 e0
0x00007ffc589c80af:   67 09 ba 01 00 00 00 49 ff e0 c3 cc cc cc cc cc
0x00007ffc589c80bf:   cc 56 48 83 ec 20 48 89 ce b9 70 00 00 00 e8 8e
0x00007ffc589c80cf:   d0 d7 07 48 8d 0d 47 d4 56 08 48 89 08 c6 40 08
0x00007ffc589c80df:   00 c6 40 68 00 0f 57 c0 0f 11 40 10 c7 40 1f 00
0x00007ffc589c80ef:   00 00 00 0f 11 40 28 c6 40 38 00 48 89 06 48 89 


Stack slot to memory mapping:

stack at sp + 0 slots: 0x000045600009c590 points into unknown readable memory: 0x00007ffc607d6fe0 | e0 6f 7d 60 fc 7f 00 00
stack at sp + 1 slots: 0x000045600009c568 points into unknown readable memory: 0x00007ffc607b61e0 | e0 61 7b 60 fc 7f 00 00
stack at sp + 2 slots: 0x000045600009c500 points into unknown readable memory: 0x00cb090060450000 | 00 00 45 60 00 09 cb 00
stack at sp + 3 slots: 0x00007ffc59103aa1 libcef.dll
stack at sp + 4 slots: 0x00007ffc60b7df31 libcef.dll
stack at sp + 5 slots: 0x0000000000000004 is an unknown value
stack at sp + 6 slots: 0x0 is null
stack at sp + 7 slots: 0x0 is null


Compiled method (c1) 10476 1611   !   3       jdk.internal.reflect.DirectMethodHandleAccessor::invoke (92 bytes)
 total in heap  [0x00000188802d7790,0x00000188802dbae0] = 17232
 relocation     [0x00000188802d78f0,0x00000188802d7c60] = 880
 main code      [0x00000188802d7c60,0x00000188802da558] = 10488
 stub code      [0x00000188802da558,0x00000188802da698] = 320
 oops           [0x00000188802da698,0x00000188802da6c8] = 48
 metadata       [0x00000188802da6c8,0x00000188802da740] = 120
 scopes data    [0x00000188802da740,0x00000188802dac20] = 1248
 scopes pcs     [0x00000188802dac20,0x00000188802db200] = 1504
 dependencies   [0x00000188802db200,0x00000188802db208] = 8
 handler table  [0x00000188802db208,0x00000188802dba18] = 2064
 nul chk table  [0x00000188802dba18,0x00000188802dbae0] = 200

[Constant Pool (empty)]

[MachCode]
[Entry Point]
  # {method} {0x000001889319def0} 'invoke' '(Ljava/lang/Object;[Ljava/lang/Object;)Ljava/lang/Object;' in 'jdk/internal/reflect/DirectMethodHandleAccessor'
  # this:     rdx:rdx   = 'jdk/internal/reflect/DirectMethodHandleAccessor'
  # parm0:    r8:r8     = 'java/lang/Object'
  # parm1:    r9:r9     = '[Ljava/lang/Object;'
  #           [sp+0x170]  (sp of caller)
  0x00000188802d7c60: 448b 5208 | 49bb 0000 | 0093 8801 | 0000 4d03 | d34c 3bd0 

  0x00000188802d7c74: ;   {runtime_call ic_miss_stub}
  0x00000188802d7c74: 0f85 066b | 1807 660f | 1f44 0000 
[Verified Entry Point]
  0x00000188802d7c80: 8984 2400 | 80ff ff55 | 4881 ec60 | 0100 0090 | 4181 7f20 | 0900 0000 

  0x00000188802d7c98: ;   {runtime_call StubRoutines (final stubs)}
  0x00000188802d7c98: 7405 e8c1 | d016 0748 | 8994 24b0 | 0000 004c | 8984 24c0 | 0000 004c | 898c 24b8 

  0x00000188802d7cb4: ;   {metadata(method data for {method} {0x000001889319def0} 'invoke' '(Ljava/lang/Object;[Ljava/lang/Object;)Ljava/lang/Object;' in 'jdk/internal/reflect/DirectMethodHandleAccessor')}
  0x00000188802d7cb4: 0000 0048 | be58 ea36 | d488 0100 | 008b becc | 0000 0083 | c702 89be | cc00 0000 | 81e7 fe07 
  0x00000188802d7cd4: 0000 85ff | 0f84 2b23 | 0000 488b 

  0x00000188802d7ce0: ;   {metadata(method data for {method} {0x000001889319def0} 'invoke' '(Ljava/lang/Object;[Ljava/lang/Object;)Ljava/lang/Object;' in 'jdk/internal/reflect/DirectMethodHandleAccessor')}
  0x00000188802d7ce0: f248 bf58 | ea36 d488 | 0100 0048 | 8387 1001 

  0x00000188802d7cf0: ;   {metadata(method data for {method} {0x00000188933c4948} 'isStatic' '()Z' in 'jdk/internal/reflect/DirectMethodHandleAccessor')}
  0x00000188802d7cf0: 0000 0148 | be00 e636 | d488 0100 | 008b becc | 0000 0083 | c702 89be | cc00 0000 | 81e7 feff 
  0x00000188802d7d10: 1f00 85ff | 0f84 1023 | 0000 8b72 | 1081 e600 | 0200 0081 | fe00 0200 

  0x00000188802d7d28: ;   {metadata(method data for {method} {0x00000188933c4948} 'isStatic' '()Z' in 'jdk/internal/reflect/DirectMethodHandleAccessor')}
  0x00000188802d7d28: 0048 be00 | e636 d488 | 0100 0048 | c7c7 1001 | 0000 7507 | 48c7 c720 | 0100 0048 | 8b1c 3e48 
  0x00000188802d7d48: 8d5b 0148 | 891c 3e0f | 851a 0000 

  0x00000188802d7d54: ;   {metadata(method data for {method} {0x00000188933c4948} 'isStatic' '()Z' in 'jdk/internal/reflect/DirectMethodHandleAccessor')}
  0x00000188802d7d54: 0048 be00 | e636 d488 | 0100 00ff | 8630 0100 | 00be 0100 | 0000 e905 | 0000 00be | 0000 0000 
  0x00000188802d7d74: 83e6 0185 

  0x00000188802d7d78: ;   {metadata(method data for {method} {0x000001889319def0} 'invoke' '(Ljava/lang/Object;[Ljava/lang/Object;)Ljava/lang/Object;' in 'jdk/internal/reflect/DirectMethodHandleAccessor')}
  0x00000188802d7d78: f648 be58 | ea36 d488 | 0100 0048 | c7c7 4801 | 0000 7507 | 48c7 c758 | 0100 0048 | 8b1c 3e48 
  0x00000188802d7d98: 8d5b 0148 | 891c 3e0f | 85d5 0000 | 0048 8bf2 

  0x00000188802d7da8: ;   {metadata(method data for {method} {0x000001889319def0} 'invoke' '(Ljava/lang/Object;[Ljava/lang/Object;)Ljava/lang/Object;' in 'jdk/internal/reflect/DirectMethodHandleAccessor')}
  0x00000188802d7da8: 48bf 58ea | 36d4 8801 | 0000 4883 | 8768 0100 

  0x00000188802d7db8: ;   {metadata(method data for {method} {0x00000188933c4898} 'checkReceiver' '(Ljava/lang/Object;)V' in 'jdk/internal/reflect/DirectMethodHandleAccessor')}
  0x00000188802d7db8: 0001 48be | 90ed 36d4 | 8801 0000 | 8bbe cc00 | 0000 83c7 | 0289 becc | 0000 0081 | e7fe ff1f 
  0x00000188802d7dd8: 0085 ff0f | 846a 2200 | 008b 7214 | 48c1 e603 

  0x00000188802d7de8: ; implicit exception: dispatches to 0x00000188802da06c
  0x00000188802d7de8: 493b 0049 

  0x00000188802d7dec: ;   {metadata(method data for {method} {0x00000188933c4898} 'checkReceiver' '(Ljava/lang/Object;)V' in 'jdk/internal/reflect/DirectMethodHandleAccessor')}
  0x00000188802d7dec: 8bf8 48bb | 90ed 36d4 | 8801 0000 | 4883 8310 | 0100 0001 | 418b 7808 | 49ba 0000 | 0093 8801 
  0x00000188802d7e0c: 0000 4903 | fa48 8b7f | 7048 8b3f 

  0x00000188802d7e18: ; implicit exception: dispatches to 0x00000188802da071
  0x00000188802d7e18: 483b 0648 

  0x00000188802d7e1c: ;   {metadata(method data for {method} {0x00000188933c4898} 'checkReceiver' '(Ljava/lang/Object;)V' in 'jdk/internal/reflect/DirectMethodHandleAccessor')}
  0x00000188802d7e1c: 8bde 48b8 | 90ed 36d4 | 8801 0000 | 4883 8048 | 0100 0001 | 4c8b c748 

  0x00000188802d7e34: ;   {optimized virtual_call}
  0x00000188802d7e34: 8bd6 90e8 

  0x00000188802d7e38: ; ImmutableOopMap {[176]=Oop [184]=Oop [192]=Oop }
                      ;*invokevirtual isAssignableFrom {reexecute=0 rethrow=0 return_oop=0}
                      ; - jdk.internal.reflect.DirectMethodHandleAccessor::checkReceiver@8
                      ; - jdk.internal.reflect.DirectMethodHandleAccessor::invoke@9
  0x00000188802d7e38: 04d3 9207 

  0x00000188802d7e3c: ;   {other}
  0x00000188802d7e3c: 0f1f 8400 | ac06 0000 

  0x00000188802d7e44: ;   {metadata(method data for {method} {0x00000188933c4898} 'checkReceiver' '(Ljava/lang/Object;)V' in 'jdk/internal/reflect/DirectMethodHandleAccessor')}
  0x00000188802d7e44: 85c0 48ba | 90ed 36d4 | 8801 0000 | 49c7 c090 | 0100 0074 | 0749 c7c0 | 8001 0000 | 4a8b 3402 
  0x00000188802d7e64: 488d 7601 | 4a89 3402 | 0f84 2f20 | 0000 488b | 9424 b000 | 0000 448b 

  0x00000188802d7e7c: ;   {metadata(method data for {method} {0x000001889319def0} 'invoke' '(Ljava/lang/Object;[Ljava/lang/Object;)Ljava/lang/Object;' in 'jdk/internal/reflect/DirectMethodHandleAccessor')}
  0x00000188802d7e7c: 420c 48be | 58ea 36d4 | 8801 0000 | 4883 86a0 | 0100 0001 | 498b d04c | 8b84 24b8 | 0000 000f 
  0x00000188802d7e9c: ;   {static_call}
  0x00000188802d7e9c: 1f40 00e8 

  0x00000188802d7ea0: ; ImmutableOopMap {[176]=Oop [184]=Oop [192]=Oop }
                      ;*invokestatic checkArgumentCount {reexecute=0 rethrow=0 return_oop=0}
                      ; - jdk.internal.reflect.DirectMethodHandleAccessor::invoke@17
  0x00000188802d7ea0: 5c59 ffff 

  0x00000188802d7ea4: ;   {other}
  0x00000188802d7ea4: 0f1f 8400 | 1407 0001 | 488b 9424 | b000 0000 

  0x00000188802d7eb4: ;   {metadata(method data for {method} {0x000001889319def0} 'invoke' '(Ljava/lang/Object;[Ljava/lang/Object;)Ljava/lang/Object;' in 'jdk/internal/reflect/DirectMethodHandleAccessor')}
  0x00000188802d7eb4: 4c8b c249 | b958 ea36 | d488 0100 | 0049 8381 | b001 0000 

  0x00000188802d7ec8: ;   {metadata(method data for {method} {0x00000188933c46e0} 'invokeImpl' '(Ljava/lang/Object;[Ljava/lang/Object;)Ljava/lang/Object;' in 'jdk/internal/reflect/DirectMethodHandleAccessor')}
  0x00000188802d7ec8: 0149 b888 | ef36 d488 | 0100 0045 | 8b88 cc00 | 0000 4183 | c102 4589 | 88cc 0000 | 0041 81e1 
  0x00000188802d7ee8: feff 1f00 | 4585 c90f | 8481 2100 | 0044 8b42 

  0x00000188802d7ef8: ;   {metadata(method data for {method} {0x00000188933c46e0} 'invokeImpl' '(Ljava/lang/Object;[Ljava/lang/Object;)Ljava/lang/Object;' in 'jdk/internal/reflect/DirectMethodHandleAccessor')}
  0x00000188802d7ef8: 0c49 b988 | ef36 d488 | 0100 0048 | c7c7 1801 | 0000 4585 | c048 8bf7 | 48c7 c728 | 0100 0048 
  0x00000188802d7f18: 0f45 fe41 | 83f8 0148 | 8bf7 48c7 | c738 0100 | 0048 0f45 | fe41 83f8 | 0248 8bf7 | 48c7 c748 
  0x00000188802d7f38: 0100 0048 | 0f45 fe41 | 83f8 0348 | 8bf7 48c7 | c758 0100 | 0048 0f45 | fe49 8b34 | 3949 c7c2 
  0x00000188802d7f58: 0100 0000 | 4903 f249 | 8934 3945 | 85c0 0f84 | 2616 0000 | 4183 f801 | 0f84 b40f | 0000 4183 
  0x00000188802d7f78: f802 0f84 | 0a09 0000 | 4183 f803 | 0f84 1802 | 0000 4c8b | 8c24 b800 | 0000 4c8b | 8424 c000 
  0x00000188802d7f98: 0000 8b72 | 1848 c1e6 | 030f 1f80 | 0000 0000 

  0x00000188802d7fa8: ;   {oop(a 'java/lang/invoke/MethodType'{0x00000007402476a0} = (Ljava/lang/Object;[Ljava/lang/Object;)Ljava/lang/Object;)}
  0x00000188802d7fa8: 48bf a076 | 2440 0700 | 0000 483b 

  0x00000188802d7fb4: ;   {metadata(method data for {method} {0x00000188933c46e0} 'invokeImpl' '(Ljava/lang/Object;[Ljava/lang/Object;)Ljava/lang/Object;' in 'jdk/internal/reflect/DirectMethodHandleAccessor')}
  0x00000188802d7fb4: 0648 bb88 | ef36 d488 | 0100 0048 | 8d9b 9803 | 0000 4d85 | c075 0ef6 | 4308 0175 | 50f0 4883 
  0x00000188802d7fd4: 4b08 01eb | 4841 8b40 | 0849 ba00 | 0000 9388 | 0100 0049 | 03c2 4c8b | d048 3343 | 0848 a9fc 
  0x00000188802d7ff4: ffff ff74 | 28a8 0275 | 2448 f743 | 08fe ffff | ff74 1649 | 8bc2 4833 | 4308 48a9 | fcff ffff 
  0x00000188802d8014: 740b 4883 | 4b08 02eb | 0448 8943 | 084d 85c9 | 750e f643 | 1801 7550 | f048 834b | 1801 eb48 
  0x00000188802d8034: 418b 4108 | 49ba 0000 | 0093 8801 | 0000 4903 | c24c 8bd0 | 4833 4318 | 48a9 fcff | ffff 7428 
  0x00000188802d8054: a802 7524 | 48f7 4318 | feff ffff | 7416 498b | c248 3343 | 1848 a9fc | ffff ff74 | 0b48 834b 
  0x00000188802d8074: 1802 eb04 | 4889 4318 

  0x00000188802d807c: ;   {metadata(method data for {method} {0x00000188933c46e0} 'invokeImpl' '(Ljava/lang/Object;[Ljava/lang/Object;)Ljava/lang/Object;' in 'jdk/internal/reflect/DirectMethodHandleAccessor')}
  0x00000188802d807c: 488b de48 | b888 ef36 | d488 0100 | 008b 5b08 | 49ba 0000 | 0093 8801 | 0000 4903 | da48 3b98 
  0x00000188802d809c: 7003 0000 | 750d 4883 | 8078 0300 | 0001 e960 | 0000 0048 | 3b98 8003 | 0000 750d | 4883 8088 
  0x00000188802d80bc: 0300 0001 | e94a 0000 | 0048 83b8 | 7003 0000 | 0075 1748 | 8998 7003 | 0000 48c7 | 8078 0300 
  0x00000188802d80dc: 0001 0000 | 00e9 2900 | 0000 4883 | b880 0300 | 0000 7517 | 4889 9880 | 0300 0048 | c780 8803 
  0x00000188802d80fc: 0000 0100 | 0000 e908 | 0000 0048 | 8380 6003 | 0000 0148 | 8bd6 0f1f 

  0x00000188802d8114: ;   {optimized virtual_call}
  0x00000188802d8114: 4400 00e8 

  0x00000188802d8118: ; ImmutableOopMap {[176]=Oop }
                      ;*invokevirtual invokeExact {reexecute=0 rethrow=0 return_oop=0}
                      ; - jdk.internal.reflect.DirectMethodHandleAccessor::invokeImpl@104
                      ; - jdk.internal.reflect.DirectMethodHandleAccessor::invoke@23
  0x00000188802d8118: 4124 0000 

  0x00000188802d811c: ;   {other}
  0x00000188802d811c: 0f1f 8400 | 8c09 0002 

  0x00000188802d8124: ;   {metadata(method data for {method} {0x00000188933c46e0} 'invokeImpl' '(Ljava/lang/Object;[Ljava/lang/Object;)Ljava/lang/Object;' in 'jdk/internal/reflect/DirectMethodHandleAccessor')}
  0x00000188802d8124: 48ba 88ef | 36d4 8801 | 0000 488d | 92b8 0300 | 0048 85c0 | 750c f602 | 0175 4df0 | 4883 0a01 
  0x00000188802d8144: eb46 8b70 | 0849 ba00 | 0000 9388 | 0100 0049 | 03f2 4c8b | d648 3332 | 48f7 c6fc | ffff ff74 
  0x00000188802d8164: 2740 f6c6 | 0275 2148 | f702 feff | ffff 7415 | 498b f248 | 3332 48f7 | c6fc ffff | ff74 0948 
  0x00000188802d8184: 830a 02eb | 0348 8932 | 4881 c460 | 0100 005d 

  0x00000188802d8194: ;   {poll_return}
  0x00000188802d8194: 493b a748 | 0400 000f | 8714 1f00 | 00c3 4c8b | 8c24 b800 | 0000 4c8b | 8424 c000 | 0000 8b72 
  0x00000188802d81b4: 1848 c1e6 | 0348 89b4 | 24d0 0000 | 0041 8379 | 0c00 0f86 | 091f 0000 | 418b 7910 | 48c1 e703 
  0x00000188802d81d4: 4889 bc24 | c800 0000 | 4183 790c | 010f 8600 | 1f00 0041 | 8b59 1448 | c1e3 0348 | 899c 24d8 
  0x00000188802d81f4: 0000 0041 | 8379 0c02 | 0f86 f71e | 0000 418b | 4118 48c1 | e003 4889 | 8424 e000 

  0x00000188802d8210: ;   {metadata(method data for {method} {0x00000188933c46e0} 'invokeImpl' '(Ljava/lang/Object;[Ljava/lang/Object;)Ljava/lang/Object;' in 'jdk/internal/reflect/DirectMethodHandleAccessor')}
  0x00000188802d8210: 0000 48b9 | 88ef 36d4 | 8801 0000 | 488d 8918 | 0300 004d | 85c0 750e | f641 0801 | 7554 f048 
  0x00000188802d8230: 8349 0801 | eb4c 458b | 4808 49ba | 0000 0093 | 8801 0000 | 4d03 ca4d | 8bd1 4c33 | 4908 49f7 
  0x00000188802d8250: c1fc ffff | ff74 2b41 | f6c1 0275 | 2548 f741 | 08fe ffff | ff74 174d | 8bca 4c33 | 4908 49f7 
  0x00000188802d8270: c1fc ffff | ff74 0b48 | 8349 0802 | eb04 4c89 

  0x00000188802d8280: ;   {metadata(method data for {method} {0x00000188d442b6b8} 'invokeExact_MT' '(Ljava/lang/Object;Ljava/lang/Object;Ljava/lang/Object;Ljava/lang/Object;Ljava/lang/Object;Ljava/lang/Object;)Ljava/lang/Object;' in 'java/lang/invoke/LambdaForm$MH+0x000001889400f400')}
  0x00000188802d8280: 4908 48b9 | 0028 5ed4 | 8801 0000 | 488d 89c8 | 0200 0048 | 85f6 750c | f601 0175 | 4ef0 4883 
  0x00000188802d82a0: 0901 eb47 | 448b 4e08 | 49ba 0000 | 0093 8801 | 0000 4d03 | ca4d 8bd1 | 4c33 0949 | f7c1 fcff 
  0x00000188802d82c0: ffff 7427 | 41f6 c102 | 7521 48f7 | 01fe ffff | ff74 154d | 8bca 4c33 | 0949 f7c1 | fcff ffff 
  0x00000188802d82e0: 7409 4883 | 0902 eb03 | 4c89 094d | 85c0 750e | f641 1001 | 7554 f048 | 8349 1001 | eb4c 458b 
  0x00000188802d8300: 4808 49ba | 0000 0093 | 8801 0000 | 4d03 ca4d | 8bd1 4c33 | 4910 49f7 | c1fc ffff | ff74 2b41 
  0x00000188802d8320: f6c1 0275 | 2548 f741 | 10fe ffff | ff74 174d | 8bca 4c33 | 4910 49f7 | c1fc ffff | ff74 0b48 
  0x00000188802d8340: 8349 1002 | eb04 4c89 

  0x00000188802d8348: ;   {metadata(method data for {method} {0x00000188933c46e0} 'invokeImpl' '(Ljava/lang/Object;[Ljava/lang/Object;)Ljava/lang/Object;' in 'jdk/internal/reflect/DirectMethodHandleAccessor')}
  0x00000188802d8348: 4910 48b9 | 88ef 36d4 | 8801 0000 | 4883 81e0 | 0200 0001 

  0x00000188802d835c: ;   {metadata(method data for {method} {0x00000188d442b6b8} 'invokeExact_MT' '(Ljava/lang/Object;Ljava/lang/Object;Ljava/lang/Object;Ljava/lang/Object;Ljava/lang/Object;Ljava/lang/Object;)Ljava/lang/Object;' in 'java/lang/invoke/LambdaForm$MH+0x000001889400f400')}
  0x00000188802d835c: 48b9 0028 | 5ed4 8801 | 0000 448b | 89cc 0000 | 0041 83c1 | 0244 8989 | cc00 0000 | 4181 e1fe 
  0x00000188802d837c: ff1f 0045 | 85c9 0f84 | 831d 0000 

  0x00000188802d8388: ;   {metadata(method data for {method} {0x00000188d442b6b8} 'invokeExact_MT' '(Ljava/lang/Object;Ljava/lang/Object;Ljava/lang/Object;Ljava/lang/Object;Ljava/lang/Object;Ljava/lang/Object;)Ljava/lang/Object;' in 'java/lang/invoke/LambdaForm$MH+0x000001889400f400')}
  0x00000188802d8388: 48b9 0028 | 5ed4 8801 | 0000 488d | 8990 0100 | 0048 85f6 | 750e f641 | 0801 7554 | f048 8349 
  0x00000188802d83a8: 0801 eb4c | 448b 4e08 | 49ba 0000 | 0093 8801 | 0000 4d03 | ca4d 8bd1 | 4c33 4908 | 49f7 c1fc 
  0x00000188802d83c8: ffff ff74 | 2b41 f6c1 | 0275 2548 | f741 08fe | ffff ff74 | 174d 8bca | 4c33 4908 | 49f7 c1fc 
  0x00000188802d83e8: ffff ff74 | 0b48 8349 | 0802 eb04 | 4c89 4908 

  0x00000188802d83f8: ;   {oop(a 'java/lang/invoke/MethodType'{0x0000000740247768} = (Ljava/lang/Object;Ljava/lang/Object;Ljava/lang/Object;Ljava/lang/Object;)Ljava/lang/Object;)}
  0x00000188802d83f8: 49b9 6877 | 2440 0700 | 0000 4d85 | c975 0cf6 | 4118 0175 | 06f0 4883 

  0x00000188802d8410: ;   {metadata(method data for {method} {0x00000188d442b6b8} 'invokeExact_MT' '(Ljava/lang/Object;Ljava/lang/Object;Ljava/lang/Object;Ljava/lang/Object;Ljava/lang/Object;Ljava/lang/Object;)Ljava/lang/Object;' in 'java/lang/invoke/LambdaForm$MH+0x000001889400f400')}
  0x00000188802d8410: 4918 0148 | b900 285e | d488 0100 | 0048 8381 | 8001 0000 

  0x00000188802d8424: ;   {metadata(method data for {method} {0x00000188933d94e0} 'checkExactType' '(Ljava/lang/invoke/MethodHandle;Ljava/lang/invoke/MethodType;)V' in 'java/lang/invoke/Invokers')}
  0x00000188802d8424: 0148 b980 | 662a d488 | 0100 0044 | 8b99 cc00 | 0000 4183 | c302 4489 | 99cc 0000 | 0041 81e3 
  0x00000188802d8444: feff 1f00 | 4585 db0f | 84db 1c00 | 0048 3b06 

  0x00000188802d8454: ;   {metadata(method data for {method} {0x00000188933d94e0} 'checkExactType' '(Ljava/lang/invoke/MethodHandle;Ljava/lang/invoke/MethodType;)V' in 'java/lang/invoke/Invokers')}
  0x00000188802d8454: 488b ce49 | bb80 662a | d488 0100 | 008b 4908 | 49ba 0000 | 0093 8801 | 0000 4903 | ca49 3b8b 
  0x00000188802d8474: 2001 0000 | 750d 4983 | 8328 0100 | 0001 e960 | 0000 0049 | 3b8b 3001 | 0000 750d | 4983 8338 
  0x00000188802d8494: 0100 0001 | e94a 0000 | 0049 83bb | 2001 0000 | 0075 1749 | 898b 2001 | 0000 49c7 | 8328 0100 
  0x00000188802d84b4: 0001 0000 | 00e9 2900 | 0000 4983 | bb30 0100 | 0000 7517 | 4989 8b30 | 0100 0049 | c783 3801 
  0x00000188802d84d4: 0000 0100 | 0000 e908 | 0000 0049 | 8383 1001 | 0000 018b | 4e10 48c1 | e103 493b 

  0x00000188802d84f0: ;   {metadata(method data for {method} {0x00000188933d94e0} 'checkExactType' '(Ljava/lang/invoke/MethodHandle;Ljava/lang/invoke/MethodType;)V' in 'java/lang/invoke/Invokers')}
  0x00000188802d84f0: c949 b980 | 662a d488 | 0100 0049 | c7c3 5801 | 0000 7507 | 49c7 c348 | 0100 004f | 8b2c 194d 
  0x00000188802d8510: 8d6d 014f | 892c 190f | 8522 1500 

  0x00000188802d851c: ;   {metadata(method data for {method} {0x00000188d442b6b8} 'invokeExact_MT' '(Ljava/lang/Object;Ljava/lang/Object;Ljava/lang/Object;Ljava/lang/Object;Ljava/lang/Object;Ljava/lang/Object;)Ljava/lang/Object;' in 'java/lang/invoke/LambdaForm$MH+0x000001889400f400')}
  0x00000188802d851c: 0048 b900 | 285e d488 | 0100 0048 | 8d89 c801 | 0000 448b | 4e08 49ba | 0000 0093 | 8801 0000 
  0x00000188802d853c: 4d03 ca4d | 8bd1 4c33 | 4908 49f7 | c1fc ffff | ff74 2b41 | f6c1 0275 | 2548 f741 | 08fe ffff 
  0x00000188802d855c: ff74 174d | 8bca 4c33 | 4908 49f7 | c1fc ffff | ff74 0b48 | 8349 0802 | eb04 4c89 

  0x00000188802d8578: ;   {metadata(method data for {method} {0x00000188d442b6b8} 'invokeExact_MT' '(Ljava/lang/Object;Ljava/lang/Object;Ljava/lang/Object;Ljava/lang/Object;Ljava/lang/Object;Ljava/lang/Object;)Ljava/lang/Object;' in 'java/lang/invoke/LambdaForm$MH+0x000001889400f400')}
  0x00000188802d8578: 4908 48b9 | 0028 5ed4 | 8801 0000 | 4883 81b8 | 0100 0001 

  0x00000188802d858c: ;   {metadata(method data for {method} {0x00000188933d93d8} 'checkCustomized' '(Ljava/lang/invoke/MethodHandle;)V' in 'java/lang/invoke/Invokers')}
  0x00000188802d858c: 48b9 4068 | 2ad4 8801 | 0000 448b | 89cc 0000 | 0041 83c1 | 0244 8989 | cc00 0000 | 4181 e1fe 
  0x00000188802d85ac: ff1f 0045 | 85c9 0f84 | 9a1b 0000 

  0x00000188802d85b8: ;   {metadata(method data for {method} {0x00000188933d93d8} 'checkCustomized' '(Ljava/lang/invoke/MethodHandle;)V' in 'java/lang/invoke/Invokers')}
  0x00000188802d85b8: 48b9 4068 | 2ad4 8801 | 0000 4883 | 8110 0100 

  0x00000188802d85c8: ;   {metadata(method data for {method} {0x0000018893095ff0} 'isCompileConstant' '(Ljava/lang/Object;)Z' in 'java/lang/invoke/MethodHandleImpl')}
  0x00000188802d85c8: 0001 48b9 | d06b 2ad4 | 8801 0000 | 448b 89cc | 0000 0041 | 83c1 0244 | 8989 cc00 | 0000 4181 
  0x00000188802d85e8: e1fe ff1f | 0045 85c9 | 0f84 7d1b 

  0x00000188802d85f4: ;   {metadata(method data for {method} {0x00000188933d93d8} 'checkCustomized' '(Ljava/lang/invoke/MethodHandle;)V' in 'java/lang/invoke/Invokers')}
  0x00000188802d85f4: 0000 48b9 | 4068 2ad4 | 8801 0000 | ff81 2001 | 0000 8b4e | 1448 c1e1 | 038b 491c | 48c1 e103 
  0x00000188802d8614: ;   {metadata(method data for {method} {0x00000188933d93d8} 'checkCustomized' '(Ljava/lang/invoke/MethodHandle;)V' in 'java/lang/invoke/Invokers')}
  0x00000188802d8614: 4885 c948 | b940 682a | d488 0100 | 0049 c7c1 | 4001 0000 | 7507 49c7 | c150 0100 | 004e 8b1c 
  0x00000188802d8634: 094d 8d5b | 014e 891c | 090f 8529 

  0x00000188802d8640: ;   {metadata(method data for {method} {0x00000188933d93d8} 'checkCustomized' '(Ljava/lang/invoke/MethodHandle;)V' in 'java/lang/invoke/Invokers')}
  0x00000188802d8640: 0000 0048 | b940 682a | d488 0100 | 0048 8381 | 6001 0000 | 0148 8bd6 | 0f1f 8000 

  0x00000188802d865c: ;   {static_call}
  0x00000188802d865c: 0000 00e8 

  0x00000188802d8660: ; ImmutableOopMap {[176]=Oop [192]=Oop [200]=Oop [208]=Oop [216]=Oop [224]=Oop }
                      ;*invokestatic maybeCustomize {reexecute=0 rethrow=0 return_oop=0}
                      ; - java.lang.invoke.Invokers::checkCustomized@19
                      ; - java.lang.invoke.LambdaForm$MH/0x000001889400f400::invokeExact_MT@15
                      ; - jdk.internal.reflect.DirectMethodHandleAccessor::invokeImpl@92
                      ; - jdk.internal.reflect.DirectMethodHandleAccessor::invoke@23
  0x00000188802d8660: 5c92 4601 

  0x00000188802d8664: ;   {other}
  0x00000188802d8664: 0f1f 8400 | d40e 0003 | 488b bc24 | c800 0000 | 4c8b 8424 | c000 0000 

  0x00000188802d867c: ;   {metadata(method data for {method} {0x00000188d442b6b8} 'invokeExact_MT' '(Ljava/lang/Object;Ljava/lang/Object;Ljava/lang/Object;Ljava/lang/Object;Ljava/lang/Object;Ljava/lang/Object;)Ljava/lang/Object;' in 'java/lang/invoke/LambdaForm$MH+0x000001889400f400')}
  0x00000188802d867c: 49b9 0028 | 5ed4 8801 | 0000 4d8d | 8918 0200 | 004d 85c0 | 750f 41f6 | 4108 0175 | 54f0 4983 
  0x00000188802d869c: 4908 01eb | 4c41 8b70 | 0849 ba00 | 0000 9388 | 0100 0049 | 03f2 4c8b | d649 3371 | 0848 f7c6 
  0x00000188802d86bc: fcff ffff | 742b 40f6 | c602 7525 | 49f7 4108 | feff ffff | 7417 498b | f249 3371 | 0848 f7c6 
  0x00000188802d86dc: fcff ffff | 740b 4983 | 4908 02eb | 0449 8971 | 0848 85ff | 750f 41f6 | 4118 0175 | 53f0 4983 
  0x00000188802d86fc: 4918 01eb | 4b8b 7708 | 49ba 0000 | 0093 8801 | 0000 4903 | f24c 8bd6 | 4933 7118 | 48f7 c6fc 
  0x00000188802d871c: ffff ff74 | 2b40 f6c6 | 0275 2549 | f741 18fe | ffff ff74 | 1749 8bf2 | 4933 7118 | 48f7 c6fc 
  0x00000188802d873c: ffff ff74 | 0b49 8349 | 1802 eb04 | 4989 7118 | 488b b424 | d000 0000 

  0x00000188802d8754: ;   {metadata(method data for {method} {0x00000188d442b6b8} 'invokeExact_MT' '(Ljava/lang/Object;Ljava/lang/Object;Ljava/lang/Object;Ljava/lang/Object;Ljava/lang/Object;Ljava/lang/Object;)Ljava/lang/Object;' in 'java/lang/invoke/LambdaForm$MH+0x000001889400f400')}
  0x00000188802d8754: 49b9 0028 | 5ed4 8801 | 0000 4983 | 81e0 0100 | 0001 4c8b | cf48 8bbc | 24d8 0000 | 0048 8bb4 
  0x00000188802d8774: 24e0 0000 | 0048 8b94 | 24d0 0000 | 0066 0f1f 

  0x00000188802d8784: ;   {optimized virtual_call}
  0x00000188802d8784: 4400 00e8 

  0x00000188802d8788: ; ImmutableOopMap {[176]=Oop }
                      ;*invokevirtual invokeBasic {reexecute=0 rethrow=0 return_oop=0}
                      ; - java.lang.invoke.LambdaForm$MH/0x000001889400f400::invokeExact_MT@24
                      ; - jdk.internal.reflect.DirectMethodHandleAccessor::invokeImpl@92
                      ; - jdk.internal.reflect.DirectMethodHandleAccessor::invoke@23
  0x00000188802d8788: 7400 9307 

  0x00000188802d878c: ;   {other}
  0x00000188802d878c: 0f1f 8400 | fc0f 0004 

  0x00000188802d8794: ;   {metadata(method data for {method} {0x00000188d442b6b8} 'invokeExact_MT' '(Ljava/lang/Object;Ljava/lang/Object;Ljava/lang/Object;Ljava/lang/Object;Ljava/lang/Object;Ljava/lang/Object;)Ljava/lang/Object;' in 'java/lang/invoke/LambdaForm$MH+0x000001889400f400')}
  0x00000188802d8794: 48ba 0028 | 5ed4 8801 | 0000 488d | 9238 0200 | 0048 85c0 | 750c f602 | 0175 4df0 | 4883 0a01 
  0x00000188802d87b4: eb46 8b70 | 0849 ba00 | 0000 9388 | 0100 0049 | 03f2 4c8b | d648 3332 | 48f7 c6fc | ffff ff74 
  0x00000188802d87d4: 2740 f6c6 | 0275 2148 | f702 feff | ffff 7415 | 498b f248 | 3332 48f7 | c6fc ffff | ff74 0948 
  0x00000188802d87f4: 830a 02eb | 0348 8932 

  0x00000188802d87fc: ;   {metadata(method data for {method} {0x00000188933c46e0} 'invokeImpl' '(Ljava/lang/Object;[Ljava/lang/Object;)Ljava/lang/Object;' in 'jdk/internal/reflect/DirectMethodHandleAccessor')}
  0x00000188802d87fc: 48ba 88ef | 36d4 8801 | 0000 488d | 9238 0300 | 0048 85c0 | 750c f602 | 0175 4df0 | 4883 0a01 
  0x00000188802d881c: eb46 8b70 | 0849 ba00 | 0000 9388 | 0100 0049 | 03f2 4c8b | d648 3332 | 48f7 c6fc | ffff ff74 
  0x00000188802d883c: 2740 f6c6 | 0275 2148 | f702 feff | ffff 7415 | 498b f248 | 3332 48f7 | c6fc ffff | ff74 0948 
  0x00000188802d885c: 830a 02eb | 0348 8932 

  0x00000188802d8864: ;   {metadata(method data for {method} {0x00000188933c46e0} 'invokeImpl' '(Ljava/lang/Object;[Ljava/lang/Object;)Ljava/lang/Object;' in 'jdk/internal/reflect/DirectMethodHandleAccessor')}
  0x00000188802d8864: 48ba 88ef | 36d4 8801 | 0000 ff82 | 4803 0000 | 4881 c460 | 0100 005d 

  0x00000188802d887c: ;   {poll_return}
  0x00000188802d887c: 493b a748 | 0400 000f | 8710 1900 | 00c3 4c8b | 8c24 b800 | 0000 4c8b | 8424 c000 | 0000 8b72 
  0x00000188802d889c: 1848 c1e6 | 0348 89b4 | 24f0 0000 | 0041 8379 | 0c00 0f86 | 0519 0000 | 418b 7910 | 48c1 e703 
  0x00000188802d88bc: 4889 bc24 | e800 0000 | 4183 790c | 010f 86fc | 1800 0041 | 8b59 1448 | c1e3 0348 | 899c 24f8 
  0x00000188802d88dc: ;   {metadata(method data for {method} {0x00000188933c46e0} 'invokeImpl' '(Ljava/lang/Object;[Ljava/lang/Object;)Ljava/lang/Object;' in 'jdk/internal/reflect/DirectMethodHandleAccessor')}
  0x00000188802d88dc: 0000 0048 | b888 ef36 | d488 0100 | 0048 8d80 | 9802 0000 | 4d85 c075 | 0ef6 4008 | 0175 53f0 
  0x00000188802d88fc: 4883 4808 | 01eb 4b41 | 8b48 0849 | ba00 0000 | 9388 0100 | 0049 03ca | 4c8b d148 | 3348 0848 
  0x00000188802d891c: f7c1 fcff | ffff 742a | f6c1 0275 | 2548 f740 | 08fe ffff | ff74 1749 | 8bca 4833 | 4808 48f7 
  0x00000188802d893c: c1fc ffff | ff74 0b48 | 8348 0802 | eb04 4889 

  0x00000188802d894c: ;   {metadata(method data for {method} {0x00000188d4455ab8} 'invokeExact_MT' '(Ljava/lang/Object;Ljava/lang/Object;Ljava/lang/Object;Ljava/lang/Object;Ljava/lang/Object;)Ljava/lang/Object;' in 'java/lang/invoke/LambdaForm$MH+0x000001889401cc00')}
  0x00000188802d894c: 4808 48b8 | 185d 45d4 | 8801 0000 | 488d 80c0 | 0200 0048 | 85f6 750c | f600 0175 | 4cf0 4883 
  0x00000188802d896c: 0801 eb45 | 8b4e 0849 | ba00 0000 | 9388 0100 | 0049 03ca | 4c8b d148 | 3308 48f7 | c1fc ffff 
  0x00000188802d898c: ff74 26f6 | c102 7521 | 48f7 00fe | ffff ff74 | 1549 8bca | 4833 0848 | f7c1 fcff | ffff 7409 
  0x00000188802d89ac: 4883 0802 | eb03 4889 | 084d 85c0 | 750e f640 | 1001 7553 | f048 8348 | 1001 eb4b | 418b 4808 
  0x00000188802d89cc: 49ba 0000 | 0093 8801 | 0000 4903 | ca4c 8bd1 | 4833 4810 | 48f7 c1fc | ffff ff74 | 2af6 c102 
  0x00000188802d89ec: 7525 48f7 | 4010 feff | ffff 7417 | 498b ca48 | 3348 1048 | f7c1 fcff | ffff 740b | 4883 4810 
  0x00000188802d8a0c: 02eb 0448 

  0x00000188802d8a10: ;   {metadata(method data for {method} {0x00000188933c46e0} 'invokeImpl' '(Ljava/lang/Object;[Ljava/lang/Object;)Ljava/lang/Object;' in 'jdk/internal/reflect/DirectMethodHandleAccessor')}
  0x00000188802d8a10: 8948 1048 | b888 ef36 | d488 0100 | 0048 8380 | 6002 0000 

  0x00000188802d8a24: ;   {metadata(method data for {method} {0x00000188d4455ab8} 'invokeExact_MT' '(Ljava/lang/Object;Ljava/lang/Object;Ljava/lang/Object;Ljava/lang/Object;Ljava/lang/Object;)Ljava/lang/Object;' in 'java/lang/invoke/LambdaForm$MH+0x000001889401cc00')}
  0x00000188802d8a24: 0148 b818 | 5d45 d488 | 0100 008b | 88cc 0000 | 0083 c102 | 8988 cc00 | 0000 81e1 | feff 1f00 
  0x00000188802d8a44: 85c9 0f84 | 9117 0000 

  0x00000188802d8a4c: ;   {metadata(method data for {method} {0x00000188d4455ab8} 'invokeExact_MT' '(Ljava/lang/Object;Ljava/lang/Object;Ljava/lang/Object;Ljava/lang/Object;Ljava/lang/Object;)Ljava/lang/Object;' in 'java/lang/invoke/LambdaForm$MH+0x000001889401cc00')}
  0x00000188802d8a4c: 48b8 185d | 45d4 8801 | 0000 488d | 8090 0100 | 0048 85f6 | 750e f640 | 0801 7552 | f048 8348 
  0x00000188802d8a6c: 0801 eb4a | 8b4e 0849 | ba00 0000 | 9388 0100 | 0049 03ca | 4c8b d148 | 3348 0848 | f7c1 fcff 
  0x00000188802d8a8c: ffff 742a | f6c1 0275 | 2548 f740 | 08fe ffff | ff74 1749 | 8bca 4833 | 4808 48f7 | c1fc ffff 
  0x00000188802d8aac: ff74 0b48 | 8348 0802 | eb04 4889 

  0x00000188802d8ab8: ;   {oop(a 'java/lang/invoke/MethodType'{0x0000000740232220} = (Ljava/lang/Object;Ljava/lang/Object;Ljava/lang/Object;)Ljava/lang/Object;)}
  0x00000188802d8ab8: 4808 48b9 | 2022 2340 | 0700 0000 | 4885 c975 | 0cf6 4018 | 0175 06f0 | 4883 4818 

  0x00000188802d8ad4: ;   {metadata(method data for {method} {0x00000188d4455ab8} 'invokeExact_MT' '(Ljava/lang/Object;Ljava/lang/Object;Ljava/lang/Object;Ljava/lang/Object;Ljava/lang/Object;)Ljava/lang/Object;' in 'java/lang/invoke/LambdaForm$MH+0x000001889401cc00')}
  0x00000188802d8ad4: 0148 b818 | 5d45 d488 | 0100 0048 | 8380 8001 

  0x00000188802d8ae4: ;   {metadata(method data for {method} {0x00000188933d94e0} 'checkExactType' '(Ljava/lang/invoke/MethodHandle;Ljava/lang/invoke/MethodType;)V' in 'java/lang/invoke/Invokers')}
  0x00000188802d8ae4: 0000 0148 | b880 662a | d488 0100 | 0044 8b88 | cc00 0000 | 4183 c102 | 4489 88cc | 0000 0041 
  0x00000188802d8b04: 81e1 feff | 1f00 4585 | c90f 84eb | 1600 0048 | 3b06 488b 

  0x00000188802d8b18: ;   {metadata(method data for {method} {0x00000188933d94e0} 'checkExactType' '(Ljava/lang/invoke/MethodHandle;Ljava/lang/invoke/MethodType;)V' in 'java/lang/invoke/Invokers')}
  0x00000188802d8b18: c649 b980 | 662a d488 | 0100 008b | 4008 49ba | 0000 0093 | 8801 0000 | 4903 c249 | 3b81 2001 
  0x00000188802d8b38: 0000 750d | 4983 8128 | 0100 0001 | e960 0000 | 0049 3b81 | 3001 0000 | 750d 4983 | 8138 0100 
  0x00000188802d8b58: 0001 e94a | 0000 0049 | 83b9 2001 | 0000 0075 | 1749 8981 | 2001 0000 | 49c7 8128 | 0100 0001 
  0x00000188802d8b78: 0000 00e9 | 2900 0000 | 4983 b930 | 0100 0000 | 7517 4989 | 8130 0100 | 0049 c781 | 3801 0000 
  0x00000188802d8b98: 0100 0000 | e908 0000 | 0049 8381 | 1001 0000 | 018b 4610 | 48c1 e003 

  0x00000188802d8bb0: ;   {metadata(method data for {method} {0x00000188933d94e0} 'checkExactType' '(Ljava/lang/invoke/MethodHandle;Ljava/lang/invoke/MethodType;)V' in 'java/lang/invoke/Invokers')}
  0x00000188802d8bb0: 483b c148 | b980 662a | d488 0100 | 0049 c7c1 | 5801 0000 | 7507 49c7 | c148 0100 | 004e 8b1c 
  0x00000188802d8bd0: 094d 8d5b | 014e 891c | 090f 8520 

  0x00000188802d8bdc: ;   {metadata(method data for {method} {0x00000188d4455ab8} 'invokeExact_MT' '(Ljava/lang/Object;Ljava/lang/Object;Ljava/lang/Object;Ljava/lang/Object;Ljava/lang/Object;)Ljava/lang/Object;' in 'java/lang/invoke/LambdaForm$MH+0x000001889401cc00')}
  0x00000188802d8bdc: 0e00 0048 | b818 5d45 | d488 0100 | 0048 8d80 | c801 0000 | 8b4e 0849 | ba00 0000 | 9388 0100 
  0x00000188802d8bfc: 0049 03ca | 4c8b d148 | 3348 0848 | f7c1 fcff | ffff 742a | f6c1 0275 | 2548 f740 | 08fe ffff 
  0x00000188802d8c1c: ff74 1749 | 8bca 4833 | 4808 48f7 | c1fc ffff | ff74 0b48 | 8348 0802 | eb04 4889 

  0x00000188802d8c38: ;   {metadata(method data for {method} {0x00000188d4455ab8} 'invokeExact_MT' '(Ljava/lang/Object;Ljava/lang/Object;Ljava/lang/Object;Ljava/lang/Object;Ljava/lang/Object;)Ljava/lang/Object;' in 'java/lang/invoke/LambdaForm$MH+0x000001889401cc00')}
  0x00000188802d8c38: 4808 48b8 | 185d 45d4 | 8801 0000 | 4883 80b8 | 0100 0001 

  0x00000188802d8c4c: ;   {metadata(method data for {method} {0x00000188933d93d8} 'checkCustomized' '(Ljava/lang/invoke/MethodHandle;)V' in 'java/lang/invoke/Invokers')}
  0x00000188802d8c4c: 48b8 4068 | 2ad4 8801 | 0000 8b88 | cc00 0000 | 83c1 0289 | 88cc 0000 | 0081 e1fe | ff1f 0085 
  0x00000188802d8c6c: c90f 84b1 

  0x00000188802d8c70: ;   {metadata(method data for {method} {0x00000188933d93d8} 'checkCustomized' '(Ljava/lang/invoke/MethodHandle;)V' in 'java/lang/invoke/Invokers')}
  0x00000188802d8c70: 1500 0048 | b840 682a | d488 0100 | 0048 8380 | 1001 0000 

  0x00000188802d8c84: ;   {metadata(method data for {method} {0x0000018893095ff0} 'isCompileConstant' '(Ljava/lang/Object;)Z' in 'java/lang/invoke/MethodHandleImpl')}
  0x00000188802d8c84: 0148 b8d0 | 6b2a d488 | 0100 008b | 88cc 0000 | 0083 c102 | 8988 cc00 | 0000 81e1 | feff 1f00 
  0x00000188802d8ca4: 85c9 0f84 | 9915 0000 

  0x00000188802d8cac: ;   {metadata(method data for {method} {0x00000188933d93d8} 'checkCustomized' '(Ljava/lang/invoke/MethodHandle;)V' in 'java/lang/invoke/Invokers')}
  0x00000188802d8cac: 48b8 4068 | 2ad4 8801 | 0000 ff80 | 2001 0000 | 8b46 1448 | c1e0 038b | 401c 48c1 | e003 4885 
  0x00000188802d8ccc: ;   {metadata(method data for {method} {0x00000188933d93d8} 'checkCustomized' '(Ljava/lang/invoke/MethodHandle;)V' in 'java/lang/invoke/Invokers')}
  0x00000188802d8ccc: c048 b840 | 682a d488 | 0100 0048 | c7c1 4001 | 0000 7507 | 48c7 c150 | 0100 004c | 8b0c 084d 
  0x00000188802d8cec: 8d49 014c | 890c 080f | 8523 0000 

  0x00000188802d8cf8: ;   {metadata(method data for {method} {0x00000188933d93d8} 'checkCustomized' '(Ljava/lang/invoke/MethodHandle;)V' in 'java/lang/invoke/Invokers')}
  0x00000188802d8cf8: 0048 b840 | 682a d488 | 0100 0048 | 8380 6001 | 0000 0148 

  0x00000188802d8d0c: ;   {static_call}
  0x00000188802d8d0c: 8bd6 90e8 

  0x00000188802d8d10: ; ImmutableOopMap {[176]=Oop [192]=Oop [232]=Oop [240]=Oop [248]=Oop }
                      ;*invokestatic maybeCustomize {reexecute=0 rethrow=0 return_oop=0}
                      ; - java.lang.invoke.Invokers::checkCustomized@19
                      ; - java.lang.invoke.LambdaForm$MH/0x000001889401cc00::invokeExact_MT@15
                      ; - jdk.internal.reflect.DirectMethodHandleAccessor::invokeImpl@72
                      ; - jdk.internal.reflect.DirectMethodHandleAccessor::invoke@23
  0x00000188802d8d10: ac8b 4601 

  0x00000188802d8d14: ;   {other}
  0x00000188802d8d14: 0f1f 8400 | 8415 0005 | 488b bc24 | e800 0000 | 4c8b 8424 | c000 0000 

  0x00000188802d8d2c: ;   {metadata(method data for {method} {0x00000188d4455ab8} 'invokeExact_MT' '(Ljava/lang/Object;Ljava/lang/Object;Ljava/lang/Object;Ljava/lang/Object;Ljava/lang/Object;)Ljava/lang/Object;' in 'java/lang/invoke/LambdaForm$MH+0x000001889401cc00')}
  0x00000188802d8d2c: 49b9 185d | 45d4 8801 | 0000 4d8d | 8918 0200 | 004d 85c0 | 750f 41f6 | 4108 0175 | 53f0 4983 
  0x00000188802d8d4c: 4908 01eb | 4b41 8b50 | 0849 ba00 | 0000 9388 | 0100 0049 | 03d2 4c8b | d249 3351 | 0848 f7c2 
  0x00000188802d8d6c: fcff ffff | 742a f6c2 | 0275 2549 | f741 08fe | ffff ff74 | 1749 8bd2 | 4933 5108 | 48f7 c2fc 
  0x00000188802d8d8c: ffff ff74 | 0b49 8349 | 0802 eb04 | 4989 5108 | 4885 ff75 | 0f41 f641 | 1801 7552 | f049 8349 
  0x00000188802d8dac: 1801 eb4a | 8b57 0849 | ba00 0000 | 9388 0100 | 0049 03d2 | 4c8b d249 | 3351 1848 | f7c2 fcff 
  0x00000188802d8dcc: ffff 742a | f6c2 0275 | 2549 f741 | 18fe ffff | ff74 1749 | 8bd2 4933 | 5118 48f7 | c2fc ffff 
  0x00000188802d8dec: ff74 0b49 | 8349 1802 | eb04 4989 | 5118 488b | b424 f000 

  0x00000188802d8e00: ;   {metadata(method data for {method} {0x00000188d4455ab8} 'invokeExact_MT' '(Ljava/lang/Object;Ljava/lang/Object;Ljava/lang/Object;Ljava/lang/Object;Ljava/lang/Object;)Ljava/lang/Object;' in 'java/lang/invoke/LambdaForm$MH+0x000001889401cc00')}
  0x00000188802d8e00: 0000 49b9 | 185d 45d4 | 8801 0000 | 4983 81e0 | 0100 0001 | 4c8b cf48 | 8bbc 24f8 | 0000 0048 
  0x00000188802d8e20: 8b94 24f0 

  0x00000188802d8e24: ;   {optimized virtual_call}
  0x00000188802d8e24: 0000 00e8 

  0x00000188802d8e28: ; ImmutableOopMap {[176]=Oop }
                      ;*invokevirtual invokeBasic {reexecute=0 rethrow=0 return_oop=0}
                      ; - java.lang.invoke.LambdaForm$MH/0x000001889401cc00::invokeExact_MT@22
                      ; - jdk.internal.reflect.DirectMethodHandleAccessor::invokeImpl@72
                      ; - jdk.internal.reflect.DirectMethodHandleAccessor::invoke@23
  0x00000188802d8e28: d4b9 9207 

  0x00000188802d8e2c: ;   {other}
  0x00000188802d8e2c: 0f1f 8400 | 9c16 0006 

  0x00000188802d8e34: ;   {metadata(method data for {method} {0x00000188d4455ab8} 'invokeExact_MT' '(Ljava/lang/Object;Ljava/lang/Object;Ljava/lang/Object;Ljava/lang/Object;Ljava/lang/Object;)Ljava/lang/Object;' in 'java/lang/invoke/LambdaForm$MH+0x000001889401cc00')}
  0x00000188802d8e34: 48ba 185d | 45d4 8801 | 0000 488d | 9238 0200 | 0048 85c0 | 750c f602 | 0175 4df0 | 4883 0a01 
  0x00000188802d8e54: eb46 8b70 | 0849 ba00 | 0000 9388 | 0100 0049 | 03f2 4c8b | d648 3332 | 48f7 c6fc | ffff ff74 
  0x00000188802d8e74: 2740 f6c6 | 0275 2148 | f702 feff | ffff 7415 | 498b f248 | 3332 48f7 | c6fc ffff | ff74 0948 
  0x00000188802d8e94: 830a 02eb | 0348 8932 

  0x00000188802d8e9c: ;   {metadata(method data for {method} {0x00000188933c46e0} 'invokeImpl' '(Ljava/lang/Object;[Ljava/lang/Object;)Ljava/lang/Object;' in 'jdk/internal/reflect/DirectMethodHandleAccessor')}
  0x00000188802d8e9c: 48ba 88ef | 36d4 8801 | 0000 488d | 92b8 0200 | 0048 85c0 | 750c f602 | 0175 4df0 | 4883 0a01 
  0x00000188802d8ebc: eb46 8b70 | 0849 ba00 | 0000 9388 | 0100 0049 | 03f2 4c8b | d648 3332 | 48f7 c6fc | ffff ff74 
  0x00000188802d8edc: 2740 f6c6 | 0275 2148 | f702 feff | ffff 7415 | 498b f248 | 3332 48f7 | c6fc ffff | ff74 0948 
  0x00000188802d8efc: 830a 02eb | 0348 8932 

  0x00000188802d8f04: ;   {metadata(method data for {method} {0x00000188933c46e0} 'invokeImpl' '(Ljava/lang/Object;[Ljava/lang/Object;)Ljava/lang/Object;' in 'jdk/internal/reflect/DirectMethodHandleAccessor')}
  0x00000188802d8f04: 48ba 88ef | 36d4 8801 | 0000 ff82 | c802 0000 | 4881 c460 | 0100 005d 

  0x00000188802d8f1c: ;   {poll_return}
  0x00000188802d8f1c: 493b a748 | 0400 000f | 8742 1300 | 00c3 4c8b | 8c24 b800 | 0000 4c8b | 8424 c000 | 0000 8b72 
  0x00000188802d8f3c: 1848 c1e6 | 0348 89b4 | 2408 0100 | 0041 8379 | 0c00 0f86 | 3713 0000 | 418b 7910 | 48c1 e703 
  0x00000188802d8f5c: 4889 bc24 | 0001 0000 

  0x00000188802d8f64: ;   {metadata(method data for {method} {0x00000188933c46e0} 'invokeImpl' '(Ljava/lang/Object;[Ljava/lang/Object;)Ljava/lang/Object;' in 'jdk/internal/reflect/DirectMethodHandleAccessor')}
  0x00000188802d8f64: 48bb 88ef | 36d4 8801 | 0000 488d | 9b18 0200 | 004d 85c0 | 750e f643 | 0801 7550 | f048 834b 
  0x00000188802d8f84: 0801 eb48 | 418b 4008 | 49ba 0000 | 0093 8801 | 0000 4903 | c24c 8bd0 | 4833 4308 | 48a9 fcff 
  0x00000188802d8fa4: ffff 7428 | a802 7524 | 48f7 4308 | feff ffff | 7416 498b | c248 3343 | 0848 a9fc | ffff ff74 
  0x00000188802d8fc4: 0b48 834b | 0802 eb04 | 4889 4308 

  0x00000188802d8fd0: ;   {metadata(method data for {method} {0x00000188930b0158} 'invokeExact_MT' '(Ljava/lang/Object;Ljava/lang/Object;Ljava/lang/Object;Ljava/lang/Object;)Ljava/lang/Object;' in 'java/lang/invoke/Invokers$Holder')}
  0x00000188802d8fd0: 48bb c026 | 32d4 8801 | 0000 488d | 9bb8 0200 | 0048 85f6 | 750c f603 | 0175 49f0 | 4883 0b01 
  0x00000188802d8ff0: eb42 8b46 | 0849 ba00 | 0000 9388 | 0100 0049 | 03c2 4c8b | d048 3303 | 48a9 fcff | ffff 7424 
  0x00000188802d9010: a802 7520 | 48f7 03fe | ffff ff74 | 1449 8bc2 | 4833 0348 | a9fc ffff | ff74 0948 | 830b 02eb 
  0x00000188802d9030: 0348 8903 | 4d85 c075 | 0ef6 4310 | 0175 50f0 | 4883 4b10 | 01eb 4841 | 8b40 0849 | ba00 0000 
  0x00000188802d9050: 9388 0100 | 0049 03c2 | 4c8b d048 | 3343 1048 | a9fc ffff | ff74 28a8 | 0275 2448 | f743 10fe 
  0x00000188802d9070: ffff ff74 | 1649 8bc2 | 4833 4310 | 48a9 fcff | ffff 740b | 4883 4b10 | 02eb 0448 

  0x00000188802d908c: ;   {metadata(method data for {method} {0x00000188933c46e0} 'invokeImpl' '(Ljava/lang/Object;[Ljava/lang/Object;)Ljava/lang/Object;' in 'jdk/internal/reflect/DirectMethodHandleAccessor')}
  0x00000188802d908c: 8943 1048 | bb88 ef36 | d488 0100 | 0048 8383 | e001 0000 

  0x00000188802d90a0: ;   {metadata(method data for {method} {0x00000188930b0158} 'invokeExact_MT' '(Ljava/lang/Object;Ljava/lang/Object;Ljava/lang/Object;Ljava/lang/Object;)Ljava/lang/Object;' in 'java/lang/invoke/Invokers$Holder')}
  0x00000188802d90a0: 0148 bbc0 | 2632 d488 | 0100 008b | 83cc 0000 | 0083 c002 | 8983 cc00 | 0000 25fe | ff1f 0085 
  0x00000188802d90c0: c00f 84d6 

  0x00000188802d90c4: ;   {metadata(method data for {method} {0x00000188930b0158} 'invokeExact_MT' '(Ljava/lang/Object;Ljava/lang/Object;Ljava/lang/Object;Ljava/lang/Object;)Ljava/lang/Object;' in 'java/lang/invoke/Invokers$Holder')}
  0x00000188802d90c4: 1100 0048 | bbc0 2632 | d488 0100 | 0048 8d9b | 9001 0000 | 4885 f675 | 0ef6 4308 | 0175 4ff0 
  0x00000188802d90e4: 4883 4b08 | 01eb 478b | 4608 49ba | 0000 0093 | 8801 0000 | 4903 c24c | 8bd0 4833 | 4308 48a9 
  0x00000188802d9104: fcff ffff | 7428 a802 | 7524 48f7 | 4308 feff | ffff 7416 | 498b c248 | 3343 0848 | a9fc ffff 
  0x00000188802d9124: ff74 0b48 | 834b 0802 | eb04 4889 

  0x00000188802d9130: ;   {oop(a 'java/lang/invoke/MethodType'{0x0000000740227b38} = (Ljava/lang/Object;Ljava/lang/Object;)Ljava/lang/Object;)}
  0x00000188802d9130: 4308 48b8 | 387b 2240 | 0700 0000 | 4885 c075 | 0cf6 4318 | 0175 06f0 | 4883 4b18 

  0x00000188802d914c: ;   {metadata(method data for {method} {0x00000188930b0158} 'invokeExact_MT' '(Ljava/lang/Object;Ljava/lang/Object;Ljava/lang/Object;Ljava/lang/Object;)Ljava/lang/Object;' in 'java/lang/invoke/Invokers$Holder')}
  0x00000188802d914c: 0148 bbc0 | 2632 d488 | 0100 0048 | 8383 8001 

  0x00000188802d915c: ;   {metadata(method data for {method} {0x00000188933d94e0} 'checkExactType' '(Ljava/lang/invoke/MethodHandle;Ljava/lang/invoke/MethodType;)V' in 'java/lang/invoke/Invokers')}
  0x00000188802d915c: 0000 0148 | bb80 662a | d488 0100 | 008b 8bcc | 0000 0083 | c102 898b | cc00 0000 | 81e1 feff 
  0x00000188802d917c: 1f00 85c9 | 0f84 3811 | 0000 483b | 0648 8bde 

  0x00000188802d918c: ;   {metadata(method data for {method} {0x00000188933d94e0} 'checkExactType' '(Ljava/lang/invoke/MethodHandle;Ljava/lang/invoke/MethodType;)V' in 'java/lang/invoke/Invokers')}
  0x00000188802d918c: 48b9 8066 | 2ad4 8801 | 0000 8b5b | 0849 ba00 | 0000 9388 | 0100 0049 | 03da 483b | 9920 0100 
  0x00000188802d91ac: 0075 0d48 | 8381 2801 | 0000 01e9 | 6000 0000 | 483b 9930 | 0100 0075 | 0d48 8381 | 3801 0000 
  0x00000188802d91cc: 01e9 4a00 | 0000 4883 | b920 0100 | 0000 7517 | 4889 9920 | 0100 0048 | c781 2801 | 0000 0100 
  0x00000188802d91ec: 0000 e929 | 0000 0048 | 83b9 3001 | 0000 0075 | 1748 8999 | 3001 0000 | 48c7 8138 | 0100 0001 
  0x00000188802d920c: 0000 00e9 | 0800 0000 | 4883 8110 | 0100 0001 | 8b5e 1048 | c1e3 0348 

  0x00000188802d9224: ;   {metadata(method data for {method} {0x00000188933d94e0} 'checkExactType' '(Ljava/lang/invoke/MethodHandle;Ljava/lang/invoke/MethodType;)V' in 'java/lang/invoke/Invokers')}
  0x00000188802d9224: 3bd8 48b8 | 8066 2ad4 | 8801 0000 | 48c7 c158 | 0100 0075 | 0748 c7c1 | 4801 0000 | 4c8b 0c08 
  0x00000188802d9244: 4d8d 4901 | 4c89 0c08 | 0f85 6d07 

  0x00000188802d9250: ;   {metadata(method data for {method} {0x00000188930b0158} 'invokeExact_MT' '(Ljava/lang/Object;Ljava/lang/Object;Ljava/lang/Object;Ljava/lang/Object;)Ljava/lang/Object;' in 'java/lang/invoke/Invokers$Holder')}
  0x00000188802d9250: 0000 48bb | c026 32d4 | 8801 0000 | 488d 9bc8 | 0100 008b | 4608 49ba | 0000 0093 | 8801 0000 
  0x00000188802d9270: 4903 c24c | 8bd0 4833 | 4308 48a9 | fcff ffff | 7428 a802 | 7524 48f7 | 4308 feff | ffff 7416 
  0x00000188802d9290: 498b c248 | 3343 0848 | a9fc ffff | ff74 0b48 | 834b 0802 | eb04 4889 

  0x00000188802d92a8: ;   {metadata(method data for {method} {0x00000188930b0158} 'invokeExact_MT' '(Ljava/lang/Object;Ljava/lang/Object;Ljava/lang/Object;Ljava/lang/Object;)Ljava/lang/Object;' in 'java/lang/invoke/Invokers$Holder')}
  0x00000188802d92a8: 4308 48bb | c026 32d4 | 8801 0000 | 4883 83b8 | 0100 0001 

  0x00000188802d92bc: ;   {metadata(method data for {method} {0x00000188933d93d8} 'checkCustomized' '(Ljava/lang/invoke/MethodHandle;)V' in 'java/lang/invoke/Invokers')}
  0x00000188802d92bc: 48bb 4068 | 2ad4 8801 | 0000 8b83 | cc00 0000 | 83c0 0289 | 83cc 0000 | 0025 feff | 1f00 85c0 
  0x00000188802d92dc: 0f84 0210 

  0x00000188802d92e0: ;   {metadata(method data for {method} {0x00000188933d93d8} 'checkCustomized' '(Ljava/lang/invoke/MethodHandle;)V' in 'java/lang/invoke/Invokers')}
  0x00000188802d92e0: 0000 48bb | 4068 2ad4 | 8801 0000 | 4883 8310 | 0100 0001 

  0x00000188802d92f4: ;   {metadata(method data for {method} {0x0000018893095ff0} 'isCompileConstant' '(Ljava/lang/Object;)Z' in 'java/lang/invoke/MethodHandleImpl')}
  0x00000188802d92f4: 48bb d06b | 2ad4 8801 | 0000 8b83 | cc00 0000 | 83c0 0289 | 83cc 0000 | 0025 feff | 1f00 85c0 
  0x00000188802d9314: 0f84 eb0f 

  0x00000188802d9318: ;   {metadata(method data for {method} {0x00000188933d93d8} 'checkCustomized' '(Ljava/lang/invoke/MethodHandle;)V' in 'java/lang/invoke/Invokers')}
  0x00000188802d9318: 0000 48bb | 4068 2ad4 | 8801 0000 | ff83 2001 | 0000 8b5e | 1448 c1e3 | 038b 5b1c | 48c1 e303 
  0x00000188802d9338: ;   {metadata(method data for {method} {0x00000188933d93d8} 'checkCustomized' '(Ljava/lang/invoke/MethodHandle;)V' in 'java/lang/invoke/Invokers')}
  0x00000188802d9338: 4885 db48 | bb40 682a | d488 0100 | 0048 c7c0 | 4001 0000 | 7507 48c7 | c050 0100 | 0048 8b0c 
  0x00000188802d9358: 0348 8d49 | 0148 890c | 030f 8525 

  0x00000188802d9364: ;   {metadata(method data for {method} {0x00000188933d93d8} 'checkCustomized' '(Ljava/lang/invoke/MethodHandle;)V' in 'java/lang/invoke/Invokers')}
  0x00000188802d9364: 0000 0048 | bb40 682a | d488 0100 | 0048 8383 | 6001 0000 | 0148 8bd6 

  0x00000188802d937c: ;   {static_call}
  0x00000188802d937c: 6666 90e8 

  0x00000188802d9380: ; ImmutableOopMap {[176]=Oop [192]=Oop [256]=Oop [264]=Oop }
                      ;*invokestatic maybeCustomize {reexecute=0 rethrow=0 return_oop=0}
                      ; - java.lang.invoke.Invokers::checkCustomized@19
                      ; - java.lang.invoke.Invokers$Holder::invokeExact_MT@14
                      ; - jdk.internal.reflect.DirectMethodHandleAccessor::invokeImpl@55
                      ; - jdk.internal.reflect.DirectMethodHandleAccessor::invoke@23
  0x00000188802d9380: 3c85 4601 

  0x00000188802d9384: ;   {other}
  0x00000188802d9384: 0f1f 8400 | f41b 0007 | 488b bc24 | 0001 0000 | 4c8b 8424 | c000 0000 

  0x00000188802d939c: ;   {metadata(method data for {method} {0x00000188930b0158} 'invokeExact_MT' '(Ljava/lang/Object;Ljava/lang/Object;Ljava/lang/Object;Ljava/lang/Object;)Ljava/lang/Object;' in 'java/lang/invoke/Invokers$Holder')}
  0x00000188802d939c: 49b9 c026 | 32d4 8801 | 0000 4d8d | 8918 0200 | 004d 85c0 | 750f 41f6 | 4108 0175 | 53f0 4983 
  0x00000188802d93bc: 4908 01eb | 4b41 8b50 | 0849 ba00 | 0000 9388 | 0100 0049 | 03d2 4c8b | d249 3351 | 0848 f7c2 
  0x00000188802d93dc: fcff ffff | 742a f6c2 | 0275 2549 | f741 08fe | ffff ff74 | 1749 8bd2 | 4933 5108 | 48f7 c2fc 
  0x00000188802d93fc: ffff ff74 | 0b49 8349 | 0802 eb04 | 4989 5108 | 4885 ff75 | 0f41 f641 | 1801 7552 | f049 8349 
  0x00000188802d941c: 1801 eb4a | 8b57 0849 | ba00 0000 | 9388 0100 | 0049 03d2 | 4c8b d249 | 3351 1848 | f7c2 fcff 
  0x00000188802d943c: ffff 742a | f6c2 0275 | 2549 f741 | 18fe ffff | ff74 1749 | 8bd2 4933 | 5118 48f7 | c2fc ffff 
  0x00000188802d945c: ff74 0b49 | 8349 1802 | eb04 4989 | 5118 488b | b424 0801 

  0x00000188802d9470: ;   {metadata(method data for {method} {0x00000188930b0158} 'invokeExact_MT' '(Ljava/lang/Object;Ljava/lang/Object;Ljava/lang/Object;Ljava/lang/Object;)Ljava/lang/Object;' in 'java/lang/invoke/Invokers$Holder')}
  0x00000188802d9470: 0000 49b9 | c026 32d4 | 8801 0000 | 4983 81e0 | 0100 0001 | 4c8b cf48 | 8b94 2408 

  0x00000188802d948c: ;   {optimized virtual_call}
  0x00000188802d948c: 0100 00e8 

  0x00000188802d9490: ; ImmutableOopMap {[176]=Oop }
                      ;*invokevirtual invokeBasic {reexecute=0 rethrow=0 return_oop=0}
                      ; - java.lang.invoke.Invokers$Holder::invokeExact_MT@20
                      ; - jdk.internal.reflect.DirectMethodHandleAccessor::invokeImpl@55
                      ; - jdk.internal.reflect.DirectMethodHandleAccessor::invoke@23
  0x00000188802d9490: 6c63 9307 

  0x00000188802d9494: ;   {other}
  0x00000188802d9494: 0f1f 8400 | 041d 0008 

  0x00000188802d949c: ;   {metadata(method data for {method} {0x00000188930b0158} 'invokeExact_MT' '(Ljava/lang/Object;Ljava/lang/Object;Ljava/lang/Object;Ljava/lang/Object;)Ljava/lang/Object;' in 'java/lang/invoke/Invokers$Holder')}
  0x00000188802d949c: 48ba c026 | 32d4 8801 | 0000 488d | 9238 0200 | 0048 85c0 | 750c f602 | 0175 4df0 | 4883 0a01 
  0x00000188802d94bc: eb46 8b70 | 0849 ba00 | 0000 9388 | 0100 0049 | 03f2 4c8b | d648 3332 | 48f7 c6fc | ffff ff74 
  0x00000188802d94dc: 2740 f6c6 | 0275 2148 | f702 feff | ffff 7415 | 498b f248 | 3332 48f7 | c6fc ffff | ff74 0948 
  0x00000188802d94fc: 830a 02eb | 0348 8932 

  0x00000188802d9504: ;   {metadata(method data for {method} {0x00000188933c46e0} 'invokeImpl' '(Ljava/lang/Object;[Ljava/lang/Object;)Ljava/lang/Object;' in 'jdk/internal/reflect/DirectMethodHandleAccessor')}
  0x00000188802d9504: 48ba 88ef | 36d4 8801 | 0000 488d | 9238 0200 | 0048 85c0 | 750c f602 | 0175 4df0 | 4883 0a01 
  0x00000188802d9524: eb46 8b70 | 0849 ba00 | 0000 9388 | 0100 0049 | 03f2 4c8b | d648 3332 | 48f7 c6fc | ffff ff74 
  0x00000188802d9544: 2740 f6c6 | 0275 2148 | f702 feff | ffff 7415 | 498b f248 | 3332 48f7 | c6fc ffff | ff74 0948 
  0x00000188802d9564: 830a 02eb | 0348 8932 

  0x00000188802d956c: ;   {metadata(method data for {method} {0x00000188933c46e0} 'invokeImpl' '(Ljava/lang/Object;[Ljava/lang/Object;)Ljava/lang/Object;' in 'jdk/internal/reflect/DirectMethodHandleAccessor')}
  0x00000188802d956c: 48ba 88ef | 36d4 8801 | 0000 ff82 | 4802 0000 | 4881 c460 | 0100 005d 

  0x00000188802d9584: ;   {poll_return}
  0x00000188802d9584: 493b a748 | 0400 000f | 879a 0d00 | 00c3 4c8b | 8424 c000 | 0000 8b72 | 1848 c1e6 | 0348 89b4 
  0x00000188802d95a4: 2410 0100 

  0x00000188802d95a8: ;   {metadata(method data for {method} {0x00000188933c46e0} 'invokeImpl' '(Ljava/lang/Object;[Ljava/lang/Object;)Ljava/lang/Object;' in 'jdk/internal/reflect/DirectMethodHandleAccessor')}
  0x00000188802d95a8: 0048 bf88 | ef36 d488 | 0100 0048 | 8dbf a801 | 0000 4d85 | c075 0ef6 | 4708 0175 | 53f0 4883 
  0x00000188802d95c8: 4f08 01eb | 4b41 8b58 | 0849 ba00 | 0000 9388 | 0100 0049 | 03da 4c8b | d348 335f | 0848 f7c3 
  0x00000188802d95e8: fcff ffff | 742a f6c3 | 0275 2548 | f747 08fe | ffff ff74 | 1749 8bda | 4833 5f08 | 48f7 c3fc 
  0x00000188802d9608: ffff ff74 | 0b48 834f | 0802 eb04 | 4889 5f08 

  0x00000188802d9618: ;   {metadata(method data for {method} {0x00000188930b0208} 'invokeExact_MT' '(Ljava/lang/Object;Ljava/lang/Object;Ljava/lang/Object;)Ljava/lang/Object;' in 'java/lang/invoke/Invokers$Holder')}
  0x00000188802d9618: 48bf 0824 | 32d4 8801 | 0000 488d | bfa0 0200 | 0048 85f6 | 750a f607 | 0175 05f0 | 4883 0f01 
  0x00000188802d9638: ;   {metadata(method data for {method} {0x00000188933c46e0} 'invokeImpl' '(Ljava/lang/Object;[Ljava/lang/Object;)Ljava/lang/Object;' in 'jdk/internal/reflect/DirectMethodHandleAccessor')}
  0x00000188802d9638: 48bf 88ef | 36d4 8801 | 0000 4883 | 8770 0100 

  0x00000188802d9648: ;   {metadata(method data for {method} {0x00000188930b0208} 'invokeExact_MT' '(Ljava/lang/Object;Ljava/lang/Object;Ljava/lang/Object;)Ljava/lang/Object;' in 'java/lang/invoke/Invokers$Holder')}
  0x00000188802d9648: 0001 48bf | 0824 32d4 | 8801 0000 | 8b9f cc00 | 0000 83c3 | 0289 9fcc | 0000 0081 | e3fe ff1f 
  0x00000188802d9668: 0085 db0f | 84d0 0c00 

  0x00000188802d9670: ;   {metadata(method data for {method} {0x00000188930b0208} 'invokeExact_MT' '(Ljava/lang/Object;Ljava/lang/Object;Ljava/lang/Object;)Ljava/lang/Object;' in 'java/lang/invoke/Invokers$Holder')}
  0x00000188802d9670: 0048 bf08 | 2432 d488 | 0100 0048 | 8dbf 9001 | 0000 4885 | f675 0cf6 | 4708 0175 | 06f0 4883 
  0x00000188802d9690: ;   {oop(a 'java/lang/invoke/MethodType'{0x0000000740227a20} = (Ljava/lang/Object;)Ljava/lang/Object;)}
  0x00000188802d9690: 4f08 0148 | bb20 7a22 | 4007 0000 | 0048 85db | 750c f647 | 1801 7506 | f048 834f 

  0x00000188802d96ac: ;   {metadata(method data for {method} {0x00000188930b0208} 'invokeExact_MT' '(Ljava/lang/Object;Ljava/lang/Object;Ljava/lang/Object;)Ljava/lang/Object;' in 'java/lang/invoke/Invokers$Holder')}
  0x00000188802d96ac: 1801 48bf | 0824 32d4 | 8801 0000 | 4883 8780 | 0100 0001 

  0x00000188802d96c0: ;   {metadata(method data for {method} {0x00000188933d94e0} 'checkExactType' '(Ljava/lang/invoke/MethodHandle;Ljava/lang/invoke/MethodType;)V' in 'java/lang/invoke/Invokers')}
  0x00000188802d96c0: 48bf 8066 | 2ad4 8801 | 0000 8b87 | cc00 0000 | 83c0 0289 | 87cc 0000 | 0025 feff | 1f00 85c0 
  0x00000188802d96e0: 0f84 7c0c | 0000 483b | 0648 8bfe 

  0x00000188802d96ec: ;   {metadata(method data for {method} {0x00000188933d94e0} 'checkExactType' '(Ljava/lang/invoke/MethodHandle;Ljava/lang/invoke/MethodType;)V' in 'java/lang/invoke/Invokers')}
  0x00000188802d96ec: 48b8 8066 | 2ad4 8801 | 0000 8b7f | 0849 ba00 | 0000 9388 | 0100 0049 | 03fa 483b | b820 0100 
  0x00000188802d970c: 0075 0d48 | 8380 2801 | 0000 01e9 | 6000 0000 | 483b b830 | 0100 0075 | 0d48 8380 | 3801 0000 
  0x00000188802d972c: 01e9 4a00 | 0000 4883 | b820 0100 | 0000 7517 | 4889 b820 | 0100 0048 | c780 2801 | 0000 0100 
  0x00000188802d974c: 0000 e929 | 0000 0048 | 83b8 3001 | 0000 0075 | 1748 89b8 | 3001 0000 | 48c7 8038 | 0100 0001 
  0x00000188802d976c: 0000 00e9 | 0800 0000 | 4883 8010 | 0100 0001 | 8b7e 1048 | c1e7 0348 

  0x00000188802d9784: ;   {metadata(method data for {method} {0x00000188933d94e0} 'checkExactType' '(Ljava/lang/invoke/MethodHandle;Ljava/lang/invoke/MethodType;)V' in 'java/lang/invoke/Invokers')}
  0x00000188802d9784: 3bfb 48bb | 8066 2ad4 | 8801 0000 | 48c7 c058 | 0100 0075 | 0748 c7c0 | 4801 0000 | 488b 0c03 
  0x00000188802d97a4: 488d 4901 | 4889 0c03 | 0f85 c901 

  0x00000188802d97b0: ;   {metadata(method data for {method} {0x00000188930b0208} 'invokeExact_MT' '(Ljava/lang/Object;Ljava/lang/Object;Ljava/lang/Object;)Ljava/lang/Object;' in 'java/lang/invoke/Invokers$Holder')}
  0x00000188802d97b0: 0000 48bf | 0824 32d4 | 8801 0000 | 4883 87b8 | 0100 0001 

  0x00000188802d97c4: ;   {metadata(method data for {method} {0x00000188933d93d8} 'checkCustomized' '(Ljava/lang/invoke/MethodHandle;)V' in 'java/lang/invoke/Invokers')}
  0x00000188802d97c4: 48bf 4068 | 2ad4 8801 | 0000 8b9f | cc00 0000 | 83c3 0289 | 9fcc 0000 | 0081 e3fe | ff1f 0085 
  0x00000188802d97e4: db0f 849d 

  0x00000188802d97e8: ;   {metadata(method data for {method} {0x00000188933d93d8} 'checkCustomized' '(Ljava/lang/invoke/MethodHandle;)V' in 'java/lang/invoke/Invokers')}
  0x00000188802d97e8: 0b00 0048 | bf40 682a | d488 0100 | 0048 8387 | 1001 0000 

  0x00000188802d97fc: ;   {metadata(method data for {method} {0x0000018893095ff0} 'isCompileConstant' '(Ljava/lang/Object;)Z' in 'java/lang/invoke/MethodHandleImpl')}
  0x00000188802d97fc: 0148 bfd0 | 6b2a d488 | 0100 008b | 9fcc 0000 | 0083 c302 | 899f cc00 | 0000 81e3 | feff 1f00 
  0x00000188802d981c: 85db 0f84 | 850b 0000 

  0x00000188802d9824: ;   {metadata(method data for {method} {0x00000188933d93d8} 'checkCustomized' '(Ljava/lang/invoke/MethodHandle;)V' in 'java/lang/invoke/Invokers')}
  0x00000188802d9824: 48bf 4068 | 2ad4 8801 | 0000 ff87 | 2001 0000 | 8b7e 1448 | c1e7 038b | 7f1c 48c1 | e703 4885 
  0x00000188802d9844: ;   {metadata(method data for {method} {0x00000188933d93d8} 'checkCustomized' '(Ljava/lang/invoke/MethodHandle;)V' in 'java/lang/invoke/Invokers')}
  0x00000188802d9844: ff48 bf40 | 682a d488 | 0100 0048 | c7c3 4001 | 0000 7507 | 48c7 c350 | 0100 0048 | 8b04 1f48 
  0x00000188802d9864: 8d40 0148 | 8904 1f0f | 8523 0000 

  0x00000188802d9870: ;   {metadata(method data for {method} {0x00000188933d93d8} 'checkCustomized' '(Ljava/lang/invoke/MethodHandle;)V' in 'java/lang/invoke/Invokers')}
  0x00000188802d9870: 0048 bf40 | 682a d488 | 0100 0048 | 8387 6001 | 0000 0148 

  0x00000188802d9884: ;   {static_call}
  0x00000188802d9884: 8bd6 90e8 

  0x00000188802d9888: ; ImmutableOopMap {[176]=Oop [192]=Oop [272]=Oop }
                      ;*invokestatic maybeCustomize {reexecute=0 rethrow=0 return_oop=0}
                      ; - java.lang.invoke.Invokers::checkCustomized@19
                      ; - java.lang.invoke.Invokers$Holder::invokeExact_MT@14
                      ; - jdk.internal.reflect.DirectMethodHandleAccessor::invokeImpl@41
                      ; - jdk.internal.reflect.DirectMethodHandleAccessor::invoke@23
  0x00000188802d9888: 3480 4601 

  0x00000188802d988c: ;   {other}
  0x00000188802d988c: 0f1f 8400 | fc20 0009 | 488b b424 | 1001 0000 

  0x00000188802d989c: ;   {metadata(method data for {method} {0x00000188930b0208} 'invokeExact_MT' '(Ljava/lang/Object;Ljava/lang/Object;Ljava/lang/Object;)Ljava/lang/Object;' in 'java/lang/invoke/Invokers$Holder')}
  0x00000188802d989c: 49b8 0824 | 32d4 8801 | 0000 4983 | 80e0 0100 | 0001 4c8b | 8424 c000 | 0000 488b | 9424 1001 
  0x00000188802d98bc: ;   {optimized virtual_call}
  0x00000188802d98bc: 0000 90e8 

  0x00000188802d98c0: ; ImmutableOopMap {[176]=Oop }
                      ;*invokevirtual invokeBasic {reexecute=0 rethrow=0 return_oop=0}
                      ; - java.lang.invoke.Invokers$Holder::invokeExact_MT@19
                      ; - jdk.internal.reflect.DirectMethodHandleAccessor::invokeImpl@41
                      ; - jdk.internal.reflect.DirectMethodHandleAccessor::invoke@23
  0x00000188802d98c0: 3c9c 9107 

  0x00000188802d98c4: ;   {other}
  0x00000188802d98c4: 0f1f 8400 | 3421 000a 

  0x00000188802d98cc: ;   {metadata(method data for {method} {0x00000188930b0208} 'invokeExact_MT' '(Ljava/lang/Object;Ljava/lang/Object;Ljava/lang/Object;)Ljava/lang/Object;' in 'java/lang/invoke/Invokers$Holder')}
  0x00000188802d98cc: 48ba 0824 | 32d4 8801 | 0000 488d | 9228 0200 | 0048 85c0 | 750a f602 | 0175 05f0 | 4883 0a01 
  0x00000188802d98ec: ;   {metadata(method data for {method} {0x00000188933c46e0} 'invokeImpl' '(Ljava/lang/Object;[Ljava/lang/Object;)Ljava/lang/Object;' in 'jdk/internal/reflect/DirectMethodHandleAccessor')}
  0x00000188802d98ec: 48ba 88ef | 36d4 8801 | 0000 488d | 92b8 0100 | 0048 85c0 | 750c f602 | 0175 4ef0 | 4883 0a01 
  0x00000188802d990c: eb47 448b | 4008 49ba | 0000 0093 | 8801 0000 | 4d03 c24d | 8bd0 4c33 | 0249 f7c0 | fcff ffff 
  0x00000188802d992c: 7427 41f6 | c002 7521 | 48f7 02fe | ffff ff74 | 154d 8bc2 | 4c33 0249 | f7c0 fcff | ffff 7409 
  0x00000188802d994c: 4883 0a02 | eb03 4c89 

  0x00000188802d9954: ;   {metadata(method data for {method} {0x00000188933c46e0} 'invokeImpl' '(Ljava/lang/Object;[Ljava/lang/Object;)Ljava/lang/Object;' in 'jdk/internal/reflect/DirectMethodHandleAccessor')}
  0x00000188802d9954: 0248 ba88 | ef36 d488 | 0100 00ff | 82c8 0100 | 0048 81c4 | 6001 0000 

  0x00000188802d996c: ;   {poll_return}
  0x00000188802d996c: 5d49 3ba7 | 4804 0000 | 0f87 550a 

  0x00000188802d9978: ;   {metadata(method data for {method} {0x00000188933d94e0} 'checkExactType' '(Ljava/lang/invoke/MethodHandle;Ljava/lang/invoke/MethodType;)V' in 'java/lang/invoke/Invokers')}
  0x00000188802d9978: 0000 c348 | ba80 662a | d488 0100 | 0048 8382 | 6801 0000 

  0x00000188802d998c: ;   {oop(a 'java/lang/invoke/MethodType'{0x0000000740227a20} = (Ljava/lang/Object;)Ljava/lang/Object;)}
  0x00000188802d998c: 0149 b820 | 7a22 4007 | 0000 0048 | 8bd7 0f1f 

  0x00000188802d999c: ;   {static_call}
  0x00000188802d999c: 4400 00e8 

  0x00000188802d99a0: ; ImmutableOopMap {[176]=Oop [192]=Oop [272]=Oop }
                      ;*invokestatic newWrongMethodTypeException {reexecute=0 rethrow=0 return_oop=0}
                      ; - java.lang.invoke.Invokers::checkExactType@12
                      ; - java.lang.invoke.Invokers$Holder::invokeExact_MT@10
                      ; - jdk.internal.reflect.DirectMethodHandleAccessor::invokeImpl@41
                      ; - jdk.internal.reflect.DirectMethodHandleAccessor::invoke@23
  0x00000188802d99a0: dc56 1807 

  0x00000188802d99a4: ;   {other}
  0x00000188802d99a4: 0f1f 8400 | 1422 000b 

  0x00000188802d99ac: ; implicit exception: dispatches to 0x00000188802da3e5
                      ; ImmutableOopMap {rax=Oop [176]=Oop [192]=Oop [272]=Oop }
                      ;*athrow {reexecute=1 rethrow=0 return_oop=0}
                      ; - (reexecute) java.lang.invoke.Invokers::checkExactType@15
                      ; - java.lang.invoke.Invokers$Holder::invokeExact_MT@10
                      ; - jdk.internal.reflect.DirectMethodHandleAccessor::invokeImpl@41
                      ; - jdk.internal.reflect.DirectMethodHandleAccessor::invoke@23
                      ;   {section_word}
  0x00000188802d99ac: 483b 0048 | baaf 992d | 8088 0100 

  0x00000188802d99b8: ;   {runtime_call handle_exception_nofpu Runtime1 stub}
  0x00000188802d99b8: 00e8 42d5 

  0x00000188802d99bc: ;   {metadata(method data for {method} {0x00000188933d94e0} 'checkExactType' '(Ljava/lang/invoke/MethodHandle;Ljava/lang/invoke/MethodType;)V' in 'java/lang/invoke/Invokers')}
  0x00000188802d99bc: 2407 9048 | ba80 662a | d488 0100 | 0048 8382 | 6801 0000 

  0x00000188802d99d0: ;   {oop(a 'java/lang/invoke/MethodType'{0x0000000740227b38} = (Ljava/lang/Object;Ljava/lang/Object;)Ljava/lang/Object;)}
  0x00000188802d99d0: 0149 b838 | 7b22 4007 | 0000 0048 

  0x00000188802d99dc: ;   {static_call}
  0x00000188802d99dc: 8bd3 90e8 

  0x00000188802d99e0: ; ImmutableOopMap {[176]=Oop [192]=Oop [256]=Oop [264]=Oop }
                      ;*invokestatic newWrongMethodTypeException {reexecute=0 rethrow=0 return_oop=0}
                      ; - java.lang.invoke.Invokers::checkExactType@12
                      ; - java.lang.invoke.Invokers$Holder::invokeExact_MT@10
                      ; - jdk.internal.reflect.DirectMethodHandleAccessor::invokeImpl@55
                      ; - jdk.internal.reflect.DirectMethodHandleAccessor::invoke@23
  0x00000188802d99e0: 9c56 1807 

  0x00000188802d99e4: ;   {other}
  0x00000188802d99e4: 0f1f 8400 | 5422 000d 

  0x00000188802d99ec: ; implicit exception: dispatches to 0x00000188802da3ea
                      ; ImmutableOopMap {rax=Oop [176]=Oop [192]=Oop [256]=Oop [264]=Oop }
                      ;*athrow {reexecute=1 rethrow=0 return_oop=0}
                      ; - (reexecute) java.lang.invoke.Invokers::checkExactType@15
                      ; - java.lang.invoke.Invokers$Holder::invokeExact_MT@10
                      ; - jdk.internal.reflect.DirectMethodHandleAccessor::invokeImpl@55
                      ; - jdk.internal.reflect.DirectMethodHandleAccessor::invoke@23
                      ;   {section_word}
  0x00000188802d99ec: 483b 0048 | baef 992d | 8088 0100 

  0x00000188802d99f8: ;   {runtime_call handle_exception_nofpu Runtime1 stub}
  0x00000188802d99f8: 00e8 02d5 

  0x00000188802d99fc: ;   {metadata(method data for {method} {0x00000188933d94e0} 'checkExactType' '(Ljava/lang/invoke/MethodHandle;Ljava/lang/invoke/MethodType;)V' in 'java/lang/invoke/Invokers')}
  0x00000188802d99fc: 2407 9048 | ba80 662a | d488 0100 | 0048 8382 | 6801 0000 

  0x00000188802d9a10: ;   {oop(a 'java/lang/invoke/MethodType'{0x0000000740232220} = (Ljava/lang/Object;Ljava/lang/Object;Ljava/lang/Object;)Ljava/lang/Object;)}
  0x00000188802d9a10: 0149 b820 | 2223 4007 | 0000 0048 

  0x00000188802d9a1c: ;   {static_call}
  0x00000188802d9a1c: 8bd0 90e8 

  0x00000188802d9a20: ; ImmutableOopMap {[176]=Oop [192]=Oop [232]=Oop [240]=Oop [248]=Oop }
                      ;*invokestatic newWrongMethodTypeException {reexecute=0 rethrow=0 return_oop=0}
                      ; - java.lang.invoke.Invokers::checkExactType@12
                      ; - java.lang.invoke.LambdaForm$MH/0x000001889401cc00::invokeExact_MT@11
                      ; - jdk.internal.reflect.DirectMethodHandleAccessor::invokeImpl@72
                      ; - jdk.internal.reflect.DirectMethodHandleAccessor::invoke@23
  0x00000188802d9a20: 5c56 1807 

  0x00000188802d9a24: ;   {other}
  0x00000188802d9a24: 0f1f 8400 | 9422 000f 

  0x00000188802d9a2c: ; implicit exception: dispatches to 0x00000188802da3ef
                      ; ImmutableOopMap {rax=Oop [176]=Oop [192]=Oop [232]=Oop [240]=Oop [248]=Oop }
                      ;*athrow {reexecute=1 rethrow=0 return_oop=0}
                      ; - (reexecute) java.lang.invoke.Invokers::checkExactType@15
                      ; - java.lang.invoke.LambdaForm$MH/0x000001889401cc00::invokeExact_MT@11
                      ; - jdk.internal.reflect.DirectMethodHandleAccessor::invokeImpl@72
                      ; - jdk.internal.reflect.DirectMethodHandleAccessor::invoke@23
                      ;   {section_word}
  0x00000188802d9a2c: 483b 0048 | ba2f 9a2d | 8088 0100 

  0x00000188802d9a38: ;   {runtime_call handle_exception_nofpu Runtime1 stub}
  0x00000188802d9a38: 00e8 c2d4 

  0x00000188802d9a3c: ;   {metadata(method data for {method} {0x00000188933d94e0} 'checkExactType' '(Ljava/lang/invoke/MethodHandle;Ljava/lang/invoke/MethodType;)V' in 'java/lang/invoke/Invokers')}
  0x00000188802d9a3c: 2407 9048 | ba80 662a | d488 0100 | 0048 8382 | 6801 0000 

  0x00000188802d9a50: ;   {oop(a 'java/lang/invoke/MethodType'{0x0000000740247768} = (Ljava/lang/Object;Ljava/lang/Object;Ljava/lang/Object;Ljava/lang/Object;)Ljava/lang/Object;)}
  0x00000188802d9a50: 0149 b868 | 7724 4007 | 0000 0048 

  0x00000188802d9a5c: ;   {static_call}
  0x00000188802d9a5c: 8bd1 90e8 

  0x00000188802d9a60: ; ImmutableOopMap {[176]=Oop [192]=Oop [200]=Oop [208]=Oop [216]=Oop [224]=Oop }
                      ;*invokestatic newWrongMethodTypeException {reexecute=0 rethrow=0 return_oop=0}
                      ; - java.lang.invoke.Invokers::checkExactType@12
                      ; - java.lang.invoke.LambdaForm$MH/0x000001889400f400::invokeExact_MT@11
                      ; - jdk.internal.reflect.DirectMethodHandleAccessor::invokeImpl@92
                      ; - jdk.internal.reflect.DirectMethodHandleAccessor::invoke@23
  0x00000188802d9a60: 1c56 1807 

  0x00000188802d9a64: ;   {other}
  0x00000188802d9a64: 0f1f 8400 | d422 0011 

  0x00000188802d9a6c: ; implicit exception: dispatches to 0x00000188802da3f4
                      ; ImmutableOopMap {rax=Oop [176]=Oop [192]=Oop [200]=Oop [208]=Oop [216]=Oop [224]=Oop }
                      ;*athrow {reexecute=1 rethrow=0 return_oop=0}
                      ; - (reexecute) java.lang.invoke.Invokers::checkExactType@15
                      ; - java.lang.invoke.LambdaForm$MH/0x000001889400f400::invokeExact_MT@11
                      ; - jdk.internal.reflect.DirectMethodHandleAccessor::invokeImpl@92
                      ; - jdk.internal.reflect.DirectMethodHandleAccessor::invoke@23
                      ;   {section_word}
  0x00000188802d9a6c: 483b 0048 | ba6f 9a2d | 8088 0100 

  0x00000188802d9a78: ;   {runtime_call handle_exception_nofpu Runtime1 stub}
  0x00000188802d9a78: 00e8 82d4 | 2407 9049 | 8b87 f804 | 0000 4d33 | d24d 8997 | f804 0000 | 4d33 d24d | 8997 0005 
  0x00000188802d9a98: 0000 488b | 9424 b000 

  0x00000188802d9aa0: ;   {metadata(method data for {method} {0x000001889319def0} 'invoke' '(Ljava/lang/Object;[Ljava/lang/Object;)Ljava/lang/Object;' in 'jdk/internal/reflect/DirectMethodHandleAccessor')}
  0x00000188802d9aa0: 0000 49b8 | 58ea 36d4 | 8801 0000 | 4983 8060 | 0200 0001 

  0x00000188802d9ab4: ;   {metadata(method data for {method} {0x00000188933c4688} 'isIllegalArgument' '(Ljava/lang/RuntimeException;)Z' in 'jdk/internal/reflect/DirectMethodHandleAccessor')}
  0x00000188802d9ab4: 48ba 5804 | 37d4 8801 | 0000 448b | 82cc 0000 | 0041 83c0 | 0244 8982 | cc00 0000 | 4181 e0fe 
  0x00000188802d9ad4: ff1f 0045 | 85c0 0f84 | 1909 0000 

  0x00000188802d9ae0: ;   {oop(a 'java/lang/Class'{0x00000007403f7e68} = 'jdk/internal/reflect/DirectMethodHandleAccessor')}
  0x00000188802d9ae0: 48ba 687e | 3f40 0700 | 0000 4c8b | c048 8984 | 2418 0100 

  0x00000188802d9af4: ;   {static_call}
  0x00000188802d9af4: 0066 90e8 

  0x00000188802d9af8: ; ImmutableOopMap {[280]=Oop }
                      ;*invokestatic isIllegalArgument {reexecute=0 rethrow=0 return_oop=0}
                      ; - jdk.internal.reflect.DirectMethodHandleAccessor::isIllegalArgument@3
                      ; - jdk.internal.reflect.DirectMethodHandleAccessor::invoke@58
  0x00000188802d9af8: 8455 1807 

  0x00000188802d9afc: ;   {other}
  0x00000188802d9afc: 0f1f 8400 | 6c23 0013 | 83e0 0185 

  0x00000188802d9b08: ;   {metadata(method data for {method} {0x000001889319def0} 'invoke' '(Ljava/lang/Object;[Ljava/lang/Object;)Ljava/lang/Object;' in 'jdk/internal/reflect/DirectMethodHandleAccessor')}
  0x00000188802d9b08: c048 b858 | ea36 d488 | 0100 0048 | c7c2 9802 | 0000 7407 | 48c7 c2a8 | 0200 004c | 8b04 104d 
  0x00000188802d9b28: 8d40 014c | 8904 100f | 84bc 0200 | 00e9 0f02 | 0000 498b | 87f8 0400 | 004d 33d2 | 4d89 97f8 
  0x00000188802d9b48: 0400 004d | 33d2 4d89 | 9700 0500 | 0048 8b94 | 24b0 0000 

  0x00000188802d9b5c: ;   {metadata(method data for {method} {0x000001889319def0} 'invoke' '(Ljava/lang/Object;[Ljava/lang/Object;)Ljava/lang/Object;' in 'jdk/internal/reflect/DirectMethodHandleAccessor')}
  0x00000188802d9b5c: 0049 b858 | ea36 d488 | 0100 0049 | 8380 e801 

  0x00000188802d9b6c: ;   {metadata(method data for {method} {0x00000188933c4688} 'isIllegalArgument' '(Ljava/lang/RuntimeException;)Z' in 'jdk/internal/reflect/DirectMethodHandleAccessor')}
  0x00000188802d9b6c: 0000 0148 | ba58 0437 | d488 0100 | 0044 8b82 | cc00 0000 | 4183 c002 | 4489 82cc | 0000 0041 
  0x00000188802d9b8c: 81e0 feff | 1f00 4585 | c00f 847f 

  0x00000188802d9b98: ;   {oop(a 'java/lang/Class'{0x00000007403f7e68} = 'jdk/internal/reflect/DirectMethodHandleAccessor')}
  0x00000188802d9b98: 0800 0048 | ba68 7e3f | 4007 0000 | 004c 8bc0 | 4889 8424 | 2001 0000 | 0f1f 8000 

  0x00000188802d9bb4: ;   {static_call}
  0x00000188802d9bb4: 0000 00e8 

  0x00000188802d9bb8: ; ImmutableOopMap {[288]=Oop }
                      ;*invokestatic isIllegalArgument {reexecute=0 rethrow=0 return_oop=0}
                      ; - jdk.internal.reflect.DirectMethodHandleAccessor::isIllegalArgument@3
                      ; - jdk.internal.reflect.DirectMethodHandleAccessor::invoke@30
  0x00000188802d9bb8: c454 1807 

  0x00000188802d9bbc: ;   {other}
  0x00000188802d9bbc: 0f1f 8400 | 2c24 0014 | 83e0 0185 

  0x00000188802d9bc8: ;   {metadata(method data for {method} {0x000001889319def0} 'invoke' '(Ljava/lang/Object;[Ljava/lang/Object;)Ljava/lang/Object;' in 'jdk/internal/reflect/DirectMethodHandleAccessor')}
  0x00000188802d9bc8: c048 ba58 | ea36 d488 | 0100 0048 | c7c6 2002 | 0000 7407 | 48c7 c630 | 0200 0048 | 8b3c 3248 
  0x00000188802d9be8: 8d7f 0148 | 893c 320f | 84a4 0000 | 0066 6690 

  0x00000188802d9bf8: ;   {no_reloc}
  0x00000188802d9bf8: e94d 0800 | 0000 0000 | 0000 498b | 87b8 0100 | 0048 8d78 | 2849 3bbf | c801 0000 | 0f87 3a08 
  0x00000188802d9c18: 0000 4989 | bfb8 0100 | 0048 c700 | 0100 0000 | 488b ca49 | ba00 0000 | 9388 0100 | 0049 2bca 
  0x00000188802d9c38: 8948 0848 | 33c9 8948 | 0c48 33c9 | 4889 4810 | 4889 4818 | 4889 4820 

  0x00000188802d9c50: ;   {metadata(method data for {method} {0x000001889319def0} 'invoke' '(Ljava/lang/Object;[Ljava/lang/Object;)Ljava/lang/Object;' in 'jdk/internal/reflect/DirectMethodHandleAccessor')}
  0x00000188802d9c50: 4c8b c048 | ba58 ea36 | d488 0100 | 0048 8382 | 4002 0000 

  0x00000188802d9c64: ;   {oop("argument type mismatch"{0x00000007403b17c0})}
  0x00000188802d9c64: 0149 b8c0 | 173b 4007 | 0000 0048 | 8bd0 4889 | 8424 2801 | 0000 0f1f 

  0x00000188802d9c7c: ;   {optimized virtual_call}
  0x00000188802d9c7c: 4400 00e8 

  0x00000188802d9c80: ; ImmutableOopMap {[296]=Oop }
                      ;*invokespecial <init> {reexecute=0 rethrow=0 return_oop=0}
                      ; - jdk.internal.reflect.DirectMethodHandleAccessor::invoke@42
  0x00000188802d9c80: fc4d 1807 

  0x00000188802d9c84: ;   {other}
  0x00000188802d9c84: 0f1f 8400 | f424 0015 | 488b 8424 | 2801 0000 | e9b2 0800 | 004c 8b84 | 2420 0100 | 000f 1f80 
  0x00000188802d9ca4: 0000 0000 

  0x00000188802d9ca8: ;   {no_reloc}
  0x00000188802d9ca8: e9c3 0700 | 0000 0000 | 0000 80ba | 2101 0000 | 040f 85c0 | 0700 0049 | 8b87 b801 | 0000 488d 
  0x00000188802d9cc8: 7828 493b | bfc8 0100 | 000f 87a8 | 0700 0049 | 89bf b801 | 0000 48c7 | 0001 0000 | 0048 8bca 
  0x00000188802d9ce8: 49ba 0000 | 0093 8801 | 0000 492b | ca89 4808 | 4833 c989 | 480c 4833 | c948 8948 | 1048 8948 
  0x00000188802d9d08: 1848 8948 | 2048 8bd0 

  0x00000188802d9d10: ;   {metadata(method data for {method} {0x000001889319def0} 'invoke' '(Ljava/lang/Object;[Ljava/lang/Object;)Ljava/lang/Object;' in 'jdk/internal/reflect/DirectMethodHandleAccessor')}
  0x00000188802d9d10: 48be 58ea | 36d4 8801 | 0000 4883 | 8650 0200 | 0001 488b | d048 8984 | 2430 0100 

  0x00000188802d9d2c: ;   {optimized virtual_call}
  0x00000188802d9d2c: 0066 90e8 

  0x00000188802d9d30: ; ImmutableOopMap {[304]=Oop }
                      ;*invokespecial <init> {reexecute=0 rethrow=0 return_oop=0}
                      ; - jdk.internal.reflect.DirectMethodHandleAccessor::invoke@51
  0x00000188802d9d30: 4c4d 1807 

  0x00000188802d9d34: ;   {other}
  0x00000188802d9d34: 0f1f 8400 | a425 0016 | 488b 8424 | 3001 0000 | e902 0800 | 000f 1f80 | 0000 0000 

  0x00000188802d9d50: ;   {no_reloc}
  0x00000188802d9d50: e946 0700 | 0000 0000 | 0000 498b | 87b8 0100 | 0048 8d78 | 2849 3bbf | c801 0000 | 0f87 3307 
  0x00000188802d9d70: 0000 4989 | bfb8 0100 | 0048 c700 | 0100 0000 | 488b ca49 | ba00 0000 | 9388 0100 | 0049 2bca 
  0x00000188802d9d90: 8948 0848 | 33c9 8948 | 0c48 33c9 | 4889 4810 | 4889 4818 | 4889 4820 

  0x00000188802d9da8: ;   {metadata(method data for {method} {0x000001889319def0} 'invoke' '(Ljava/lang/Object;[Ljava/lang/Object;)Ljava/lang/Object;' in 'jdk/internal/reflect/DirectMethodHandleAccessor')}
  0x00000188802d9da8: 4c8b c048 | ba58 ea36 | d488 0100 | 0048 8382 | b802 0000 | 014c 8b84 | 2418 0100 | 0048 8bd0 
  0x00000188802d9dc8: 4889 8424 | 3801 0000 | 0f1f 8000 

  0x00000188802d9dd4: ;   {optimized virtual_call}
  0x00000188802d9dd4: 0000 00e8 

  0x00000188802d9dd8: ; ImmutableOopMap {[312]=Oop }
                      ;*invokespecial <init> {reexecute=0 rethrow=0 return_oop=0}
                      ; - jdk.internal.reflect.DirectMethodHandleAccessor::invoke@69
  0x00000188802d9dd8: a44c 1807 

  0x00000188802d9ddc: ;   {other}
  0x00000188802d9ddc: 0f1f 8400 | 4c26 0017 | 488b 8424 | 3801 0000 | e95a 0700 | 004c 8b84 | 2418 0100 | 000f 1f80 
  0x00000188802d9dfc: 0000 0000 

  0x00000188802d9e00: ;   {no_reloc}
  0x00000188802d9e00: e9bc 0600 | 0000 0000 | 0000 80ba | 2101 0000 | 040f 85b9 | 0600 0049 | 8b87 b801 | 0000 488d 
  0x00000188802d9e20: 7828 493b | bfc8 0100 | 000f 87a1 | 0600 0049 | 89bf b801 | 0000 48c7 | 0001 0000 | 0048 8bca 
  0x00000188802d9e40: 49ba 0000 | 0093 8801 | 0000 492b | ca89 4808 | 4833 c989 | 480c 4833 | c948 8948 | 1048 8948 
  0x00000188802d9e60: 1848 8948 | 2048 8bd0 

  0x00000188802d9e68: ;   {metadata(method data for {method} {0x000001889319def0} 'invoke' '(Ljava/lang/Object;[Ljava/lang/Object;)Ljava/lang/Object;' in 'jdk/internal/reflect/DirectMethodHandleAccessor')}
  0x00000188802d9e68: 48be 58ea | 36d4 8801 | 0000 4883 | 86c8 0200 | 0001 488b | d048 8984 | 2440 0100 

  0x00000188802d9e84: ;   {optimized virtual_call}
  0x00000188802d9e84: 0066 90e8 

  0x00000188802d9e88: ; ImmutableOopMap {[320]=Oop }
                      ;*invokespecial <init> {reexecute=0 rethrow=0 return_oop=0}
                      ; - jdk.internal.reflect.DirectMethodHandleAccessor::invoke@78
  0x00000188802d9e88: f44b 1807 

  0x00000188802d9e8c: ;   {other}
  0x00000188802d9e8c: 0f1f 8400 | fc26 0018 | 488b 8424 | 4001 0000 | e9aa 0600 | 000f 1f80 | 0000 0000 

  0x00000188802d9ea8: ;   {no_reloc}
  0x00000188802d9ea8: e93f 0600 | 0000 0000 | 0000 498b | 87b8 0100 | 0048 8d78 | 2849 3bbf | c801 0000 | 0f87 2c06 
  0x00000188802d9ec8: 0000 4989 | bfb8 0100 | 0048 c700 | 0100 0000 | 488b ca49 | ba00 0000 | 9388 0100 | 0049 2bca 
  0x00000188802d9ee8: 8948 0848 | 33c9 8948 | 0c48 33c9 | 4889 4810 | 4889 4818 | 4889 4820 

  0x00000188802d9f00: ;   {metadata(method data for {method} {0x00000188933c4898} 'checkReceiver' '(Ljava/lang/Object;)V' in 'jdk/internal/reflect/DirectMethodHandleAccessor')}
  0x00000188802d9f00: 488b d048 | be90 ed36 | d488 0100 | 0048 8386 | a001 0000 

  0x00000188802d9f14: ;   {oop("object is not an instance of declaring class"{0x0000000740707360})}
  0x00000188802d9f14: 0149 b860 | 7370 4007 | 0000 0048 | 8bd0 4889 | 8424 4801 | 0000 0f1f 

  0x00000188802d9f2c: ;   {optimized virtual_call}
  0x00000188802d9f2c: 4400 00e8 

  0x00000188802d9f30: ; ImmutableOopMap {[176]=Oop [184]=Oop [192]=Oop [328]=Oop }
                      ;*invokespecial <init> {reexecute=0 rethrow=0 return_oop=0}
                      ; - jdk.internal.reflect.DirectMethodHandleAccessor::checkReceiver@20
                      ; - jdk.internal.reflect.DirectMethodHandleAccessor::invoke@9
  0x00000188802d9f30: 4c4b 1807 

  0x00000188802d9f34: ;   {other}
  0x00000188802d9f34: 0f1f 8400 | a427 0019 | 488b 8424 | 4801 0000 | e902 0600 | 0049 8b87 | f804 0000 | 4d33 d24d 
  0x00000188802d9f54: 8997 f804 | 0000 4d33 | d24d 8997 | 0005 0000 | 4c8b c090 

  0x00000188802d9f68: ;   {metadata('java/lang/reflect/InvocationTargetException')}
  0x00000188802d9f68: 48ba b045 | 0494 8801 | 0000 80ba | 2101 0000 | 040f 85a2 | 0500 0049 | 8b87 b801 | 0000 488d 
  0x00000188802d9f88: 7828 493b | bfc8 0100 | 000f 878a | 0500 0049 | 89bf b801 | 0000 48c7 | 0001 0000 | 0048 8bca 
  0x00000188802d9fa8: 49ba 0000 | 0093 8801 | 0000 492b | ca89 4808 | 4833 c989 | 480c 4833 | c948 8948 | 1048 8948 
  0x00000188802d9fc8: 1848 8948 | 2048 8bd0 

  0x00000188802d9fd0: ;   {metadata(method data for {method} {0x000001889319def0} 'invoke' '(Ljava/lang/Object;[Ljava/lang/Object;)Ljava/lang/Object;' in 'jdk/internal/reflect/DirectMethodHandleAccessor')}
  0x00000188802d9fd0: 48be 58ea | 36d4 8801 | 0000 4883 | 86d8 0200 | 0001 488b | d048 8984 | 2450 0100 

  0x00000188802d9fec: ;   {optimized virtual_call}
  0x00000188802d9fec: 0066 90e8 

  0x00000188802d9ff0: ; ImmutableOopMap {[336]=Oop }
                      ;*invokespecial <init> {reexecute=0 rethrow=0 return_oop=0}
                      ; - jdk.internal.reflect.DirectMethodHandleAccessor::invoke@88
  0x00000188802d9ff0: b905 0000 

  0x00000188802d9ff4: ;   {other}
  0x00000188802d9ff4: 0f1f 8400 | 6428 001a | 488b 8424 | 5001 0000 | e942 0500 

  0x00000188802da008: ;   {metadata({method} {0x000001889319def0} 'invoke' '(Ljava/lang/Object;[Ljava/lang/Object;)Ljava/lang/Object;' in 'jdk/internal/reflect/DirectMethodHandleAccessor')}
  0x00000188802da008: 0049 bae8 | de19 9388 | 0100 004c | 8954 2408 | 48c7 0424 | ffff ffff 

  0x00000188802da020: ;   {runtime_call counter_overflow Runtime1 stub}
  0x00000188802da020: e8db 1625 

  0x00000188802da024: ; ImmutableOopMap {rdx=Oop r8=Oop r9=Oop [176]=Oop [184]=Oop [192]=Oop }
                      ;*synchronization entry
                      ; - jdk.internal.reflect.DirectMethodHandleAccessor::invoke@-1
  0x00000188802da024: 07e9 b4dc 

  0x00000188802da028: ;   {metadata({method} {0x00000188933c4948} 'isStatic' '()Z' in 'jdk/internal/reflect/DirectMethodHandleAccessor')}
  0x00000188802da028: ffff 49ba | 4049 3c93 | 8801 0000 | 4c89 5424 | 0848 c704 | 24ff ffff 

  0x00000188802da040: ;   {runtime_call counter_overflow Runtime1 stub}
  0x00000188802da040: ffe8 ba16 

  0x00000188802da044: ; ImmutableOopMap {rdx=Oop r8=Oop r9=Oop [176]=Oop [184]=Oop [192]=Oop }
                      ;*synchronization entry
                      ; - jdk.internal.reflect.DirectMethodHandleAccessor::isStatic@-1
                      ; - jdk.internal.reflect.DirectMethodHandleAccessor::invoke@1
  0x00000188802da044: 2507 e9cf 

  0x00000188802da048: ;   {metadata({method} {0x00000188933c4898} 'checkReceiver' '(Ljava/lang/Object;)V' in 'jdk/internal/reflect/DirectMethodHandleAccessor')}
  0x00000188802da048: dcff ff49 | ba90 483c | 9388 0100 | 004c 8954 | 2408 48c7 | 0424 ffff 

  0x00000188802da060: ;   {runtime_call counter_overflow Runtime1 stub}
  0x00000188802da060: ffff e899 

  0x00000188802da064: ; ImmutableOopMap {rdx=Oop r8=Oop [176]=Oop [184]=Oop [192]=Oop }
                      ;*synchronization entry
                      ; - jdk.internal.reflect.DirectMethodHandleAccessor::checkReceiver@-1
                      ; - jdk.internal.reflect.DirectMethodHandleAccessor::invoke@9
  0x00000188802da064: 1625 07e9 | 75dd ffff 

  0x00000188802da06c: ;   {runtime_call throw_null_pointer_exception Runtime1 stub}
  0x00000188802da06c: e88f a824 

  0x00000188802da070: ; ImmutableOopMap {rdx=Oop r8=Oop rsi=Oop [176]=Oop [184]=Oop [192]=Oop }
                      ;*invokevirtual getClass {reexecute=0 rethrow=0 return_oop=0}
                      ; - jdk.internal.reflect.DirectMethodHandleAccessor::checkReceiver@5
                      ; - jdk.internal.reflect.DirectMethodHandleAccessor::invoke@9
                      ;   {runtime_call throw_null_pointer_exception Runtime1 stub}
  0x00000188802da070: 07e8 8aa8 

  0x00000188802da074: ; ImmutableOopMap {rdx=Oop r8=Oop rsi=Oop rdi=Oop [176]=Oop [184]=Oop [192]=Oop }
                      ;*invokevirtual isAssignableFrom {reexecute=0 rethrow=0 return_oop=0}
                      ; - jdk.internal.reflect.DirectMethodHandleAccessor::checkReceiver@8
                      ; - jdk.internal.reflect.DirectMethodHandleAccessor::invoke@9
                      ;   {metadata({method} {0x00000188933c46e0} 'invokeImpl' '(Ljava/lang/Object;[Ljava/lang/Object;)Ljava/lang/Object;' in 'jdk/internal/reflect/DirectMethodHandleAccessor')}
  0x00000188802da074: 2407 49ba | d846 3c93 | 8801 0000 | 4c89 5424 | 0848 c704 | 24ff ffff 

  0x00000188802da08c: ;   {runtime_call counter_overflow Runtime1 stub}
  0x00000188802da08c: ffe8 6e16 

  0x00000188802da090: ; ImmutableOopMap {rdx=Oop [176]=Oop [184]=Oop [192]=Oop }
                      ;*synchronization entry
                      ; - jdk.internal.reflect.DirectMethodHandleAccessor::invokeImpl@-1
                      ; - jdk.internal.reflect.DirectMethodHandleAccessor::invoke@23
  0x00000188802da090: 2507 e95e | deff ff48 | bfa0 7624 | 4007 0000 | 00b8 000f 

  0x00000188802da0a4: ;   {runtime_call load_appendix_patching Runtime1 stub}
  0x00000188802da0a4: 050a e8d5 

  0x00000188802da0a8: ; ImmutableOopMap {rdx=Oop r9=Oop r8=Oop rsi=Oop [176]=Oop [184]=Oop [192]=Oop }
                      ;*invokevirtual invokeExact {reexecute=1 rethrow=0 return_oop=0}
                      ; - (reexecute) jdk.internal.reflect.DirectMethodHandleAccessor::invokeImpl@104
                      ; - jdk.internal.reflect.DirectMethodHandleAccessor::invoke@23
  0x00000188802da0a8: 0925 07e9 | f8de ffff 

  0x00000188802da0b0: ;   {runtime_call throw_null_pointer_exception Runtime1 stub}
  0x00000188802da0b0: e84b a824 

  0x00000188802da0b4: ; ImmutableOopMap {rdx=Oop r9=Oop r8=Oop rsi=Oop rdi=Oop [176]=Oop [184]=Oop [192]=Oop }
                      ;*invokevirtual invokeExact {reexecute=0 rethrow=0 return_oop=0}
                      ; - jdk.internal.reflect.DirectMethodHandleAccessor::invokeImpl@104
                      ; - jdk.internal.reflect.DirectMethodHandleAccessor::invoke@23
                      ;   {internal_word}
  0x00000188802da0b4: 0749 ba94 | 812d 8088 | 0100 004d | 8997 6004 

  0x00000188802da0c4: ;   {runtime_call SafepointBlob}
  0x00000188802da0c4: 0000 e935 

  0x00000188802da0c8: ;   {runtime_call throw_null_pointer_exception Runtime1 stub}
  0x00000188802da0c8: b618 07e8 

  0x00000188802da0cc: ; ImmutableOopMap {rdx=Oop r9=Oop r8=Oop rsi=Oop [176]=Oop [184]=Oop [192]=Oop [208]=Oop }
                      ;*aaload {reexecute=0 rethrow=0 return_oop=0}
                      ; - jdk.internal.reflect.DirectMethodHandleAccessor::invokeImpl@85
                      ; - jdk.internal.reflect.DirectMethodHandleAccessor::invoke@23
  0x00000188802da0cc: 30a8 2407 

  0x00000188802da0d0: ;   {runtime_call throw_null_pointer_exception Runtime1 stub}
  0x00000188802da0d0: e82b a824 

  0x00000188802da0d4: ; ImmutableOopMap {rdx=Oop r9=Oop r8=Oop rsi=Oop [176]=Oop [184]=Oop [192]=Oop [208]=Oop }
                      ;*aaload {reexecute=0 rethrow=0 return_oop=0}
                      ; - jdk.internal.reflect.DirectMethodHandleAccessor::invokeImpl@85
                      ; - jdk.internal.reflect.DirectMethodHandleAccessor::invoke@23
  0x00000188802da0d4: 0748 c704 | 2400 0000 | 004c 894c 

  0x00000188802da0e0: ;   {runtime_call throw_range_check_failed Runtime1 stub}
  0x00000188802da0e0: 2408 e899 

  0x00000188802da0e4: ; ImmutableOopMap {rdx=Oop r9=Oop r8=Oop rsi=Oop [176]=Oop [184]=Oop [192]=Oop [208]=Oop }
                      ;*aaload {reexecute=0 rethrow=0 return_oop=0}
                      ; - jdk.internal.reflect.DirectMethodHandleAccessor::invokeImpl@85
                      ; - jdk.internal.reflect.DirectMethodHandleAccessor::invoke@23
  0x00000188802da0e4: 9524 0748 | c704 2401 | 0000 004c | 894c 2408 

  0x00000188802da0f4: ;   {runtime_call throw_range_check_failed Runtime1 stub}
  0x00000188802da0f4: e887 9524 

  0x00000188802da0f8: ; ImmutableOopMap {rdx=Oop r9=Oop r8=Oop rsi=Oop rdi=Oop [176]=Oop [184]=Oop [192]=Oop [200]=Oop [208]=Oop }
                      ;*aaload {reexecute=0 rethrow=0 return_oop=0}
                      ; - jdk.internal.reflect.DirectMethodHandleAccessor::invokeImpl@88
                      ; - jdk.internal.reflect.DirectMethodHandleAccessor::invoke@23
  0x00000188802da0f8: 0748 c704 | 2402 0000 | 004c 894c 

  0x00000188802da104: ;   {runtime_call throw_range_check_failed Runtime1 stub}
  0x00000188802da104: 2408 e875 

  0x00000188802da108: ; ImmutableOopMap {rdx=Oop r9=Oop r8=Oop rsi=Oop rdi=Oop rbx=Oop [176]=Oop [184]=Oop [192]=Oop [200]=Oop [208]=Oop [216]=Oop }
                      ;*aaload {reexecute=0 rethrow=0 return_oop=0}
                      ; - jdk.internal.reflect.DirectMethodHandleAccessor::invokeImpl@91
                      ; - jdk.internal.reflect.DirectMethodHandleAccessor::invoke@23
                      ;   {metadata({method} {0x00000188d442b6b8} 'invokeExact_MT' '(Ljava/lang/Object;Ljava/lang/Object;Ljava/lang/Object;Ljava/lang/Object;Ljava/lang/Object;Ljava/lang/Object;)Ljava/lang/Object;' in 'java/lang/invoke/LambdaForm$MH+0x000001889400f400')}
  0x00000188802da108: 9524 0749 | bab0 b642 | d488 0100 | 004c 8954 | 2408 48c7 | 0424 ffff 

  0x00000188802da120: ;   {runtime_call counter_overflow Runtime1 stub}
  0x00000188802da120: ffff e8d9 

  0x00000188802da124: ; ImmutableOopMap {rdx=Oop r8=Oop rsi=Oop rdi=Oop rbx=Oop rax=Oop [176]=Oop [192]=Oop [200]=Oop [208]=Oop [216]=Oop [224]=Oop }
                      ;*synchronization entry
                      ; - java.lang.invoke.LambdaForm$MH/0x000001889400f400::invokeExact_MT@-1
                      ; - jdk.internal.reflect.DirectMethodHandleAccessor::invokeImpl@92
                      ; - jdk.internal.reflect.DirectMethodHandleAccessor::invoke@23
  0x00000188802da124: 1525 07e9 | 5ce2 ffff 

  0x00000188802da12c: ;   {metadata({method} {0x00000188933d94e0} 'checkExactType' '(Ljava/lang/invoke/MethodHandle;Ljava/lang/invoke/MethodType;)V' in 'java/lang/invoke/Invokers')}
  0x00000188802da12c: 49ba d894 | 3d93 8801 | 0000 4c89 | 5424 0848 | c704 24ff 

  0x00000188802da140: ;   {runtime_call counter_overflow Runtime1 stub}
  0x00000188802da140: ffff ffe8 

  0x00000188802da144: ; ImmutableOopMap {rdx=Oop r8=Oop rsi=Oop rdi=Oop rbx=Oop rax=Oop r9=Oop [176]=Oop [192]=Oop [200]=Oop [208]=Oop [216]=Oop [224]=Oop }
                      ;*synchronization entry
                      ; - java.lang.invoke.Invokers::checkExactType@-1
                      ; - java.lang.invoke.LambdaForm$MH/0x000001889400f400::invokeExact_MT@11
                      ; - jdk.internal.reflect.DirectMethodHandleAccessor::invokeImpl@92
                      ; - jdk.internal.reflect.DirectMethodHandleAccessor::invoke@23
  0x00000188802da144: b815 2507 | e904 e3ff 

  0x00000188802da14c: ;   {runtime_call throw_null_pointer_exception Runtime1 stub}
  0x00000188802da14c: ffe8 aea7 

  0x00000188802da150: ; ImmutableOopMap {rdx=Oop r8=Oop rsi=Oop rdi=Oop rbx=Oop rax=Oop r9=Oop [176]=Oop [192]=Oop [200]=Oop [208]=Oop [216]=Oop [224]=Oop }
                      ;*invokevirtual type {reexecute=0 rethrow=0 return_oop=0}
                      ; - java.lang.invoke.Invokers::checkExactType@1
                      ; - java.lang.invoke.LambdaForm$MH/0x000001889400f400::invokeExact_MT@11
                      ; - jdk.internal.reflect.DirectMethodHandleAccessor::invokeImpl@92
                      ; - jdk.internal.reflect.DirectMethodHandleAccessor::invoke@23
                      ;   {metadata({method} {0x00000188933d93d8} 'checkCustomized' '(Ljava/lang/invoke/MethodHandle;)V' in 'java/lang/invoke/Invokers')}
  0x00000188802da150: 2407 49ba | d093 3d93 | 8801 0000 | 4c89 5424 | 0848 c704 | 24ff ffff 

  0x00000188802da168: ;   {runtime_call counter_overflow Runtime1 stub}
  0x00000188802da168: ffe8 9215 

  0x00000188802da16c: ; ImmutableOopMap {rdx=Oop r8=Oop rsi=Oop rdi=Oop rbx=Oop rax=Oop [176]=Oop [192]=Oop [200]=Oop [208]=Oop [216]=Oop [224]=Oop }
                      ;*synchronization entry
                      ; - java.lang.invoke.Invokers::checkCustomized@-1
                      ; - java.lang.invoke.LambdaForm$MH/0x000001889400f400::invokeExact_MT@15
                      ; - jdk.internal.reflect.DirectMethodHandleAccessor::invokeImpl@92
                      ; - jdk.internal.reflect.DirectMethodHandleAccessor::invoke@23
  0x00000188802da16c: 2507 e945 

  0x00000188802da170: ;   {metadata({method} {0x0000018893095ff0} 'isCompileConstant' '(Ljava/lang/Object;)Z' in 'java/lang/invoke/MethodHandleImpl')}
  0x00000188802da170: e4ff ff49 | bae8 5f09 | 9388 0100 | 004c 8954 | 2408 48c7 | 0424 ffff 

  0x00000188802da188: ;   {runtime_call counter_overflow Runtime1 stub}
  0x00000188802da188: ffff e871 

  0x00000188802da18c: ; ImmutableOopMap {rdx=Oop r8=Oop rsi=Oop rdi=Oop rbx=Oop rax=Oop [176]=Oop [192]=Oop [200]=Oop [208]=Oop [216]=Oop [224]=Oop }
                      ;*synchronization entry
                      ; - java.lang.invoke.MethodHandleImpl::isCompileConstant@-1
                      ; - java.lang.invoke.Invokers::checkCustomized@1
                      ; - java.lang.invoke.LambdaForm$MH/0x000001889400f400::invokeExact_MT@15
                      ; - jdk.internal.reflect.DirectMethodHandleAccessor::invokeImpl@92
                      ; - jdk.internal.reflect.DirectMethodHandleAccessor::invoke@23
  0x00000188802da18c: 1525 07e9 | 62e4 ffff 

  0x00000188802da194: ;   {runtime_call throw_null_pointer_exception Runtime1 stub}
  0x00000188802da194: e867 a724 

  0x00000188802da198: ; ImmutableOopMap {rdx=Oop r8=Oop rsi=Oop rdi=Oop rbx=Oop rax=Oop [176]=Oop [192]=Oop [200]=Oop [208]=Oop [216]=Oop [224]=Oop }
                      ;*getfield customized {reexecute=1 rethrow=0 return_oop=0}
                      ; - (reexecute) java.lang.invoke.Invokers::checkCustomized@12
                      ; - java.lang.invoke.LambdaForm$MH/0x000001889400f400::invokeExact_MT@15
                      ; - jdk.internal.reflect.DirectMethodHandleAccessor::invokeImpl@92
                      ; - jdk.internal.reflect.DirectMethodHandleAccessor::invoke@23
                      ;   {internal_word}
  0x00000188802da198: 0749 ba7c | 882d 8088 | 0100 004d | 8997 6004 

  0x00000188802da1a8: ;   {runtime_call SafepointBlob}
  0x00000188802da1a8: 0000 e951 

  0x00000188802da1ac: ;   {runtime_call throw_null_pointer_exception Runtime1 stub}
  0x00000188802da1ac: b518 07e8 

  0x00000188802da1b0: ; ImmutableOopMap {rdx=Oop r9=Oop r8=Oop rsi=Oop [176]=Oop [184]=Oop [192]=Oop [240]=Oop }
                      ;*aaload {reexecute=0 rethrow=0 return_oop=0}
                      ; - jdk.internal.reflect.DirectMethodHandleAccessor::invokeImpl@68
                      ; - jdk.internal.reflect.DirectMethodHandleAccessor::invoke@23
  0x00000188802da1b0: 4ca7 2407 

  0x00000188802da1b4: ;   {runtime_call throw_null_pointer_exception Runtime1 stub}
  0x00000188802da1b4: e847 a724 

  0x00000188802da1b8: ; ImmutableOopMap {rdx=Oop r9=Oop r8=Oop rsi=Oop [176]=Oop [184]=Oop [192]=Oop [240]=Oop }
                      ;*aaload {reexecute=0 rethrow=0 return_oop=0}
                      ; - jdk.internal.reflect.DirectMethodHandleAccessor::invokeImpl@68
                      ; - jdk.internal.reflect.DirectMethodHandleAccessor::invoke@23
  0x00000188802da1b8: 0748 c704 | 2400 0000 | 004c 894c 

  0x00000188802da1c4: ;   {runtime_call throw_range_check_failed Runtime1 stub}
  0x00000188802da1c4: 2408 e8b5 

  0x00000188802da1c8: ; ImmutableOopMap {rdx=Oop r9=Oop r8=Oop rsi=Oop [176]=Oop [184]=Oop [192]=Oop [240]=Oop }
                      ;*aaload {reexecute=0 rethrow=0 return_oop=0}
                      ; - jdk.internal.reflect.DirectMethodHandleAccessor::invokeImpl@68
                      ; - jdk.internal.reflect.DirectMethodHandleAccessor::invoke@23
  0x00000188802da1c8: 9424 0748 | c704 2401 | 0000 004c | 894c 2408 

  0x00000188802da1d8: ;   {runtime_call throw_range_check_failed Runtime1 stub}
  0x00000188802da1d8: e8a3 9424 

  0x00000188802da1dc: ; ImmutableOopMap {rdx=Oop r9=Oop r8=Oop rsi=Oop rdi=Oop [176]=Oop [184]=Oop [192]=Oop [232]=Oop [240]=Oop }
                      ;*aaload {reexecute=0 rethrow=0 return_oop=0}
                      ; - jdk.internal.reflect.DirectMethodHandleAccessor::invokeImpl@71
                      ; - jdk.internal.reflect.DirectMethodHandleAccessor::invoke@23
                      ;   {metadata({method} {0x00000188d4455ab8} 'invokeExact_MT' '(Ljava/lang/Object;Ljava/lang/Object;Ljava/lang/Object;Ljava/lang/Object;Ljava/lang/Object;)Ljava/lang/Object;' in 'java/lang/invoke/LambdaForm$MH+0x000001889401cc00')}
  0x00000188802da1dc: 0749 bab0 | 5a45 d488 | 0100 004c | 8954 2408 | 48c7 0424 | ffff ffff 

  0x00000188802da1f4: ;   {runtime_call counter_overflow Runtime1 stub}
  0x00000188802da1f4: e807 1525 

  0x00000188802da1f8: ; ImmutableOopMap {rdx=Oop r8=Oop rsi=Oop rdi=Oop rbx=Oop [176]=Oop [192]=Oop [232]=Oop [240]=Oop [248]=Oop }
                      ;*synchronization entry
                      ; - java.lang.invoke.LambdaForm$MH/0x000001889401cc00::invokeExact_MT@-1
                      ; - jdk.internal.reflect.DirectMethodHandleAccessor::invokeImpl@72
                      ; - jdk.internal.reflect.DirectMethodHandleAccessor::invoke@23
  0x00000188802da1f8: 07e9 4ee8 

  0x00000188802da1fc: ;   {metadata({method} {0x00000188933d94e0} 'checkExactType' '(Ljava/lang/invoke/MethodHandle;Ljava/lang/invoke/MethodType;)V' in 'java/lang/invoke/Invokers')}
  0x00000188802da1fc: ffff 49ba | d894 3d93 | 8801 0000 | 4c89 5424 | 0848 c704 | 24ff ffff 

  0x00000188802da214: ;   {runtime_call counter_overflow Runtime1 stub}
  0x00000188802da214: ffe8 e614 

  0x00000188802da218: ; ImmutableOopMap {rdx=Oop r8=Oop rsi=Oop rdi=Oop rbx=Oop rcx=Oop [176]=Oop [192]=Oop [232]=Oop [240]=Oop [248]=Oop }
                      ;*synchronization entry
                      ; - java.lang.invoke.Invokers::checkExactType@-1
                      ; - java.lang.invoke.LambdaForm$MH/0x000001889401cc00::invokeExact_MT@11
                      ; - jdk.internal.reflect.DirectMethodHandleAccessor::invokeImpl@72
                      ; - jdk.internal.reflect.DirectMethodHandleAccessor::invoke@23
  0x00000188802da218: 2507 e9f4 

  0x00000188802da21c: ;   {runtime_call throw_null_pointer_exception Runtime1 stub}
  0x00000188802da21c: e8ff ffe8 

  0x00000188802da220: ; ImmutableOopMap {rdx=Oop r8=Oop rsi=Oop rdi=Oop rbx=Oop rcx=Oop [176]=Oop [192]=Oop [232]=Oop [240]=Oop [248]=Oop }
                      ;*invokevirtual type {reexecute=0 rethrow=0 return_oop=0}
                      ; - java.lang.invoke.Invokers::checkExactType@1
                      ; - java.lang.invoke.LambdaForm$MH/0x000001889401cc00::invokeExact_MT@11
                      ; - jdk.internal.reflect.DirectMethodHandleAccessor::invokeImpl@72
                      ; - jdk.internal.reflect.DirectMethodHandleAccessor::invoke@23
  0x00000188802da220: dca6 2407 

  0x00000188802da224: ;   {metadata({method} {0x00000188933d93d8} 'checkCustomized' '(Ljava/lang/invoke/MethodHandle;)V' in 'java/lang/invoke/Invokers')}
  0x00000188802da224: 49ba d093 | 3d93 8801 | 0000 4c89 | 5424 0848 | c704 24ff 

  0x00000188802da238: ;   {runtime_call counter_overflow Runtime1 stub}
  0x00000188802da238: ffff ffe8 

  0x00000188802da23c: ; ImmutableOopMap {rdx=Oop r8=Oop rsi=Oop rdi=Oop rbx=Oop [176]=Oop [192]=Oop [232]=Oop [240]=Oop [248]=Oop }
                      ;*synchronization entry
                      ; - java.lang.invoke.Invokers::checkCustomized@-1
                      ; - java.lang.invoke.LambdaForm$MH/0x000001889401cc00::invokeExact_MT@15
                      ; - jdk.internal.reflect.DirectMethodHandleAccessor::invokeImpl@72
                      ; - jdk.internal.reflect.DirectMethodHandleAccessor::invoke@23
  0x00000188802da23c: c014 2507 | e92e eaff 

  0x00000188802da244: ;   {metadata({method} {0x0000018893095ff0} 'isCompileConstant' '(Ljava/lang/Object;)Z' in 'java/lang/invoke/MethodHandleImpl')}
  0x00000188802da244: ff49 bae8 | 5f09 9388 | 0100 004c | 8954 2408 | 48c7 0424 | ffff ffff 

  0x00000188802da25c: ;   {runtime_call counter_overflow Runtime1 stub}
  0x00000188802da25c: e89f 1425 

  0x00000188802da260: ; ImmutableOopMap {rdx=Oop r8=Oop rsi=Oop rdi=Oop rbx=Oop [176]=Oop [192]=Oop [232]=Oop [240]=Oop [248]=Oop }
                      ;*synchronization entry
                      ; - java.lang.invoke.MethodHandleImpl::isCompileConstant@-1
                      ; - java.lang.invoke.Invokers::checkCustomized@1
                      ; - java.lang.invoke.LambdaForm$MH/0x000001889401cc00::invokeExact_MT@15
                      ; - jdk.internal.reflect.DirectMethodHandleAccessor::invokeImpl@72
                      ; - jdk.internal.reflect.DirectMethodHandleAccessor::invoke@23
  0x00000188802da260: 07e9 46ea 

  0x00000188802da264: ;   {runtime_call throw_null_pointer_exception Runtime1 stub}
  0x00000188802da264: ffff e895 

  0x00000188802da268: ; ImmutableOopMap {rdx=Oop r8=Oop rsi=Oop rdi=Oop rbx=Oop [176]=Oop [192]=Oop [232]=Oop [240]=Oop [248]=Oop }
                      ;*getfield customized {reexecute=1 rethrow=0 return_oop=0}
                      ; - (reexecute) java.lang.invoke.Invokers::checkCustomized@12
                      ; - java.lang.invoke.LambdaForm$MH/0x000001889401cc00::invokeExact_MT@15
                      ; - jdk.internal.reflect.DirectMethodHandleAccessor::invokeImpl@72
                      ; - jdk.internal.reflect.DirectMethodHandleAccessor::invoke@23
                      ;   {internal_word}
  0x00000188802da268: a624 0749 | ba1c 8f2d | 8088 0100 | 004d 8997 | 6004 0000 

  0x00000188802da27c: ;   {runtime_call SafepointBlob}
  0x00000188802da27c: e97f b418 

  0x00000188802da280: ;   {runtime_call throw_null_pointer_exception Runtime1 stub}
  0x00000188802da280: 07e8 7aa6 

  0x00000188802da284: ; ImmutableOopMap {rdx=Oop r9=Oop r8=Oop rsi=Oop [176]=Oop [184]=Oop [192]=Oop [264]=Oop }
                      ;*aaload {reexecute=0 rethrow=0 return_oop=0}
                      ; - jdk.internal.reflect.DirectMethodHandleAccessor::invokeImpl@54
                      ; - jdk.internal.reflect.DirectMethodHandleAccessor::invoke@23
                      ;   {runtime_call throw_null_pointer_exception Runtime1 stub}
  0x00000188802da284: 2407 e875 

  0x00000188802da288: ; ImmutableOopMap {rdx=Oop r9=Oop r8=Oop rsi=Oop [176]=Oop [184]=Oop [192]=Oop [264]=Oop }
                      ;*aaload {reexecute=0 rethrow=0 return_oop=0}
                      ; - jdk.internal.reflect.DirectMethodHandleAccessor::invokeImpl@54
                      ; - jdk.internal.reflect.DirectMethodHandleAccessor::invoke@23
  0x00000188802da288: a624 0748 | c704 2400 | 0000 004c | 894c 2408 

  0x00000188802da298: ;   {runtime_call throw_range_check_failed Runtime1 stub}
  0x00000188802da298: e8e3 9324 

  0x00000188802da29c: ; ImmutableOopMap {rdx=Oop r9=Oop r8=Oop rsi=Oop [176]=Oop [184]=Oop [192]=Oop [264]=Oop }
                      ;*aaload {reexecute=0 rethrow=0 return_oop=0}
                      ; - jdk.internal.reflect.DirectMethodHandleAccessor::invokeImpl@54
                      ; - jdk.internal.reflect.DirectMethodHandleAccessor::invoke@23
                      ;   {metadata({method} {0x00000188930b0158} 'invokeExact_MT' '(Ljava/lang/Object;Ljava/lang/Object;Ljava/lang/Object;Ljava/lang/Object;)Ljava/lang/Object;' in 'java/lang/invoke/Invokers$Holder')}
  0x00000188802da29c: 0749 ba50 | 010b 9388 | 0100 004c | 8954 2408 | 48c7 0424 | ffff ffff 

  0x00000188802da2b4: ;   {runtime_call counter_overflow Runtime1 stub}
  0x00000188802da2b4: e847 1425 

  0x00000188802da2b8: ; ImmutableOopMap {rdx=Oop r8=Oop rsi=Oop rdi=Oop [176]=Oop [192]=Oop [256]=Oop [264]=Oop }
                      ;*synchronization entry
                      ; - java.lang.invoke.Invokers$Holder::invokeExact_MT@-1
                      ; - jdk.internal.reflect.DirectMethodHandleAccessor::invokeImpl@55
                      ; - jdk.internal.reflect.DirectMethodHandleAccessor::invoke@23
  0x00000188802da2b8: 07e9 09ee 

  0x00000188802da2bc: ;   {metadata({method} {0x00000188933d94e0} 'checkExactType' '(Ljava/lang/invoke/MethodHandle;Ljava/lang/invoke/MethodType;)V' in 'java/lang/invoke/Invokers')}
  0x00000188802da2bc: ffff 49ba | d894 3d93 | 8801 0000 | 4c89 5424 | 0848 c704 | 24ff ffff 

  0x00000188802da2d4: ;   {runtime_call counter_overflow Runtime1 stub}
  0x00000188802da2d4: ffe8 2614 

  0x00000188802da2d8: ; ImmutableOopMap {rdx=Oop r8=Oop rsi=Oop rdi=Oop rax=Oop [176]=Oop [192]=Oop [256]=Oop [264]=Oop }
                      ;*synchronization entry
                      ; - java.lang.invoke.Invokers::checkExactType@-1
                      ; - java.lang.invoke.Invokers$Holder::invokeExact_MT@10
                      ; - jdk.internal.reflect.DirectMethodHandleAccessor::invokeImpl@55
                      ; - jdk.internal.reflect.DirectMethodHandleAccessor::invoke@23
  0x00000188802da2d8: 2507 e9a7 

  0x00000188802da2dc: ;   {runtime_call throw_null_pointer_exception Runtime1 stub}
  0x00000188802da2dc: eeff ffe8 

  0x00000188802da2e0: ; ImmutableOopMap {rdx=Oop r8=Oop rsi=Oop rdi=Oop rax=Oop [176]=Oop [192]=Oop [256]=Oop [264]=Oop }
                      ;*invokevirtual type {reexecute=0 rethrow=0 return_oop=0}
                      ; - java.lang.invoke.Invokers::checkExactType@1
                      ; - java.lang.invoke.Invokers$Holder::invokeExact_MT@10
                      ; - jdk.internal.reflect.DirectMethodHandleAccessor::invokeImpl@55
                      ; - jdk.internal.reflect.DirectMethodHandleAccessor::invoke@23
  0x00000188802da2e0: 1ca6 2407 

  0x00000188802da2e4: ;   {metadata({method} {0x00000188933d93d8} 'checkCustomized' '(Ljava/lang/invoke/MethodHandle;)V' in 'java/lang/invoke/Invokers')}
  0x00000188802da2e4: 49ba d093 | 3d93 8801 | 0000 4c89 | 5424 0848 | c704 24ff 

  0x00000188802da2f8: ;   {runtime_call counter_overflow Runtime1 stub}
  0x00000188802da2f8: ffff ffe8 

  0x00000188802da2fc: ; ImmutableOopMap {rdx=Oop r8=Oop rsi=Oop rdi=Oop [176]=Oop [192]=Oop [256]=Oop [264]=Oop }
                      ;*synchronization entry
                      ; - java.lang.invoke.Invokers::checkCustomized@-1
                      ; - java.lang.invoke.Invokers$Holder::invokeExact_MT@14
                      ; - jdk.internal.reflect.DirectMethodHandleAccessor::invokeImpl@55
                      ; - jdk.internal.reflect.DirectMethodHandleAccessor::invoke@23
  0x00000188802da2fc: 0014 2507 | e9dd efff 

  0x00000188802da304: ;   {metadata({method} {0x0000018893095ff0} 'isCompileConstant' '(Ljava/lang/Object;)Z' in 'java/lang/invoke/MethodHandleImpl')}
  0x00000188802da304: ff49 bae8 | 5f09 9388 | 0100 004c | 8954 2408 | 48c7 0424 | ffff ffff 

  0x00000188802da31c: ;   {runtime_call counter_overflow Runtime1 stub}
  0x00000188802da31c: e8df 1325 

  0x00000188802da320: ; ImmutableOopMap {rdx=Oop r8=Oop rsi=Oop rdi=Oop [176]=Oop [192]=Oop [256]=Oop [264]=Oop }
                      ;*synchronization entry
                      ; - java.lang.invoke.MethodHandleImpl::isCompileConstant@-1
                      ; - java.lang.invoke.Invokers::checkCustomized@1
                      ; - java.lang.invoke.Invokers$Holder::invokeExact_MT@14
                      ; - jdk.internal.reflect.DirectMethodHandleAccessor::invokeImpl@55
                      ; - jdk.internal.reflect.DirectMethodHandleAccessor::invoke@23
  0x00000188802da320: 07e9 f4ef 

  0x00000188802da324: ;   {runtime_call throw_null_pointer_exception Runtime1 stub}
  0x00000188802da324: ffff e8d5 

  0x00000188802da328: ; ImmutableOopMap {rdx=Oop r8=Oop rsi=Oop rdi=Oop [176]=Oop [192]=Oop [256]=Oop [264]=Oop }
                      ;*getfield customized {reexecute=1 rethrow=0 return_oop=0}
                      ; - (reexecute) java.lang.invoke.Invokers::checkCustomized@12
                      ; - java.lang.invoke.Invokers$Holder::invokeExact_MT@14
                      ; - jdk.internal.reflect.DirectMethodHandleAccessor::invokeImpl@55
                      ; - jdk.internal.reflect.DirectMethodHandleAccessor::invoke@23
                      ;   {internal_word}
  0x00000188802da328: a524 0749 | ba84 952d | 8088 0100 | 004d 8997 | 6004 0000 

  0x00000188802da33c: ;   {runtime_call SafepointBlob}
  0x00000188802da33c: e9bf b318 

  0x00000188802da340: ;   {metadata({method} {0x00000188930b0208} 'invokeExact_MT' '(Ljava/lang/Object;Ljava/lang/Object;Ljava/lang/Object;)Ljava/lang/Object;' in 'java/lang/invoke/Invokers$Holder')}
  0x00000188802da340: 0749 ba00 | 020b 9388 | 0100 004c | 8954 2408 | 48c7 0424 | ffff ffff 

  0x00000188802da358: ;   {runtime_call counter_overflow Runtime1 stub}
  0x00000188802da358: e8a3 1325 

  0x00000188802da35c: ; ImmutableOopMap {rdx=Oop r8=Oop rsi=Oop [176]=Oop [192]=Oop [272]=Oop }
                      ;*synchronization entry
                      ; - java.lang.invoke.Invokers$Holder::invokeExact_MT@-1
                      ; - jdk.internal.reflect.DirectMethodHandleAccessor::invokeImpl@41
                      ; - jdk.internal.reflect.DirectMethodHandleAccessor::invoke@23
  0x00000188802da35c: 07e9 0ff3 

  0x00000188802da360: ;   {metadata({method} {0x00000188933d94e0} 'checkExactType' '(Ljava/lang/invoke/MethodHandle;Ljava/lang/invoke/MethodType;)V' in 'java/lang/invoke/Invokers')}
  0x00000188802da360: ffff 49ba | d894 3d93 | 8801 0000 | 4c89 5424 | 0848 c704 | 24ff ffff 

  0x00000188802da378: ;   {runtime_call counter_overflow Runtime1 stub}
  0x00000188802da378: ffe8 8213 

  0x00000188802da37c: ; ImmutableOopMap {rdx=Oop r8=Oop rsi=Oop rbx=Oop [176]=Oop [192]=Oop [272]=Oop }
                      ;*synchronization entry
                      ; - java.lang.invoke.Invokers::checkExactType@-1
                      ; - java.lang.invoke.Invokers$Holder::invokeExact_MT@10
                      ; - jdk.internal.reflect.DirectMethodHandleAccessor::invokeImpl@41
                      ; - jdk.internal.reflect.DirectMethodHandleAccessor::invoke@23
  0x00000188802da37c: 2507 e963 

  0x00000188802da380: ;   {runtime_call throw_null_pointer_exception Runtime1 stub}
  0x00000188802da380: f3ff ffe8 

  0x00000188802da384: ; ImmutableOopMap {rdx=Oop r8=Oop rsi=Oop rbx=Oop [176]=Oop [192]=Oop [272]=Oop }
                      ;*invokevirtual type {reexecute=0 rethrow=0 return_oop=0}
                      ; - java.lang.invoke.Invokers::checkExactType@1
                      ; - java.lang.invoke.Invokers$Holder::invokeExact_MT@10
                      ; - jdk.internal.reflect.DirectMethodHandleAccessor::invokeImpl@41
                      ; - jdk.internal.reflect.DirectMethodHandleAccessor::invoke@23
  0x00000188802da384: 78a5 2407 

  0x00000188802da388: ;   {metadata({method} {0x00000188933d93d8} 'checkCustomized' '(Ljava/lang/invoke/MethodHandle;)V' in 'java/lang/invoke/Invokers')}
  0x00000188802da388: 49ba d093 | 3d93 8801 | 0000 4c89 | 5424 0848 | c704 24ff 

  0x00000188802da39c: ;   {runtime_call counter_overflow Runtime1 stub}
  0x00000188802da39c: ffff ffe8 

  0x00000188802da3a0: ; ImmutableOopMap {rdx=Oop r8=Oop rsi=Oop [176]=Oop [192]=Oop [272]=Oop }
                      ;*synchronization entry
                      ; - java.lang.invoke.Invokers::checkCustomized@-1
                      ; - java.lang.invoke.Invokers$Holder::invokeExact_MT@14
                      ; - jdk.internal.reflect.DirectMethodHandleAccessor::invokeImpl@41
                      ; - jdk.internal.reflect.DirectMethodHandleAccessor::invoke@23
  0x00000188802da3a0: 5c13 2507 | e942 f4ff 

  0x00000188802da3a8: ;   {metadata({method} {0x0000018893095ff0} 'isCompileConstant' '(Ljava/lang/Object;)Z' in 'java/lang/invoke/MethodHandleImpl')}
  0x00000188802da3a8: ff49 bae8 | 5f09 9388 | 0100 004c | 8954 2408 | 48c7 0424 | ffff ffff 

  0x00000188802da3c0: ;   {runtime_call counter_overflow Runtime1 stub}
  0x00000188802da3c0: e83b 1325 

  0x00000188802da3c4: ; ImmutableOopMap {rdx=Oop r8=Oop rsi=Oop [176]=Oop [192]=Oop [272]=Oop }
                      ;*synchronization entry
                      ; - java.lang.invoke.MethodHandleImpl::isCompileConstant@-1
                      ; - java.lang.invoke.Invokers::checkCustomized@1
                      ; - java.lang.invoke.Invokers$Holder::invokeExact_MT@14
                      ; - jdk.internal.reflect.DirectMethodHandleAccessor::invokeImpl@41
                      ; - jdk.internal.reflect.DirectMethodHandleAccessor::invoke@23
  0x00000188802da3c4: 07e9 5af4 

  0x00000188802da3c8: ;   {runtime_call throw_null_pointer_exception Runtime1 stub}
  0x00000188802da3c8: ffff e831 

  0x00000188802da3cc: ; ImmutableOopMap {rdx=Oop r8=Oop rsi=Oop [176]=Oop [192]=Oop [272]=Oop }
                      ;*getfield customized {reexecute=1 rethrow=0 return_oop=0}
                      ; - (reexecute) java.lang.invoke.Invokers::checkCustomized@12
                      ; - java.lang.invoke.Invokers$Holder::invokeExact_MT@14
                      ; - jdk.internal.reflect.DirectMethodHandleAccessor::invokeImpl@41
                      ; - jdk.internal.reflect.DirectMethodHandleAccessor::invoke@23
                      ;   {internal_word}
  0x00000188802da3cc: a524 0749 | ba6d 992d | 8088 0100 | 004d 8997 | 6004 0000 

  0x00000188802da3e0: ;   {runtime_call SafepointBlob}
  0x00000188802da3e0: e91b b318 

  0x00000188802da3e4: ;   {runtime_call throw_null_pointer_exception Runtime1 stub}
  0x00000188802da3e4: 07e8 16a5 

  0x00000188802da3e8: ; ImmutableOopMap {rax=Oop [176]=Oop [192]=Oop [272]=Oop }
                      ;*athrow {reexecute=1 rethrow=0 return_oop=0}
                      ; - (reexecute) java.lang.invoke.Invokers::checkExactType@15
                      ; - java.lang.invoke.Invokers$Holder::invokeExact_MT@10
                      ; - jdk.internal.reflect.DirectMethodHandleAccessor::invokeImpl@41
                      ; - jdk.internal.reflect.DirectMethodHandleAccessor::invoke@23
                      ;   {runtime_call throw_null_pointer_exception Runtime1 stub}
  0x00000188802da3e8: 2407 e811 

  0x00000188802da3ec: ; ImmutableOopMap {rax=Oop [176]=Oop [192]=Oop [256]=Oop [264]=Oop }
                      ;*athrow {reexecute=1 rethrow=0 return_oop=0}
                      ; - (reexecute) java.lang.invoke.Invokers::checkExactType@15
                      ; - java.lang.invoke.Invokers$Holder::invokeExact_MT@10
                      ; - jdk.internal.reflect.DirectMethodHandleAccessor::invokeImpl@55
                      ; - jdk.internal.reflect.DirectMethodHandleAccessor::invoke@23
                      ;   {runtime_call throw_null_pointer_exception Runtime1 stub}
  0x00000188802da3ec: a524 07e8 

  0x00000188802da3f0: ; ImmutableOopMap {rax=Oop [176]=Oop [192]=Oop [232]=Oop [240]=Oop [248]=Oop }
                      ;*athrow {reexecute=1 rethrow=0 return_oop=0}
                      ; - (reexecute) java.lang.invoke.Invokers::checkExactType@15
                      ; - java.lang.invoke.LambdaForm$MH/0x000001889401cc00::invokeExact_MT@11
                      ; - jdk.internal.reflect.DirectMethodHandleAccessor::invokeImpl@72
                      ; - jdk.internal.reflect.DirectMethodHandleAccessor::invoke@23
  0x00000188802da3f0: 0ca5 2407 

  0x00000188802da3f4: ;   {runtime_call throw_null_pointer_exception Runtime1 stub}
  0x00000188802da3f4: e807 a524 

  0x00000188802da3f8: ; ImmutableOopMap {rax=Oop [176]=Oop [192]=Oop [200]=Oop [208]=Oop [216]=Oop [224]=Oop }
                      ;*athrow {reexecute=1 rethrow=0 return_oop=0}
                      ; - (reexecute) java.lang.invoke.Invokers::checkExactType@15
                      ; - java.lang.invoke.LambdaForm$MH/0x000001889400f400::invokeExact_MT@11
                      ; - jdk.internal.reflect.DirectMethodHandleAccessor::invokeImpl@92
                      ; - jdk.internal.reflect.DirectMethodHandleAccessor::invoke@23
                      ;   {metadata({method} {0x00000188933c4688} 'isIllegalArgument' '(Ljava/lang/RuntimeException;)Z' in 'jdk/internal/reflect/DirectMethodHandleAccessor')}
  0x00000188802da3f8: 0749 ba80 | 463c 9388 | 0100 004c | 8954 2408 | 48c7 0424 | ffff ffff 

  0x00000188802da410: ;   {runtime_call counter_overflow Runtime1 stub}
  0x00000188802da410: e8eb 1225 

  0x00000188802da414: ; ImmutableOopMap {rax=Oop }
                      ;*synchronization entry
                      ; - jdk.internal.reflect.DirectMethodHandleAccessor::isIllegalArgument@-1
                      ; - jdk.internal.reflect.DirectMethodHandleAccessor::invoke@58
  0x00000188802da414: 07e9 c6f6 

  0x00000188802da418: ;   {metadata({method} {0x00000188933c4688} 'isIllegalArgument' '(Ljava/lang/RuntimeException;)Z' in 'jdk/internal/reflect/DirectMethodHandleAccessor')}
  0x00000188802da418: ffff 49ba | 8046 3c93 | 8801 0000 | 4c89 5424 | 0848 c704 | 24ff ffff 

  0x00000188802da430: ;   {runtime_call counter_overflow Runtime1 stub}
  0x00000188802da430: ffe8 ca12 

  0x00000188802da434: ; ImmutableOopMap {rax=Oop }
                      ;*synchronization entry
                      ; - jdk.internal.reflect.DirectMethodHandleAccessor::isIllegalArgument@-1
                      ; - jdk.internal.reflect.DirectMethodHandleAccessor::invoke@30
  0x00000188802da434: 2507 e960 

  0x00000188802da438: ;   {metadata(nullptr)}
  0x00000188802da438: f7ff ff48 | ba00 0000 | 0000 0000 | 00b8 000f 

  0x00000188802da448: ;   {runtime_call load_klass_patching Runtime1 stub}
  0x00000188802da448: 050a e8b1 

  0x00000188802da44c: ; ImmutableOopMap {}
                      ;*new {reexecute=1 rethrow=0 return_oop=0}
                      ; - (reexecute) jdk.internal.reflect.DirectMethodHandleAccessor::invoke@36
  0x00000188802da44c: f724 07e9 | a4f7 ffff 

  0x00000188802da454: ;   {runtime_call fast_new_instance Runtime1 stub}
  0x00000188802da454: 488b d2e8 

  0x00000188802da458: ; ImmutableOopMap {}
                      ;*new {reexecute=0 rethrow=0 return_oop=0}
                      ; - jdk.internal.reflect.DirectMethodHandleAccessor::invoke@36
  0x00000188802da458: 24b7 2407 | e9ef f7ff 

  0x00000188802da460: ;   {metadata(nullptr)}
  0x00000188802da460: ff48 ba00 | 0000 0000 | 0000 00b8 | 000f 050a 

  0x00000188802da470: ;   {runtime_call load_klass_patching Runtime1 stub}
  0x00000188802da470: e88b f724 

  0x00000188802da474: ; ImmutableOopMap {r8=Oop }
                      ;*new {reexecute=1 rethrow=0 return_oop=0}
                      ; - (reexecute) jdk.internal.reflect.DirectMethodHandleAccessor::invoke@46
  0x00000188802da474: 07e9 2ef8 

  0x00000188802da478: ;   {runtime_call throw_null_pointer_exception Runtime1 stub}
  0x00000188802da478: ffff e881 

  0x00000188802da47c: ; ImmutableOopMap {r8=Oop }
                      ;*new {reexecute=0 rethrow=0 return_oop=0}
                      ; - jdk.internal.reflect.DirectMethodHandleAccessor::invoke@46
  0x00000188802da47c: a424 0748 

  0x00000188802da480: ;   {runtime_call fast_new_instance_init_check Runtime1 stub}
  0x00000188802da480: 8bd2 e8f9 

  0x00000188802da484: ; ImmutableOopMap {r8=Oop }
                      ;*new {reexecute=0 rethrow=0 return_oop=0}
                      ; - jdk.internal.reflect.DirectMethodHandleAccessor::invoke@46
  0x00000188802da484: b924 07e9 | 81f8 ffff 

  0x00000188802da48c: ;   {metadata(nullptr)}
  0x00000188802da48c: 48ba 0000 | 0000 0000 | 0000 b800 

  0x00000188802da498: ;   {runtime_call load_klass_patching Runtime1 stub}
  0x00000188802da498: 0f05 0ae8 

  0x00000188802da49c: ; ImmutableOopMap {[280]=Oop }
                      ;*new {reexecute=1 rethrow=0 return_oop=0}
                      ; - (reexecute) jdk.internal.reflect.DirectMethodHandleAccessor::invoke@64
  0x00000188802da49c: 60f7 2407 | e9ab f8ff | ff48 8bd2 

  0x00000188802da4a8: ;   {runtime_call fast_new_instance Runtime1 stub}
  0x00000188802da4a8: e8d3 b624 

  0x00000188802da4ac: ; ImmutableOopMap {[280]=Oop }
                      ;*new {reexecute=0 rethrow=0 return_oop=0}
                      ; - jdk.internal.reflect.DirectMethodHandleAccessor::invoke@64
  0x00000188802da4ac: 07e9 f6f8 

  0x00000188802da4b0: ;   {metadata(nullptr)}
  0x00000188802da4b0: ffff 48ba | 0000 0000 | 0000 0000 | b800 0f05 

  0x00000188802da4c0: ;   {runtime_call load_klass_patching Runtime1 stub}
  0x00000188802da4c0: 0ae8 3af7 

  0x00000188802da4c4: ; ImmutableOopMap {r8=Oop }
                      ;*new {reexecute=1 rethrow=0 return_oop=0}
                      ; - (reexecute) jdk.internal.reflect.DirectMethodHandleAccessor::invoke@73
  0x00000188802da4c4: 2407 e935 

  0x00000188802da4c8: ;   {runtime_call throw_null_pointer_exception Runtime1 stub}
  0x00000188802da4c8: f9ff ffe8 

  0x00000188802da4cc: ; ImmutableOopMap {r8=Oop }
                      ;*new {reexecute=0 rethrow=0 return_oop=0}
                      ; - jdk.internal.reflect.DirectMethodHandleAccessor::invoke@73
  0x00000188802da4cc: 30a4 2407 

  0x00000188802da4d0: ;   {runtime_call fast_new_instance_init_check Runtime1 stub}
  0x00000188802da4d0: 488b d2e8 

  0x00000188802da4d4: ; ImmutableOopMap {r8=Oop }
                      ;*new {reexecute=0 rethrow=0 return_oop=0}
                      ; - jdk.internal.reflect.DirectMethodHandleAccessor::invoke@73
  0x00000188802da4d4: a8b9 2407 | e988 f9ff 

  0x00000188802da4dc: ;   {metadata(nullptr)}
  0x00000188802da4dc: ff48 ba00 | 0000 0000 | 0000 00b8 | 000f 050a 

  0x00000188802da4ec: ;   {runtime_call load_klass_patching Runtime1 stub}
  0x00000188802da4ec: e80f f724 

  0x00000188802da4f0: ; ImmutableOopMap {[176]=Oop [184]=Oop [192]=Oop }
                      ;*new {reexecute=1 rethrow=0 return_oop=0}
                      ; - (reexecute) jdk.internal.reflect.DirectMethodHandleAccessor::checkReceiver@14
                      ; - jdk.internal.reflect.DirectMethodHandleAccessor::invoke@9
  0x00000188802da4f0: 07e9 b2f9 | ffff 488b 

  0x00000188802da4f8: ;   {runtime_call fast_new_instance Runtime1 stub}
  0x00000188802da4f8: d2e8 82b6 

  0x00000188802da4fc: ; ImmutableOopMap {[176]=Oop [184]=Oop [192]=Oop }
                      ;*new {reexecute=0 rethrow=0 return_oop=0}
                      ; - jdk.internal.reflect.DirectMethodHandleAccessor::checkReceiver@14
                      ; - jdk.internal.reflect.DirectMethodHandleAccessor::invoke@9
  0x00000188802da4fc: 2407 e9fd 

  0x00000188802da500: ;   {metadata('java/lang/reflect/InvocationTargetException')}
  0x00000188802da500: f9ff ff48 | bab0 4504 | 9488 0100 | 00b8 000f 

  0x00000188802da510: ;   {runtime_call load_klass_patching Runtime1 stub}
  0x00000188802da510: 050a e8e9 

  0x00000188802da514: ; ImmutableOopMap {r8=Oop }
                      ;*new {reexecute=1 rethrow=0 return_oop=0}
                      ; - (reexecute) jdk.internal.reflect.DirectMethodHandleAccessor::invoke@83
  0x00000188802da514: f624 07e9 | 4cfa ffff 

  0x00000188802da51c: ;   {runtime_call throw_null_pointer_exception Runtime1 stub}
  0x00000188802da51c: e8df a324 

  0x00000188802da520: ; ImmutableOopMap {r8=Oop }
                      ;*new {reexecute=0 rethrow=0 return_oop=0}
                      ; - jdk.internal.reflect.DirectMethodHandleAccessor::invoke@83
  0x00000188802da520: 0748 8bd2 

  0x00000188802da524: ;   {runtime_call fast_new_instance_init_check Runtime1 stub}
  0x00000188802da524: e857 b924 

  0x00000188802da528: ; ImmutableOopMap {r8=Oop }
                      ;*new {reexecute=0 rethrow=0 return_oop=0}
                      ; - jdk.internal.reflect.DirectMethodHandleAccessor::invoke@83
  0x00000188802da528: 07e9 9ffa | ffff 498b | 87f8 0400 | 0049 c787 | f804 0000 | 0000 0000 | 49c7 8700 | 0500 0000 
  0x00000188802da548: 0000 0048 | 81c4 6001 

  0x00000188802da550: ;   {runtime_call unwind_exception Runtime1 stub}
  0x00000188802da550: 0000 5de9 | a886 2407 
[Stub Code]
  0x00000188802da558: ;   {no_reloc}
  0x00000188802da558: 0f1f 4400 

  0x00000188802da55c: ;   {static_stub}
  0x00000188802da55c: 0048 bb50 | 010b 9388 

  0x00000188802da564: ;   {runtime_call I2C/C2I adapters}
  0x00000188802da564: 0100 00e9 | 037a 1707 

  0x00000188802da56c: ;   {static_stub}
  0x00000188802da56c: 9048 bb00 | 0000 0000 

  0x00000188802da574: ;   {runtime_call nmethod}
  0x00000188802da574: 0000 00e9 | fbff ffff 

  0x00000188802da57c: ;   {static_stub}
  0x00000188802da57c: 9048 bb00 | 0000 0000 

  0x00000188802da584: ;   {runtime_call nmethod}
  0x00000188802da584: 0000 00e9 | fbff ffff 

  0x00000188802da58c: ;   {static_stub}
  0x00000188802da58c: 9048 bb00 | 0000 0000 

  0x00000188802da594: ;   {runtime_call nmethod}
  0x00000188802da594: 0000 00e9 | fbff ffff 

  0x00000188802da59c: ;   {static_stub}
  0x00000188802da59c: 9048 bb00 | 0000 0000 

  0x00000188802da5a4: ;   {runtime_call nmethod}
  0x00000188802da5a4: 0000 00e9 | fbff ffff 

  0x00000188802da5ac: ;   {static_stub}
  0x00000188802da5ac: 9048 bb28 | cb04 d488 

  0x00000188802da5b4: ;   {runtime_call I2C/C2I adapters}
  0x00000188802da5b4: 0100 00e9 | 2b9c 1807 

  0x00000188802da5bc: ;   {static_stub}
  0x00000188802da5bc: 48bb 0000 | 0000 0000 

  0x00000188802da5c4: ;   {runtime_call nmethod}
  0x00000188802da5c4: 0000 e9fb 

  0x00000188802da5c8: ;   {static_stub}
  0x00000188802da5c8: ffff ff48 | bb10 9c3d | 9388 0100 

  0x00000188802da5d4: ;   {runtime_call I2C/C2I adapters}
  0x00000188802da5d4: 00e9 898e 

  0x00000188802da5d8: ;   {static_stub}
  0x00000188802da5d8: 1807 48bb | 0000 0000 | 0000 0000 

  0x00000188802da5e4: ;   {runtime_call nmethod}
  0x00000188802da5e4: e9fb ffff 

  0x00000188802da5e8: ;   {static_stub}
  0x00000188802da5e8: ff48 bb00 | 0000 0000 

  0x00000188802da5f0: ;   {runtime_call nmethod}
  0x00000188802da5f0: 0000 00e9 | fbff ffff 

  0x00000188802da5f8: ;   {static_stub}
  0x00000188802da5f8: 48bb 0000 | 0000 0000 

  0x00000188802da600: ;   {runtime_call nmethod}
  0x00000188802da600: 0000 e9fb 

  0x00000188802da604: ;   {static_stub}
  0x00000188802da604: ffff ff48 | bb00 0000 | 0000 0000 

  0x00000188802da610: ;   {runtime_call nmethod}
  0x00000188802da610: 00e9 fbff 

  0x00000188802da614: ;   {static_stub}
  0x00000188802da614: ffff 48bb | 0000 0000 | 0000 0000 

  0x00000188802da620: ;   {runtime_call nmethod}
  0x00000188802da620: e9fb ffff 

  0x00000188802da624: ;   {static_stub}
  0x00000188802da624: ff48 bb00 | 0000 0000 

  0x00000188802da62c: ;   {runtime_call nmethod}
  0x00000188802da62c: 0000 00e9 | fbff ffff 

  0x00000188802da634: ;   {static_stub}
  0x00000188802da634: 48bb 0000 | 0000 0000 

  0x00000188802da63c: ;   {runtime_call nmethod}
  0x00000188802da63c: 0000 e9fb 

  0x00000188802da640: ;   {static_stub}
  0x00000188802da640: ffff ff48 | bb00 0000 | 0000 0000 

  0x00000188802da64c: ;   {runtime_call nmethod}
  0x00000188802da64c: 00e9 fbff 

  0x00000188802da650: ;   {runtime_call handle_exception_from_callee Runtime1 stub}
  0x00000188802da650: ffff e8a9 

  0x00000188802da654: ;   {external_word}
  0x00000188802da654: ce24 0748 | b990 7f7c | 63fc 7f00 | 0048 83e4 

  0x00000188802da664: ;   {runtime_call}
  0x00000188802da664: f048 b8e0 | 443f 63fc | 7f00 00ff 

  0x00000188802da670: ;   {section_word}
  0x00000188802da670: d0f4 49ba | 72a6 2d80 | 8801 0000 

  0x00000188802da67c: ;   {runtime_call DeoptimizationBlob}
  0x00000188802da67c: 4152 e91d 

  0x00000188802da680: ;   {section_word}
  0x00000188802da680: a318 0749 | ba83 a62d | 8088 0100 

  0x00000188802da68c: ;   {runtime_call DeoptimizationBlob}
  0x00000188802da68c: 0041 52e9 | 0ca3 1807 | f4f4 f4f4 
[/MachCode]


Compiled method (c1) 10516 9942   !   3       org.eclipse.e4.core.internal.di.MethodRequestor::execute (176 bytes)
 total in heap  [0x0000018881533310,0x0000018881536ec8] = 15288
 relocation     [0x0000018881533470,0x0000018881533780] = 784
 main code      [0x0000018881533780,0x0000018881535d58] = 9688
 stub code      [0x0000018881535d58,0x0000018881535ea8] = 336
 oops           [0x0000018881535ea8,0x0000018881535eb8] = 16
 metadata       [0x0000018881535eb8,0x0000018881535f78] = 192
 scopes data    [0x0000018881535f78,0x00000188815363b8] = 1088
 scopes pcs     [0x00000188815363b8,0x0000018881536898] = 1248
 dependencies   [0x0000018881536898,0x00000188815368b8] = 32
 handler table  [0x00000188815368b8,0x0000018881536e10] = 1368
 nul chk table  [0x0000018881536e10,0x0000018881536ec8] = 184

[Constant Pool (empty)]

[MachCode]
[Entry Point]
  # {method} {0x00000188d57e5f18} 'execute' '()Ljava/lang/Object;' in 'org/eclipse/e4/core/internal/di/MethodRequestor'
  #           [sp+0x160]  (sp of caller)
  0x0000018881533780: 448b 5208 | 49bb 0000 | 0093 8801 | 0000 4d03 | d34c 3bd0 

  0x0000018881533794: ;   {runtime_call ic_miss_stub}
  0x0000018881533794: 0f85 e6af | f205 660f | 1f44 0000 
[Verified Entry Point]
  0x00000188815337a0: 8984 2400 | 80ff ff55 | 4881 ec50 | 0100 0090 | 4181 7f20 | 0800 0000 

  0x00000188815337b8: ;   {runtime_call StubRoutines (final stubs)}
  0x00000188815337b8: 7405 e8a1 | 15f1 0548 | 8994 24b8 

  0x00000188815337c4: ;   {metadata(method data for {method} {0x00000188d57e5f18} 'execute' '()Ljava/lang/Object;' in 'org/eclipse/e4/core/internal/di/MethodRequestor')}
  0x00000188815337c4: 0000 0048 | bea8 937f | d688 0100 | 008b becc | 0000 0083 | c702 89be | cc00 0000 | 81e7 fe07 
  0x00000188815337e4: 0000 85ff | 0f84 d21e | 0000 8b72 | 2848 c1e6 | 0348 85f6 

  0x00000188815337f8: ;   {metadata(method data for {method} {0x00000188d57e5f18} 'execute' '()Ljava/lang/Object;' in 'org/eclipse/e4/core/internal/di/MethodRequestor')}
  0x00000188815337f8: 48be a893 | 7fd6 8801 | 0000 48c7 | c710 0100 | 0075 0748 | c7c7 2001 | 0000 488b | 1c3e 488d 
  0x0000018881533818: 5b01 4889 | 1c3e 0f85 | 0c03 0000 | 8b72 1448 | c1e6 0348 | 85f6 7516 

  0x0000018881533830: ;   {metadata(method data for {method} {0x00000188d57e5f18} 'execute' '()Ljava/lang/Object;' in 'org/eclipse/e4/core/internal/di/MethodRequestor')}
  0x0000018881533830: 48bb a893 | 7fd6 8801 | 0000 808b | 2901 0000 | 01e9 cc00 

  0x0000018881533844: ;   {metadata('java/lang/reflect/Method')}
  0x0000018881533844: 0000 48b8 | a805 0493 | 8801 0000 | 8b7e 0849 | ba00 0000 | 9388 0100 | 0049 03fa | 483b c70f 
  0x0000018881533864: 858d 0000 

  0x0000018881533868: ;   {metadata(method data for {method} {0x00000188d57e5f18} 'execute' '()Ljava/lang/Object;' in 'org/eclipse/e4/core/internal/di/MethodRequestor')}
  0x0000018881533868: 0048 bba8 | 937f d688 | 0100 008b | 4608 49ba | 0000 0093 | 8801 0000 | 4903 c248 | 3b83 4001 
  0x0000018881533888: 0000 750d | 4883 8348 | 0100 0001 | e979 0000 | 0048 3b83 | 5001 0000 | 750d 4883 | 8358 0100 
  0x00000188815338a8: 0001 e963 | 0000 0048 | 83bb 4001 | 0000 0075 | 1748 8983 | 4001 0000 | 48c7 8348 | 0100 0001 
  0x00000188815338c8: 0000 00e9 | 4200 0000 | 4883 bb50 | 0100 0000 | 7517 4889 | 8350 0100 | 0048 c783 | 5801 0000 
  0x00000188815338e8: 0100 0000 | e921 0000 | 00e9 1c00 

  0x00000188815338f4: ;   {metadata(method data for {method} {0x00000188d57e5f18} 'execute' '()Ljava/lang/Object;' in 'org/eclipse/e4/core/internal/di/MethodRequestor')}
  0x00000188815338f4: 0000 48bb | a893 7fd6 | 8801 0000 | 4883 ab30 | 0100 0001 | e9d4 1d00 | 00e9 0000 | 0000 483b 
  0x0000018881533914: 0648 8bfe 

  0x0000018881533918: ;   {metadata(method data for {method} {0x00000188d57e5f18} 'execute' '()Ljava/lang/Object;' in 'org/eclipse/e4/core/internal/di/MethodRequestor')}
  0x0000018881533918: 48bb a893 | 7fd6 8801 | 0000 4883 | 8368 0100 

  0x0000018881533928: ;   {metadata(method data for {method} {0x0000018893041d00} 'getParameterTypes' '()[Ljava/lang/Class;' in 'java/lang/reflect/Method')}
  0x0000018881533928: 0001 48bf | 2840 4fd5 | 8801 0000 | 8b9f cc00 | 0000 83c3 | 0289 9fcc | 0000 0081 | e3fe ff1f 
  0x0000018881533948: 0085 db0f | 849e 1d00 | 008b 7630 | 48c1 e603 

  0x0000018881533958: ; implicit exception: dispatches to 0x0000018881535710
  0x0000018881533958: 483b 0648 

  0x000001888153395c: ;   {metadata(method data for {method} {0x0000018893041d00} 'getParameterTypes' '()[Ljava/lang/Class;' in 'java/lang/reflect/Method')}
  0x000001888153395c: 8bfe 48bb | 2840 4fd5 | 8801 0000 | 8b7f 0849 | ba00 0000 | 9388 0100 | 0049 03fa | 483b bb20 
  0x000001888153397c: 0100 0075 | 0d48 8383 | 2801 0000 | 01e9 6000 | 0000 483b | bb30 0100 | 0075 0d48 | 8383 3801 
  0x000001888153399c: 0000 01e9 | 4a00 0000 | 4883 bb20 | 0100 0000 | 7517 4889 | bb20 0100 | 0048 c783 | 2801 0000 
  0x00000188815339bc: 0100 0000 | e929 0000 | 0048 83bb | 3001 0000 | 0075 1748 | 89bb 3001 | 0000 48c7 | 8338 0100 
  0x00000188815339dc: 0001 0000 | 00e9 0800 | 0000 4883 | 8310 0100 | 0001 488b | d60f 1f40 | 0048 b8ff | ffff ffff 
  0x00000188815339fc: ;   {virtual_call}
  0x00000188815339fc: ffff ffe8 

  0x0000018881533a00: ; ImmutableOopMap {[184]=Oop }
                      ;*invokevirtual clone {reexecute=0 rethrow=0 return_oop=0}
                      ; - java.lang.reflect.Method::getParameterTypes@4
                      ; - org.eclipse.e4.core.internal.di.MethodRequestor::execute@14 (line 42)
  0x0000018881533a00: 7cb3 f205 

  0x0000018881533a04: ;   {other}
  0x0000018881533a04: 0f1f 8400 | f406 0000 | 4885 c075 

  0x0000018881533a10: ;   {metadata(method data for {method} {0x0000018893041d00} 'getParameterTypes' '()[Ljava/lang/Class;' in 'java/lang/reflect/Method')}
  0x0000018881533a10: 1648 bf28 | 404f d588 | 0100 0080 | 8f41 0100 | 0001 e9cd 

  0x0000018881533a24: ;   {metadata('java/lang/Class'[])}
  0x0000018881533a24: 0000 0048 | bbe0 6e00 | 9388 0100 | 008b 7808 | 49ba 0000 | 0093 8801 | 0000 4903 | fa48 3b5f 
  0x0000018881533a44: 400f 858d 

  0x0000018881533a48: ;   {metadata(method data for {method} {0x0000018893041d00} 'getParameterTypes' '()[Ljava/lang/Class;' in 'java/lang/reflect/Method')}
  0x0000018881533a48: 0000 0048 | bf28 404f | d588 0100 | 008b 5808 | 49ba 0000 | 0093 8801 | 0000 4903 | da48 3b9f 
  0x0000018881533a68: 5801 0000 | 750d 4883 | 8760 0100 | 0001 e979 | 0000 0048 | 3b9f 6801 | 0000 750d | 4883 8770 
  0x0000018881533a88: 0100 0001 | e963 0000 | 0048 83bf | 5801 0000 | 0075 1748 | 899f 5801 | 0000 48c7 | 8760 0100 
  0x0000018881533aa8: 0001 0000 | 00e9 4200 | 0000 4883 | bf68 0100 | 0000 7517 | 4889 9f68 | 0100 0048 | c787 7001 
  0x0000018881533ac8: 0000 0100 | 0000 e921 | 0000 00e9 | 1c00 0000 

  0x0000018881533ad8: ;   {metadata(method data for {method} {0x0000018893041d00} 'getParameterTypes' '()[Ljava/lang/Class;' in 'java/lang/reflect/Method')}
  0x0000018881533ad8: 48bf 2840 | 4fd5 8801 | 0000 4883 | af48 0100 | 0001 e926 | 1c00 00e9 | 0000 0000 | 488b d08b 
  0x0000018881533af8: 520c 85d2 

  0x0000018881533afc: ;   {metadata(method data for {method} {0x00000188d57e5f18} 'execute' '()Ljava/lang/Object;' in 'org/eclipse/e4/core/internal/di/MethodRequestor')}
  0x0000018881533afc: 48ba a893 | 7fd6 8801 | 0000 48c7 | c6b0 0100 | 007f 0748 | c7c6 a001 | 0000 488b | 3c32 488d 
  0x0000018881533b1c: 7f01 4889 | 3c32 0f8f | a616 0000 | 488b 9424 | b800 0000 

  0x0000018881533b30: ;   {metadata(method data for {method} {0x00000188d57e5f18} 'execute' '()Ljava/lang/Object;' in 'org/eclipse/e4/core/internal/di/MethodRequestor')}
  0x0000018881533b30: 488b f248 | bfa8 937f | d688 0100 | 008b 7608 | 49ba 0000 | 0093 8801 | 0000 4903 | f248 3bb7 
  0x0000018881533b50: d001 0000 | 750d 4883 | 87d8 0100 | 0001 e960 | 0000 0048 | 3bb7 e001 | 0000 750d | 4883 87e8 
  0x0000018881533b70: 0100 0001 | e94a 0000 | 0048 83bf | d001 0000 | 0075 1748 | 89b7 d001 | 0000 48c7 | 87d8 0100 
  0x0000018881533b90: 0001 0000 | 00e9 2900 | 0000 4883 | bfe0 0100 | 0000 7517 | 4889 b7e0 | 0100 0048 | c787 e801 
  0x0000018881533bb0: 0000 0100 | 0000 e908 | 0000 0048 | 8387 c001 

  0x0000018881533bc0: ;   {metadata(method data for {method} {0x00000188d57e6eb8} 'getRequestingObject' '()Ljava/lang/Object;' in 'org/eclipse/e4/core/internal/di/Requestor')}
  0x0000018881533bc0: 0000 0148 | be50 fd62 | d688 0100 | 008b becc | 0000 0083 | c702 89be | cc00 0000 | 81e7 feff 
  0x0000018881533be0: 1f00 85ff | 0f84 391b | 0000 8b72 | 1848 c1e6 | 0348 85f6 

  0x0000018881533bf4: ;   {metadata(method data for {method} {0x00000188d57e6eb8} 'getRequestingObject' '()Ljava/lang/Object;' in 'org/eclipse/e4/core/internal/di/Requestor')}
  0x0000018881533bf4: 48bf 50fd | 62d6 8801 | 0000 48c7 | c310 0100 | 0075 0748 | c7c3 2001 | 0000 488b | 041f 488d 
  0x0000018881533c14: 4001 4889 | 041f 0f85 | 0f00 0000 

  0x0000018881533c20: ;   {oop(nullptr)}
  0x0000018881533c20: 48be 0000 | 0000 0000 | 0000 e9b8 | 0000 0048 | 3b06 488b 

  0x0000018881533c34: ;   {metadata(method data for {method} {0x00000188d57e6eb8} 'getRequestingObject' '()Ljava/lang/Object;' in 'org/eclipse/e4/core/internal/di/Requestor')}
  0x0000018881533c34: fe48 bb50 | fd62 d688 | 0100 008b | 7f08 49ba | 0000 0093 | 8801 0000 | 4903 fa48 | 3bbb 4001 
  0x0000018881533c54: 0000 750d | 4883 8348 | 0100 0001 | e960 0000 | 0048 3bbb | 5001 0000 | 750d 4883 | 8358 0100 
  0x0000018881533c74: 0001 e94a | 0000 0048 | 83bb 4001 | 0000 0075 | 1748 89bb | 4001 0000 | 48c7 8348 | 0100 0001 
  0x0000018881533c94: 0000 00e9 | 2900 0000 | 4883 bb50 | 0100 0000 | 7517 4889 | bb50 0100 | 0048 c783 | 5801 0000 
  0x0000018881533cb4: 0100 0000 | e908 0000 | 0048 8383 | 3001 0000 | 0148 8bd6 | 0f1f 4400 | 0048 b820 | 8125 db88 
  0x0000018881533cd4: ;   {virtual_call}
  0x0000018881533cd4: 0100 00e8 

  0x0000018881533cd8: ; ImmutableOopMap {[184]=Oop }
                      ;*invokevirtual get {reexecute=0 rethrow=0 return_oop=0}
                      ; - org.eclipse.e4.core.internal.di.Requestor::getRequestingObject@13 (line 108)
                      ; - org.eclipse.e4.core.internal.di.MethodRequestor::execute@24 (line 45)
  0x0000018881533cd8: 55f7 f205 

  0x0000018881533cdc: ;   {other}
  0x0000018881533cdc: 0f1f 8400 | cc09 0001 | 488b f048 

  0x0000018881533ce8: ;   {metadata(method data for {method} {0x00000188d57e5f18} 'execute' '()Ljava/lang/Object;' in 'org/eclipse/e4/core/internal/di/MethodRequestor')}
  0x0000018881533ce8: 85f6 48b8 | a893 7fd6 | 8801 0000 | 48c7 c208 | 0200 0074 | 0748 c7c2 | f801 0000 | 488b 3c10 
  0x0000018881533d08: 488d 7f01 | 4889 3c10 | 0f84 9814 | 0000 488b | 9424 b800 | 0000 8b7a | 2048 c1e7 | 0348 85ff 
  0x0000018881533d28: ;   {metadata(method data for {method} {0x00000188d57e5f18} 'execute' '()Ljava/lang/Object;' in 'org/eclipse/e4/core/internal/di/MethodRequestor')}
  0x0000018881533d28: 48b8 a893 | 7fd6 8801 | 0000 48c7 | c328 0200 | 0075 0748 | c7c3 1802 | 0000 488b | 0c18 488d 
  0x0000018881533d48: 4901 4889 | 0c18 0f85 | 1900 0000 | bf00 0000 | 0089 bc24 | d400 0000 | 4889 b424 | c000 0000 
  0x0000018881533d68: e9e9 0800 | 0048 89b4 | 24c0 0000 | 0048 3b07 

  0x0000018881533d78: ;   {metadata(method data for {method} {0x00000188d57e5f18} 'execute' '()Ljava/lang/Object;' in 'org/eclipse/e4/core/internal/di/MethodRequestor')}
  0x0000018881533d78: 488b c748 | bba8 937f | d688 0100 

  0x0000018881533d84: ;   {metadata('org/eclipse/e4/core/internal/contexts/ContextObjectSupplier')}
  0x0000018881533d84: 0049 baa8 | 5630 9488 | 0100 004c | 8993 4802 | 0000 4883 | 8350 0200 | 0001 488d | 9c24 2001 
  0x0000018881533da4: 0000 4889 | 7b08 488b | 0748 83c8 | 0148 8903 | f048 0fb1 | 1f0f 8412 | 0000 0048 | 2bc4 4825 
  0x0000018881533dc4: 07f0 ffff | 4889 030f | 857d 1900 | 0049 ff87 | 4805 0000 

  0x0000018881533dd8: ;   {metadata(method data for {method} {0x00000188d57e0080} 'pauseRecording' '()V' in 'org/eclipse/e4/core/internal/contexts/ContextObjectSupplier')}
  0x0000018881533dd8: 48bb 1059 | f8d5 8801 | 0000 8b83 | cc00 0000 | 83c0 0289 | 83cc 0000 | 0025 feff | 1f00 85c0 
  0x0000018881533df8: 0f84 6319 

  0x0000018881533dfc: ;   {metadata(method data for {method} {0x00000188d57e0080} 'pauseRecording' '()V' in 'org/eclipse/e4/core/internal/contexts/ContextObjectSupplier')}
  0x0000018881533dfc: 0000 48bf | 1059 f8d5 | 8801 0000 | 4883 8710 | 0100 0001 

  0x0000018881533e10: ;   {metadata(method data for {method} {0x00000188d57c74e0} 'getCalculatedComputations' '()Ljava/util/Stack;' in 'org/eclipse/e4/core/internal/contexts/EclipseContext')}
  0x0000018881533e10: 48bf 585e | 81d5 8801 | 0000 8b9f | cc00 0000 | 83c3 0289 | 9fcc 0000 | 0081 e3fe | ff1f 0085 
  0x0000018881533e30: db0f 844b 

  0x0000018881533e34: ;   {oop(a 'java/lang/Class'{0x000000074250eb50} = 'org/eclipse/e4/core/internal/contexts/EclipseContext')}
  0x0000018881533e34: 1900 0048 | bf50 eb50 | 4207 0000 | 008b 7f7c | 48c1 e703 

  0x0000018881533e48: ; implicit exception: dispatches to 0x00000188815357a3
  0x0000018881533e48: 483b 0748 

  0x0000018881533e4c: ;   {metadata(method data for {method} {0x00000188d57c74e0} 'getCalculatedComputations' '()Ljava/util/Stack;' in 'org/eclipse/e4/core/internal/contexts/EclipseContext')}
  0x0000018881533e4c: 8bdf 48b8 | 585e 81d5 | 8801 0000 | 8b5b 0849 | ba00 0000 | 9388 0100 | 0049 03da | 483b 9820 
  0x0000018881533e6c: 0100 0075 | 0d48 8380 | 2801 0000 | 01e9 6000 | 0000 483b | 9830 0100 | 0075 0d48 | 8380 3801 
  0x0000018881533e8c: 0000 01e9 | 4a00 0000 | 4883 b820 | 0100 0000 | 7517 4889 | 9820 0100 | 0048 c780 | 2801 0000 
  0x0000018881533eac: 0100 0000 | e929 0000 | 0048 83b8 | 3001 0000 | 0075 1748 | 8998 3001 | 0000 48c7 | 8038 0100 
  0x0000018881533ecc: 0001 0000 | 00e9 0800 | 0000 4883 | 8010 0100 | 0001 488b | d70f 1f40 | 0048 b810 | 1812 9388 
  0x0000018881533eec: ;   {virtual_call}
  0x0000018881533eec: 0100 00e8 

  0x0000018881533ef0: ; ImmutableOopMap {[184]=Oop [192]=Oop [296]=Oop }
                      ;*invokevirtual get {reexecute=0 rethrow=0 return_oop=0}
                      ; - org.eclipse.e4.core.internal.contexts.EclipseContext::getCalculatedComputations@3 (line 734)
                      ; - org.eclipse.e4.core.internal.contexts.ContextObjectSupplier::pauseRecording@0 (line 214)
                      ; - org.eclipse.e4.core.internal.di.MethodRequestor::execute@49 (line 51)
  0x0000018881533ef0: 4cc7 8c06 

  0x0000018881533ef4: ;   {other}
  0x0000018881533ef4: 0f1f 8400 | e40b 0002 | 4885 c075 

  0x0000018881533f00: ;   {metadata(method data for {method} {0x00000188d57c74e0} 'getCalculatedComputations' '()Ljava/util/Stack;' in 'org/eclipse/e4/core/internal/contexts/EclipseContext')}
  0x0000018881533f00: 1648 bf58 | 5e81 d588 | 0100 0080 | 8f41 0100 | 0001 e9cc 

  0x0000018881533f14: ;   {metadata('java/util/Stack')}
  0x0000018881533f14: 0000 0048 | bae0 720d | 9488 0100 | 008b 7008 | 49ba 0000 | 0093 8801 | 0000 4903 | f248 3bd6 
  0x0000018881533f34: 0f85 8d00 

  0x0000018881533f38: ;   {metadata(method data for {method} {0x00000188d57c74e0} 'getCalculatedComputations' '()Ljava/util/Stack;' in 'org/eclipse/e4/core/internal/contexts/EclipseContext')}
  0x0000018881533f38: 0000 48bf | 585e 81d5 | 8801 0000 | 8b50 0849 | ba00 0000 | 9388 0100 | 0049 03d2 | 483b 9758 
  0x0000018881533f58: 0100 0075 | 0d48 8387 | 6001 0000 | 01e9 7900 | 0000 483b | 9768 0100 | 0075 0d48 | 8387 7001 
  0x0000018881533f78: 0000 01e9 | 6300 0000 | 4883 bf58 | 0100 0000 | 7517 4889 | 9758 0100 | 0048 c787 | 6001 0000 
  0x0000018881533f98: 0100 0000 | e942 0000 | 0048 83bf | 6801 0000 | 0075 1748 | 8997 6801 | 0000 48c7 | 8770 0100 
  0x0000018881533fb8: 0001 0000 | 00e9 2100 | 0000 e91c 

  0x0000018881533fc4: ;   {metadata(method data for {method} {0x00000188d57c74e0} 'getCalculatedComputations' '()Ljava/util/Stack;' in 'org/eclipse/e4/core/internal/contexts/EclipseContext')}
  0x0000018881533fc4: 0000 0048 | bf58 5e81 | d588 0100 | 0048 83af | 4801 0000 | 01e9 ca17 | 0000 e900 | 0000 0048 
  0x0000018881533fe4: 8bd0 4885 

  0x0000018881533fe8: ;   {metadata(method data for {method} {0x00000188d57c74e0} 'getCalculatedComputations' '()Ljava/util/Stack;' in 'org/eclipse/e4/core/internal/contexts/EclipseContext')}
  0x0000018881533fe8: d248 be58 | 5e81 d588 | 0100 0048 | c7c7 8001 | 0000 7507 | 48c7 c790 | 0100 0048 | 8b04 3e48 
  0x0000018881534008: 8d40 0148 | 8904 3e0f | 8527 0200 

  0x0000018881534014: ;   {metadata('java/util/Stack')}
  0x0000018881534014: 0048 bae0 | 720d 9488 | 0100 0049 | 8b87 b801 | 0000 488d | 7820 493b | bfc8 0100 | 000f 877a 
  0x0000018881534034: 1700 0049 | 89bf b801 | 0000 48c7 | 0001 0000 | 0048 8bca | 49ba 0000 | 0093 8801 | 0000 492b 
  0x0000018881534054: ca89 4808 | 4833 c989 | 480c 4833 | c948 8948 | 1048 8948 | 184c 8bc0 

  0x000001888153406c: ;   {metadata(method data for {method} {0x00000188d57c74e0} 'getCalculatedComputations' '()Ljava/util/Stack;' in 'org/eclipse/e4/core/internal/contexts/EclipseContext')}
  0x000001888153406c: 49b9 585e | 81d5 8801 | 0000 4983 | 81a0 0100 

  0x000001888153407c: ;   {metadata(method data for {method} {0x00000188d4937d28} '<init>' '()V' in 'java/util/Stack')}
  0x000001888153407c: 0001 49b8 | 5867 3cd5 | 8801 0000 | 458b 88cc | 0000 0041 | 83c1 0245 | 8988 cc00 | 0000 4181 
  0x000001888153409c: e1fe ff1f | 0045 85c9 | 0f84 1417 | 0000 4c8b 

  0x00000188815340ac: ;   {metadata(method data for {method} {0x00000188d4937d28} '<init>' '()V' in 'java/util/Stack')}
  0x00000188815340ac: c049 b958 | 673c d588 | 0100 0049 | 8381 1001 

  0x00000188815340bc: ;   {metadata(method data for {method} {0x00000188d4192a20} '<init>' '()V' in 'java/util/Vector')}
  0x00000188815340bc: 0000 0149 | b8b0 aa2e | d588 0100 | 0045 8b88 | cc00 0000 | 4183 c102 | 4589 88cc | 0000 0041 
  0x00000188815340dc: 81e1 feff | 1f00 4585 | c90f 84f4 | 1600 004c 

  0x00000188815340ec: ;   {metadata(method data for {method} {0x00000188d4192a20} '<init>' '()V' in 'java/util/Vector')}
  0x00000188815340ec: 8bc0 49b9 | b0aa 2ed5 | 8801 0000 | 4983 8110 | 0100 0001 

  0x0000018881534100: ;   {metadata(method data for {method} {0x00000188d4192988} '<init>' '(I)V' in 'java/util/Vector')}
  0x0000018881534100: 49b8 f0ab | 2ed5 8801 | 0000 458b | 88cc 0000 | 0041 83c1 | 0245 8988 | cc00 0000 | 4181 e1fe 
  0x0000018881534120: ff1f 0045 | 85c9 0f84 | d416 0000 

  0x000001888153412c: ;   {metadata(method data for {method} {0x00000188d4192988} '<init>' '(I)V' in 'java/util/Vector')}
  0x000001888153412c: 4c8b c049 | b9f0 ab2e | d588 0100 | 0049 8381 | 1001 0000 | 0141 b80a | 0000 0041 | b900 0000 
  0x000001888153414c: 0048 8bd0 | 4889 8424 | c800 0000 | 0f1f 8000 

  0x000001888153415c: ;   {optimized virtual_call}
  0x000001888153415c: 0000 00e8 

  0x0000018881534160: ; ImmutableOopMap {[184]=Oop [192]=Oop [200]=Oop [296]=Oop }
                      ;*invokespecial <init> {reexecute=0 rethrow=0 return_oop=0}
                      ; - java.util.Vector::<init>@3
                      ; - java.util.Vector::<init>@3
                      ; - java.util.Stack::<init>@1
                      ; - org.eclipse.e4.core.internal.contexts.EclipseContext::getCalculatedComputations@18 (line 736)
                      ; - org.eclipse.e4.core.internal.contexts.ContextObjectSupplier::pauseRecording@0 (line 214)
                      ; - org.eclipse.e4.core.internal.di.MethodRequestor::execute@49 (line 51)
  0x0000018881534160: 1ca9 f205 

  0x0000018881534164: ;   {other}
  0x0000018881534164: 0f1f 8400 | 540e 0003 

  0x000001888153416c: ;   {oop(a 'java/lang/Class'{0x000000074250eb50} = 'org/eclipse/e4/core/internal/contexts/EclipseContext')}
  0x000001888153416c: 49b8 50eb | 5042 0700 | 0000 418b | 507c 48c1 | e203 483b | 024c 8bc2 

  0x0000018881534184: ;   {metadata(method data for {method} {0x00000188d57c74e0} 'getCalculatedComputations' '()Ljava/util/Stack;' in 'org/eclipse/e4/core/internal/contexts/EclipseContext')}
  0x0000018881534184: 48be 585e | 81d5 8801 | 0000 458b | 4008 49ba | 0000 0093 | 8801 0000 | 4d03 c24c | 3b86 c001 
  0x00000188815341a4: 0000 750d | 4883 86c8 | 0100 0001 | e960 0000 | 004c 3b86 | d001 0000 | 750d 4883 | 86d8 0100 
  0x00000188815341c4: 0001 e94a | 0000 0048 | 83be c001 | 0000 0075 | 174c 8986 | c001 0000 | 48c7 86c8 | 0100 0001 
  0x00000188815341e4: 0000 00e9 | 2900 0000 | 4883 bed0 | 0100 0000 | 7517 4c89 | 86d0 0100 | 0048 c786 | d801 0000 
  0x0000018881534204: 0100 0000 | e908 0000 | 0048 8386 | b001 0000 | 014c 8b84 | 24c8 0000 | 0048 b8ff | ffff ffff 
  0x0000018881534224: ;   {virtual_call}
  0x0000018881534224: ffff ffe8 

  0x0000018881534228: ; ImmutableOopMap {[184]=Oop [192]=Oop [200]=Oop [296]=Oop }
                      ;*invokevirtual set {reexecute=0 rethrow=0 return_oop=0}
                      ; - org.eclipse.e4.core.internal.contexts.EclipseContext::getCalculatedComputations@26 (line 737)
                      ; - org.eclipse.e4.core.internal.contexts.ContextObjectSupplier::pauseRecording@0 (line 214)
                      ; - org.eclipse.e4.core.internal.di.MethodRequestor::execute@49 (line 51)
  0x0000018881534228: 54ab f205 

  0x000001888153422c: ;   {other}
  0x000001888153422c: 0f1f 8400 | 1c0f 0004 | 488b 9424 | c800 0000 

  0x000001888153423c: ; implicit exception: dispatches to 0x0000018881535826
  0x000001888153423c: 483b 0248 

  0x0000018881534240: ;   {metadata(method data for {method} {0x00000188d57e0080} 'pauseRecording' '()V' in 'org/eclipse/e4/core/internal/contexts/ContextObjectSupplier')}
  0x0000018881534240: 8bc2 49b8 | 1059 f8d5 | 8801 0000 | 4983 8038 | 0100 0001 

  0x0000018881534254: ;   {metadata(method data for {method} {0x00000188d4937dc8} 'push' '(Ljava/lang/Object;)Ljava/lang/Object;' in 'java/util/Stack')}
  0x0000018881534254: 48b8 9032 | 2ed5 8801 | 0000 448b | 80cc 0000 | 0041 83c0 | 0244 8980 | cc00 0000 | 4181 e0fe 
  0x0000018881534274: ff1f 0045 | 85c0 0f84 | ab15 0000 

  0x0000018881534280: ;   {metadata(method data for {method} {0x00000188d4937dc8} 'push' '(Ljava/lang/Object;)Ljava/lang/Object;' in 'java/util/Stack')}
  0x0000018881534280: 488b c249 | b890 322e | d588 0100 | 008b 4008 | 49ba 0000 | 0093 8801 | 0000 4903 | c249 3b80 
  0x00000188815342a0: 2001 0000 | 750d 4983 | 8028 0100 | 0001 e960 | 0000 0049 | 3b80 3001 | 0000 750d | 4983 8038 
  0x00000188815342c0: 0100 0001 | e94a 0000 | 0049 83b8 | 2001 0000 | 0075 1749 | 8980 2001 | 0000 49c7 | 8028 0100 
  0x00000188815342e0: 0001 0000 | 00e9 2900 | 0000 4983 | b830 0100 | 0000 7517 | 4989 8030 | 0100 0049 | c780 3801 
  0x0000018881534300: 0000 0100 | 0000 e908 | 0000 0049 | 8380 1001 | 0000 014c | 8d84 2430 | 0100 0049 | 8950 0848 
  0x0000018881534320: 8b02 4883 | c801 4989 | 00f0 4c0f | b102 0f84 | 1200 0000 | 482b c448 | 2507 f0ff | ff49 8900 
  0x0000018881534340: 0f85 0615 | 0000 49ff | 8748 0500 

  0x000001888153434c: ;   {metadata(method data for {method} {0x00000188d4193c20} 'addElement' '(Ljava/lang/Object;)V' in 'java/util/Vector')}
  0x000001888153434c: 0049 b880 | 2d2e d588 | 0100 0041 | 8bb0 cc00 | 0000 83c6 | 0241 89b0 | cc00 0000 | 81e6 feff 
  0x000001888153436c: 1f00 85f6 | 0f84 e914 | 0000 448b | 420c 41ff | c044 8942 | 0c44 8b42 | 1849 c1e0 | 038b 7210 
  0x000001888153438c: ;   {metadata(method data for {method} {0x00000188d4193c20} 'addElement' '(Ljava/lang/Object;)V' in 'java/util/Vector')}
  0x000001888153438c: 488b fa48 | bb80 2d2e | d588 0100 | 0048 8383 | 1001 0000 

  0x00000188815343a0: ;   {metadata(method data for {method} {0x00000188d4194380} 'add' '(Ljava/lang/Object;[Ljava/lang/Object;I)V' in 'java/util/Vector')}
  0x00000188815343a0: 0148 bf10 | 2f2e d588 | 0100 008b | 9fcc 0000 | 0083 c302 | 899f cc00 | 0000 81e3 | feff 1f00 
  0x00000188815343c0: 85db 0f84 | b814 0000 

  0x00000188815343c8: ; implicit exception: dispatches to 0x00000188815358a1
  0x00000188815343c8: 418b 780c 

  0x00000188815343cc: ;   {metadata(method data for {method} {0x00000188d4194380} 'add' '(Ljava/lang/Object;[Ljava/lang/Object;I)V' in 'java/util/Vector')}
  0x00000188815343cc: 3bf7 48bf | 102f 2ed5 | 8801 0000 | 48c7 c310 | 0100 0075 | 0748 c7c3 | 2001 0000 | 488b 041f 
  0x00000188815343ec: 488d 4001 | 4889 041f | 0f85 9400 | 0000 4c8b 

  0x00000188815343fc: ;   {metadata(method data for {method} {0x00000188d4194380} 'add' '(Ljava/lang/Object;[Ljava/lang/Object;I)V' in 'java/util/Vector')}
  0x00000188815343fc: c248 bf10 | 2f2e d588 | 0100 0048 | 8387 3001 

  0x000001888153440c: ;   {metadata(method data for {method} {0x00000188d4192eb8} 'grow' '()[Ljava/lang/Object;' in 'java/util/Vector')}
  0x000001888153440c: 0000 0149 | b808 312e | d588 0100 | 0041 8bb8 | cc00 0000 | 83c7 0241 | 89b8 cc00 | 0000 81e7 
  0x000001888153442c: feff 1f00 | 85ff 0f84 | 6e14 0000 

  0x0000018881534438: ;   {metadata(method data for {method} {0x00000188d4192eb8} 'grow' '()[Ljava/lang/Object;' in 'java/util/Vector')}
  0x0000018881534438: 4c8b c248 | bf08 312e | d588 0100 | 0048 8387 | 1001 0000 | 014c 8bc6 | 41ff c048 | 8bfa 488b 
  0x0000018881534458: d748 89bc | 24d8 0000 | 0089 b424 | d000 0000 | 0f1f 8000 

  0x000001888153446c: ;   {optimized virtual_call}
  0x000001888153446c: 0000 00e8 

  0x0000018881534470: ; ImmutableOopMap {[184]=Oop [192]=Oop [216]=Oop [296]=Oop [312]=Oop }
                      ;*invokevirtual grow {reexecute=0 rethrow=0 return_oop=0}
                      ; - java.util.Vector::grow@7
                      ; - java.util.Vector::add@7
                      ; - java.util.Vector::addElement@20
                      ; - java.util.Stack::push@2
                      ; - org.eclipse.e4.core.internal.contexts.ContextObjectSupplier::pauseRecording@6 (line 215)
                      ; - org.eclipse.e4.core.internal.di.MethodRequestor::execute@49 (line 51)
  0x0000018881534470: 0ca6 f205 

  0x0000018881534474: ;   {other}
  0x0000018881534474: 0f1f 8400 | 6411 0005 | 4c8b c08b | b424 d000 | 0000 488b | 9424 d800 

  0x000001888153448c: ;   {oop(nullptr)}
  0x000001888153448c: 0000 48b8 | 0000 0000 | 0000 0000 

  0x0000018881534498: ; implicit exception: dispatches to 0x00000188815358c7
  0x0000018881534498: 413b 700c | 0f83 2f14 | 0000 4885 

  0x00000188815344a4: ;   {metadata(method data for {method} {0x00000188d4194380} 'add' '(Ljava/lang/Object;[Ljava/lang/Object;I)V' in 'java/util/Vector')}
  0x00000188815344a4: c075 1648 | bb10 2f2e | d588 0100 | 0080 8b61 | 0100 0001 | e9f9 0000 | 0041 8b78 | 0849 ba00 
  0x00000188815344c4: 0000 9388 | 0100 0049 | 03fa 8b58 | 0849 ba00 | 0000 9388 | 0100 0049 | 03da 488b | bfd0 0000 
  0x00000188815344e4: 0048 3bdf | 0f84 2700 | 0000 8b4f | 1448 3b3c | 0b0f 841a | 0000 0083 | f920 0f85 | 9b00 0000 
  0x0000018881534504: ;   {runtime_call slow_subtype_check Runtime1 stub}
  0x0000018881534504: 5357 e8f5 | 3bff 055b | 5f85 ff0f | 848a 0000 

  0x0000018881534514: ;   {metadata(method data for {method} {0x00000188d4194380} 'add' '(Ljava/lang/Object;[Ljava/lang/Object;I)V' in 'java/util/Vector')}
  0x0000018881534514: 0048 bb10 | 2f2e d588 | 0100 008b | 7808 49ba | 0000 0093 | 8801 0000 | 4903 fa48 | 3bbb 7801 
  0x0000018881534534: 0000 750d | 4883 8380 | 0100 0001 | e971 0000 | 0048 3bbb | 8801 0000 | 750d 4883 | 8390 0100 
  0x0000018881534554: 0001 e95b | 0000 0048 | 83bb 7801 | 0000 0075 | 1748 89bb | 7801 0000 | 48c7 8380 | 0100 0001 
  0x0000018881534574: 0000 00e9 | 3a00 0000 | 4883 bb88 | 0100 0000 | 7517 4889 | bb88 0100 | 0048 c783 | 9001 0000 
  0x0000018881534594: 0100 0000 | e919 0000 

  0x000001888153459c: ;   {metadata(method data for {method} {0x00000188d4194380} 'add' '(Ljava/lang/Object;[Ljava/lang/Object;I)V' in 'java/util/Vector')}
  0x000001888153459c: 00eb 1748 | bb10 2f2e | d588 0100 | 0048 83ab | 6801 0000 | 01e9 2e13 | 0000 4863 | fe49 8d7c 
  0x00000188815345bc: b810 410f | be5f 4085 | db0f 8522 | 1300 004c | 8bd0 49c1 | ea03 4489 | 1748 8bdf | 4833 d848 
  0x00000188815345dc: c1eb 1548 | 83fb 000f | 8522 1300 | 00ff c689 | 7210 488d | 8424 3001 | 0000 488b | 1048 85d2 
  0x00000188815345fc: 0f84 0f00 | 0000 488b | 7008 f048 | 0fb1 160f | 8512 1300 | 0049 ff8f | 4805 0000 | 488d 8424 
  0x000001888153461c: 2001 0000 | 488b 1048 | 85d2 0f84 | 0f00 0000 | 488b 7008 | f048 0fb1 | 160f 85fe | 1200 0049 
  0x000001888153463c: ff8f 4805 | 0000 bf01 | 0000 0089 | bc24 d400 | 0000 488b | 9424 b800 | 0000 8b72 | 1448 c1e6 
  0x000001888153465c: 0348 85f6 

  0x0000018881534660: ;   {metadata(method data for {method} {0x00000188d57e5f18} 'execute' '()Ljava/lang/Object;' in 'org/eclipse/e4/core/internal/di/MethodRequestor')}
  0x0000018881534660: 7516 48b8 | a893 7fd6 | 8801 0000 | 8088 6902 | 0000 01e9 | cc00 0000 

  0x0000018881534678: ;   {metadata('java/lang/reflect/Method')}
  0x0000018881534678: 48b9 a805 | 0493 8801 | 0000 8b5e | 0849 ba00 | 0000 9388 | 0100 0049 | 03da 483b | cb0f 858d 
  0x0000018881534698: ;   {metadata(method data for {method} {0x00000188d57e5f18} 'execute' '()Ljava/lang/Object;' in 'org/eclipse/e4/core/internal/di/MethodRequestor')}
  0x0000018881534698: 0000 0048 | b8a8 937f | d688 0100 | 008b 4e08 | 49ba 0000 | 0093 8801 | 0000 4903 | ca48 3b88 
  0x00000188815346b8: 8002 0000 | 750d 4883 | 8088 0200 | 0001 e979 | 0000 0048 | 3b88 9002 | 0000 750d | 4883 8098 
  0x00000188815346d8: 0200 0001 | e963 0000 | 0048 83b8 | 8002 0000 | 0075 1748 | 8988 8002 | 0000 48c7 | 8088 0200 
  0x00000188815346f8: 0001 0000 | 00e9 4200 | 0000 4883 | b890 0200 | 0000 7517 | 4889 8890 | 0200 0048 | c780 9802 
  0x0000018881534718: 0000 0100 | 0000 e921 | 0000 00e9 | 1c00 0000 

  0x0000018881534728: ;   {metadata(method data for {method} {0x00000188d57e5f18} 'execute' '()Ljava/lang/Object;' in 'org/eclipse/e4/core/internal/di/MethodRequestor')}
  0x0000018881534728: 48b8 a893 | 7fd6 8801 | 0000 4883 | a870 0200 | 0001 e910 | 1200 00e9 | 0000 0000 

  0x0000018881534744: ; implicit exception: dispatches to 0x0000018881535958
  0x0000018881534744: 483b 0648 

  0x0000018881534748: ;   {metadata(method data for {method} {0x00000188d57e5f18} 'execute' '()Ljava/lang/Object;' in 'org/eclipse/e4/core/internal/di/MethodRequestor')}
  0x0000018881534748: 8bde 48b8 | a893 7fd6 | 8801 0000 | 4883 80a8 | 0200 0001 

  0x000001888153475c: ;   {optimized virtual_call}
  0x000001888153475c: 488b d6e8 

  0x0000018881534760: ; ImmutableOopMap {[184]=Oop [192]=Oop }
                      ;*invokevirtual trySetAccessible {reexecute=0 rethrow=0 return_oop=0}
                      ; - org.eclipse.e4.core.internal.di.MethodRequestor::execute@61 (line 55)
  0x0000018881534760: 9cf7 ecfe 

  0x0000018881534764: ;   {other}
  0x0000018881534764: 0f1f 8400 | 5414 0006 | 488b 9424 | b800 0000 | 8b72 1448 | c1e6 0348 | 85f6 7516 

  0x0000018881534780: ;   {metadata(method data for {method} {0x00000188d57e5f18} 'execute' '()Ljava/lang/Object;' in 'org/eclipse/e4/core/internal/di/MethodRequestor')}
  0x0000018881534780: 48bb a893 | 7fd6 8801 | 0000 808b | d902 0000 | 01e9 cc00 

  0x0000018881534794: ;   {metadata('java/lang/reflect/Method')}
  0x0000018881534794: 0000 48b8 | a805 0493 | 8801 0000 | 8b7e 0849 | ba00 0000 | 9388 0100 | 0049 03fa | 483b c70f 
  0x00000188815347b4: 858d 0000 

  0x00000188815347b8: ;   {metadata(method data for {method} {0x00000188d57e5f18} 'execute' '()Ljava/lang/Object;' in 'org/eclipse/e4/core/internal/di/MethodRequestor')}
  0x00000188815347b8: 0048 bba8 | 937f d688 | 0100 008b | 4608 49ba | 0000 0093 | 8801 0000 | 4903 c248 | 3b83 f002 
  0x00000188815347d8: 0000 750d | 4883 83f8 | 0200 0001 | e979 0000 | 0048 3b83 | 0003 0000 | 750d 4883 | 8308 0300 
  0x00000188815347f8: 0001 e963 | 0000 0048 | 83bb f002 | 0000 0075 | 1748 8983 | f002 0000 | 48c7 83f8 | 0200 0001 
  0x0000018881534818: 0000 00e9 | 4200 0000 | 4883 bb00 | 0300 0000 | 7517 4889 | 8300 0300 | 0048 c783 | 0803 0000 
  0x0000018881534838: 0100 0000 | e921 0000 | 00e9 1c00 

  0x0000018881534844: ;   {metadata(method data for {method} {0x00000188d57e5f18} 'execute' '()Ljava/lang/Object;' in 'org/eclipse/e4/core/internal/di/MethodRequestor')}
  0x0000018881534844: 0000 48bb | a893 7fd6 | 8801 0000 | 4883 abe0 | 0200 0001 | e900 1100 | 00e9 0000 | 0000 4889 
  0x0000018881534864: b424 e000 | 0000 8b7a | 2848 c1e7 | 0348 3b06 

  0x0000018881534874: ;   {metadata(method data for {method} {0x00000188d57e5f18} 'execute' '()Ljava/lang/Object;' in 'org/eclipse/e4/core/internal/di/MethodRequestor')}
  0x0000018881534874: 488b de48 | b8a8 937f | d688 0100 | 0048 8380 | 1803 0000 

  0x0000018881534888: ;   {metadata(method data for {method} {0x0000018893043cd8} 'invoke' '(Ljava/lang/Object;[Ljava/lang/Object;)Ljava/lang/Object;' in 'java/lang/reflect/Method')}
  0x0000018881534888: 0148 bb30 | 6d36 d488 | 0100 008b | 83cc 0000 | 0083 c002 | 8983 cc00 | 0000 25fe | ff1f 0085 
  0x00000188815348a8: c00f 84bc | 1000 0048 

  0x00000188815348b0: ;   {metadata(method data for {method} {0x0000018893043cd8} 'invoke' '(Ljava/lang/Object;[Ljava/lang/Object;)Ljava/lang/Object;' in 'java/lang/reflect/Method')}
  0x00000188815348b0: 8bde 48b8 | 306d 36d4 | 8801 0000 | 4883 8010 | 0100 0001 | 488b d648 | 89bc 24e8 

  0x00000188815348cc: ;   {optimized virtual_call}
  0x00000188815348cc: 0000 00e8 

  0x00000188815348d0: ; ImmutableOopMap {[184]=Oop [192]=Oop [224]=Oop [232]=Oop }
                      ;*invokevirtual isCallerSensitive {reexecute=0 rethrow=0 return_oop=0}
                      ; - java.lang.reflect.Method::invoke@1
                      ; - org.eclipse.e4.core.internal.di.MethodRequestor::execute@77 (line 56)
  0x00000188815348d0: aca1 d9fe 

  0x00000188815348d4: ;   {other}
  0x00000188815348d4: 0f1f 8400 | c415 0007 | 488b b424 | e000 0000 | 0fbe 7e0c 

  0x00000188815348e8: ;   {metadata(method data for {method} {0x0000018893043cd8} 'invoke' '(Ljava/lang/Object;[Ljava/lang/Object;)Ljava/lang/Object;' in 'java/lang/reflect/Method')}
  0x00000188815348e8: 85ff 48bf | 306d 36d4 | 8801 0000 | 48c7 c348 | 0100 0074 | 0748 c7c3 | 5801 0000 | 488b 141f 
  0x0000018881534908: 488d 5201 | 4889 141f | 0f84 4400 | 0000 85c0 

  0x0000018881534918: ;   {metadata(method data for {method} {0x0000018893043cd8} 'invoke' '(Ljava/lang/Object;[Ljava/lang/Object;)Ljava/lang/Object;' in 'java/lang/reflect/Method')}
  0x0000018881534918: 48bf 306d | 36d4 8801 | 0000 48c7 | c378 0100 | 0075 0748 | c7c3 6801 | 0000 488b | 141f 488d 
  0x0000018881534938: 5201 4889 | 141f 0f85 | 1600 0000 

  0x0000018881534944: ;   {oop(nullptr)}
  0x0000018881534944: 48bb 0000 | 0000 0000 | 0000 8984 | 24f0 0000 | 00e9 3500 | 0000 8984 | 24f0 0000 

  0x0000018881534960: ;   {metadata(method data for {method} {0x0000018893043cd8} 'invoke' '(Ljava/lang/Object;[Ljava/lang/Object;)Ljava/lang/Object;' in 'java/lang/reflect/Method')}
  0x0000018881534960: 0048 bf30 | 6d36 d488 | 0100 0048 | 8387 8801 | 0000 010f 

  0x0000018881534974: ;   {static_call}
  0x0000018881534974: 1f40 00e8 

  0x0000018881534978: ; ImmutableOopMap {[184]=Oop [192]=Oop [224]=Oop [232]=Oop }
                      ;*invokestatic getCallerClass {reexecute=0 rethrow=0 return_oop=0}
                      ; - java.lang.reflect.Method::invoke@19
                      ; - org.eclipse.e4.core.internal.di.MethodRequestor::execute@77 (line 56)
  0x0000018881534978: 04a7 f205 

  0x000001888153497c: ;   {other}
  0x000001888153497c: 0f1f 8400 | 6c16 0008 | 488b d848 | 8bb4 24e0 | 0000 0044 | 0fbe 460c 

  0x0000018881534994: ;   {metadata(method data for {method} {0x0000018893043cd8} 'invoke' '(Ljava/lang/Object;[Ljava/lang/Object;)Ljava/lang/Object;' in 'java/lang/reflect/Method')}
  0x0000018881534994: 4585 c049 | b830 6d36 | d488 0100 | 0049 c7c1 | a801 0000 | 7407 49c7 | c198 0100 | 004b 8b3c 
  0x00000188815349b4: 0848 8d7f | 014b 893c | 080f 840d | 0000 0048 | 899c 24f8 | 0000 00e9 | 7401 0000 | 448b 4e24 
  0x00000188815349d4: 49c1 e103 

  0x00000188815349d8: ;   {metadata(method data for {method} {0x0000018893043cd8} 'invoke' '(Ljava/lang/Object;[Ljava/lang/Object;)Ljava/lang/Object;' in 'java/lang/reflect/Method')}
  0x00000188815349d8: 8b56 2049 | b830 6d36 | d488 0100 | 0049 8380 | b801 0000 

  0x00000188815349ec: ;   {metadata(method data for {method} {0x00000188933dc098} 'isStatic' '(I)Z' in 'java/lang/reflect/Modifier')}
  0x00000188815349ec: 0149 b888 | 2f06 d488 | 0100 0041 | 8bb8 cc00 | 0000 83c7 | 0241 89b8 | cc00 0000 | 81e7 feff 
  0x0000018881534a0c: 1f00 85ff | 0f84 760f | 0000 4c8b | c241 83e0 | 0845 85c0 

  0x0000018881534a20: ;   {metadata(method data for {method} {0x00000188933dc098} 'isStatic' '(I)Z' in 'java/lang/reflect/Modifier')}
  0x0000018881534a20: 49b8 882f | 06d4 8801 | 0000 48c7 | c710 0100 | 0074 0748 | c7c7 2001 | 0000 498b | 0438 488d 
  0x0000018881534a40: 4001 4989 | 0438 0f84 | 1c00 0000 

  0x0000018881534a4c: ;   {metadata(method data for {method} {0x00000188933dc098} 'isStatic' '(I)Z' in 'java/lang/reflect/Modifier')}
  0x0000018881534a4c: 49b8 882f | 06d4 8801 | 0000 41ff | 8030 0100 | 0041 b801 | 0000 00e9 | 0600 0000 | 41b8 0000 
  0x0000018881534a6c: 0000 4183 | e001 4585 

  0x0000018881534a74: ;   {metadata(method data for {method} {0x0000018893043cd8} 'invoke' '(Ljava/lang/Object;[Ljava/lang/Object;)Ljava/lang/Object;' in 'java/lang/reflect/Method')}
  0x0000018881534a74: c049 b830 | 6d36 d488 | 0100 0048 | c7c7 c801 | 0000 7407 | 48c7 c7d8 | 0100 0049 | 8b04 3848 
  0x0000018881534a94: 8d40 0149 | 8904 380f | 8420 0000 

  0x0000018881534aa0: ;   {metadata(method data for {method} {0x0000018893043cd8} 'invoke' '(Ljava/lang/Object;[Ljava/lang/Object;)Ljava/lang/Object;' in 'java/lang/reflect/Method')}
  0x0000018881534aa0: 0049 b830 | 6d36 d488 | 0100 0041 | ff80 e801 

  0x0000018881534ab0: ;   {oop(nullptr)}
  0x0000018881534ab0: 0000 48bf | 0000 0000 | 0000 0000 | e943 0000 | 0048 8b84 | 24c0 0000 | 0048 3b00 

  0x0000018881534acc: ;   {metadata(method data for {method} {0x0000018893043cd8} 'invoke' '(Ljava/lang/Object;[Ljava/lang/Object;)Ljava/lang/Object;' in 'java/lang/reflect/Method')}
  0x0000018881534acc: 4c8b c048 | bf30 6d36 | d488 0100 | 0048 8387 | 0002 0000 | 0144 8b40 | 0849 ba00 | 0000 9388 
  0x0000018881534aec: 0100 004d | 03c2 4d8b | 4070 4d8b | 0049 8bf8 | 4889 8424 | c000 0000 

  0x0000018881534b04: ;   {metadata(method data for {method} {0x0000018893043cd8} 'invoke' '(Ljava/lang/Object;[Ljava/lang/Object;)Ljava/lang/Object;' in 'java/lang/reflect/Method')}
  0x0000018881534b04: 4c8b c648 | b930 6d36 | d488 0100 | 0048 8381 | 3802 0000 | 014c 8bc3 | 488b ce48 | 8bf2 488b 
  0x0000018881534b24: d148 899c | 24f8 0000 

  0x0000018881534b2c: ;   {optimized virtual_call}
  0x0000018881534b2c: 0066 90e8 

  0x0000018881534b30: ; ImmutableOopMap {[184]=Oop [192]=Oop [224]=Oop [232]=Oop [248]=Oop }
                      ;*invokevirtual checkAccess {reexecute=0 rethrow=0 return_oop=0}
                      ; - java.lang.reflect.Method::invoke@60
                      ; - org.eclipse.e4.core.internal.di.MethodRequestor::execute@77 (line 56)
  0x0000018881534b30: 4c9f f205 

  0x0000018881534b34: ;   {other}
  0x0000018881534b34: 0f1f 8400 | 2418 0009 | 488b b424 | e000 0000 | 8b56 4c48 | c1e2 0348 

  0x0000018881534b4c: ;   {metadata(method data for {method} {0x0000018893043cd8} 'invoke' '(Ljava/lang/Object;[Ljava/lang/Object;)Ljava/lang/Object;' in 'java/lang/reflect/Method')}
  0x0000018881534b4c: 85d2 48bf | 306d 36d4 | 8801 0000 | 48c7 c370 | 0200 0075 | 0748 c7c3 | 8002 0000 | 488b 041f 
  0x0000018881534b6c: 488d 4001 | 4889 041f | 0f85 2d00 | 0000 488b 

  0x0000018881534b7c: ;   {metadata(method data for {method} {0x0000018893043cd8} 'invoke' '(Ljava/lang/Object;[Ljava/lang/Object;)Ljava/lang/Object;' in 'java/lang/reflect/Method')}
  0x0000018881534b7c: d648 bf30 | 6d36 d488 | 0100 0048 | 8387 9002 | 0000 0148 | 8bd6 0f1f 

  0x0000018881534b94: ;   {optimized virtual_call}
  0x0000018881534b94: 4400 00e8 

  0x0000018881534b98: ; ImmutableOopMap {[184]=Oop [192]=Oop [232]=Oop [248]=Oop }
                      ;*invokevirtual acquireMethodAccessor {reexecute=0 rethrow=0 return_oop=0}
                      ; - java.lang.reflect.Method::invoke@75
                      ; - org.eclipse.e4.core.internal.di.MethodRequestor::execute@77 (line 56)
  0x0000018881534b98: 8d12 0000 

  0x0000018881534b9c: ;   {other}
  0x0000018881534b9c: 0f1f 8400 | 8c18 000a | 488b d08b | 8424 f000 | 0000 85c0 

  0x0000018881534bb0: ;   {metadata(method data for {method} {0x0000018893043cd8} 'invoke' '(Ljava/lang/Object;[Ljava/lang/Object;)Ljava/lang/Object;' in 'java/lang/reflect/Method')}
  0x0000018881534bb0: 49b8 306d | 36d4 8801 | 0000 49c7 | c1c8 0200 | 0074 0749 | c7c1 d802 | 0000 4b8b | 3c08 488d 
  0x0000018881534bd0: 7f01 4b89 | 3c08 0f84 | e600 0000 | 488b 9c24 | f800 0000 

  0x0000018881534be4: ; implicit exception: dispatches to 0x00000188815359b2
  0x0000018881534be4: 483b 024c 

  0x0000018881534be8: ;   {metadata(method data for {method} {0x0000018893043cd8} 'invoke' '(Ljava/lang/Object;[Ljava/lang/Object;)Ljava/lang/Object;' in 'java/lang/reflect/Method')}
  0x0000018881534be8: 8bc2 49b9 | 306d 36d4 | 8801 0000 | 458b 4008 | 49ba 0000 | 0093 8801 | 0000 4d03 | c24d 3b81 
  0x0000018881534c08: f802 0000 | 750d 4983 | 8100 0300 | 0001 e960 | 0000 004d | 3b81 0803 | 0000 750d | 4983 8110 
  0x0000018881534c28: 0300 0001 | e94a 0000 | 0049 83b9 | f802 0000 | 0075 174d | 8981 f802 | 0000 49c7 | 8100 0300 
  0x0000018881534c48: 0001 0000 | 00e9 2900 | 0000 4983 | b908 0300 | 0000 7517 | 4d89 8108 | 0300 0049 | c781 1003 
  0x0000018881534c68: 0000 0100 | 0000 e908 | 0000 0049 | 8381 e802 | 0000 014c | 8b84 24c0 | 0000 004c | 8b8c 24e8 
  0x0000018881534c88: 0000 0048 | 8bfb 0f1f | 8000 0000 | 0048 b8ff | ffff ffff 

  0x0000018881534c9c: ;   {virtual_call}
  0x0000018881534c9c: ffff ffe8 

  0x0000018881534ca0: ; ImmutableOopMap {[184]=Oop }
                      ;*invokeinterface invoke {reexecute=0 rethrow=0 return_oop=0}
                      ; - java.lang.reflect.Method::invoke@90
                      ; - org.eclipse.e4.core.internal.di.MethodRequestor::execute@77 (line 56)
  0x0000018881534ca0: dca0 f205 

  0x0000018881534ca4: ;   {other}
  0x0000018881534ca4: 0f1f 8400 | 9419 000b 

  0x0000018881534cac: ;   {metadata(method data for {method} {0x0000018893043cd8} 'invoke' '(Ljava/lang/Object;[Ljava/lang/Object;)Ljava/lang/Object;' in 'java/lang/reflect/Method')}
  0x0000018881534cac: 49b8 306d | 36d4 8801 | 0000 41ff | 8020 0300 | 00e9 c200 | 0000 488b | bc24 e800 | 0000 483b 
  0x0000018881534ccc: 024c 8bc2 

  0x0000018881534cd0: ;   {metadata(method data for {method} {0x0000018893043cd8} 'invoke' '(Ljava/lang/Object;[Ljava/lang/Object;)Ljava/lang/Object;' in 'java/lang/reflect/Method')}
  0x0000018881534cd0: 49b9 306d | 36d4 8801 | 0000 458b | 4008 49ba | 0000 0093 | 8801 0000 | 4d03 c24d | 3b81 4803 
  0x0000018881534cf0: 0000 750d | 4983 8150 | 0300 0001 | e960 0000 | 004d 3b81 | 5803 0000 | 750d 4983 | 8160 0300 
  0x0000018881534d10: 0001 e94a | 0000 0049 | 83b9 4803 | 0000 0075 | 174d 8981 | 4803 0000 | 49c7 8150 | 0300 0001 
  0x0000018881534d30: 0000 00e9 | 2900 0000 | 4983 b958 | 0300 0000 | 7517 4d89 | 8158 0300 | 0049 c781 | 6003 0000 
  0x0000018881534d50: 0100 0000 | e908 0000 | 0049 8381 | 3803 0000 | 014c 8b84 | 24c0 0000 | 004c 8bcf | 9048 b8b8 
  0x0000018881534d70: dc19 9388 

  0x0000018881534d74: ;   {virtual_call}
  0x0000018881534d74: 0100 00e8 

  0x0000018881534d78: ; ImmutableOopMap {[184]=Oop }
                      ;*invokeinterface invoke {reexecute=0 rethrow=0 return_oop=0}
                      ; - java.lang.reflect.Method::invoke@102
                      ; - org.eclipse.e4.core.internal.di.MethodRequestor::execute@77 (line 56)
  0x0000018881534d78: e42e dafe 

  0x0000018881534d7c: ;   {other}
  0x0000018881534d7c: 0f1f 8400 | 6c1a 000c 

  0x0000018881534d84: ;   {metadata(method data for {method} {0x00000188d57e5f18} 'execute' '()Ljava/lang/Object;' in 'org/eclipse/e4/core/internal/di/MethodRequestor')}
  0x0000018881534d84: 48ba a893 | 7fd6 8801 | 0000 ff82 | 5003 0000 | 8bbc 24d4 | 0000 0085 

  0x0000018881534d9c: ;   {metadata(method data for {method} {0x00000188d57e5f18} 'execute' '()Ljava/lang/Object;' in 'org/eclipse/e4/core/internal/di/MethodRequestor')}
  0x0000018881534d9c: ff48 baa8 | 937f d688 | 0100 0048 | c7c6 1805 | 0000 7407 | 48c7 c628 | 0500 0048 | 8b3c 3248 
  0x0000018881534dbc: 8d7f 0148 | 893c 3248 | 8984 2400 | 0100 000f | 844b 0000 | 0048 8b94 | 24b8 0000 | 008b 7220 
  0x0000018881534ddc: 48c1 e603 

  0x0000018881534de0: ; implicit exception: dispatches to 0x00000188815359bc
  0x0000018881534de0: 483b 0648 

  0x0000018881534de4: ;   {metadata(method data for {method} {0x00000188d57e5f18} 'execute' '()Ljava/lang/Object;' in 'org/eclipse/e4/core/internal/di/MethodRequestor')}
  0x0000018881534de4: 8bfe 48bb | a893 7fd6 | 8801 0000 

  0x0000018881534df0: ;   {metadata('org/eclipse/e4/core/internal/contexts/ContextObjectSupplier')}
  0x0000018881534df0: 49ba a856 | 3094 8801 | 0000 4c89 | 9348 0500 | 0048 8383 | 5005 0000 | 0148 8bd6 

  0x0000018881534e0c: ;   {optimized virtual_call}
  0x0000018881534e0c: 6666 90e8 

  0x0000018881534e10: ; ImmutableOopMap {[184]=Oop [256]=Oop }
                      ;*invokevirtual resumeRecording {reexecute=0 rethrow=0 return_oop=0}
                      ; - org.eclipse.e4.core.internal.di.MethodRequestor::execute@167 (line 69)
  0x0000018881534e10: ec42 ddfe 

  0x0000018881534e14: ;   {other}
  0x0000018881534e14: 0f1f 8400 | 041b 000d | 488b 9424 | b800 0000 

  0x0000018881534e24: ;   {metadata(method data for {method} {0x00000188d57e5f18} 'execute' '()Ljava/lang/Object;' in 'org/eclipse/e4/core/internal/di/MethodRequestor')}
  0x0000018881534e24: 488b c248 | bea8 937f | d688 0100 | 008b 4008 | 49ba 0000 | 0093 8801 | 0000 4903 | c248 3b86 
  0x0000018881534e44: 8005 0000 | 750d 4883 | 8688 0500 | 0001 e960 | 0000 0048 | 3b86 9005 | 0000 750d | 4883 8698 
  0x0000018881534e64: 0500 0001 | e94a 0000 | 0048 83be | 8005 0000 | 0075 1748 | 8986 8005 | 0000 48c7 | 8688 0500 
  0x0000018881534e84: 0001 0000 | 00e9 2900 | 0000 4883 | be90 0500 | 0000 7517 | 4889 8690 | 0500 0048 | c786 9805 
  0x0000018881534ea4: 0000 0100 | 0000 e908 | 0000 0048 | 8386 7005 

  0x0000018881534eb4: ;   {metadata(method data for {method} {0x00000188d57e78b8} 'clearResolvedArgs' '()V' in 'org/eclipse/e4/core/internal/di/Requestor')}
  0x0000018881534eb4: 0000 0148 | b8d0 fb62 | d688 0100 | 008b b0cc | 0000 0083 | c602 89b0 | cc00 0000 | 81e6 feff 
  0x0000018881534ed4: 1f00 85f6 | 0f84 e30a | 0000 448b | 4228 49c1 | e003 4d85 

  0x0000018881534ee8: ;   {metadata(method data for {method} {0x00000188d57e78b8} 'clearResolvedArgs' '()V' in 'org/eclipse/e4/core/internal/di/Requestor')}
  0x0000018881534ee8: c048 b8d0 | fb62 d688 | 0100 0048 | c7c6 1001 | 0000 7507 | 48c7 c620 | 0100 0048 | 8b3c 3048 
  0x0000018881534f08: 8d7f 0148 | 893c 300f | 852c 0200 | 00e9 7602 | 0000 488b | 9424 b800 | 0000 498b | 87f8 0400 
  0x0000018881534f28: 004d 33d2 | 4d89 97f8 | 0400 004d | 33d2 4d89 | 9700 0500 | 0048 8bd8 

  0x0000018881534f40: ;   {metadata(method data for {method} {0x00000188d57e5f18} 'execute' '()Ljava/lang/Object;' in 'org/eclipse/e4/core/internal/di/MethodRequestor')}
  0x0000018881534f40: 488b f348 | b8a8 937f | d688 0100 

  0x0000018881534f4c: ;   {metadata('java/lang/reflect/InvocationTargetException')}
  0x0000018881534f4c: 0049 bab0 | 4504 9488 | 0100 004c | 8990 8803 | 0000 4883 | 8090 0300 | 0001 448b | 4324 49c1 
  0x0000018881534f6c: e003 4d85 

  0x0000018881534f70: ;   {metadata(method data for {method} {0x00000188d57e5f18} 'execute' '()Ljava/lang/Object;' in 'org/eclipse/e4/core/internal/di/MethodRequestor')}
  0x0000018881534f70: c075 1648 | b9a8 937f | d688 0100 | 0080 89a9 | 0300 0001 | e9cf 0000 

  0x0000018881534f88: ;   {metadata('java/lang/Error')}
  0x0000018881534f88: 0049 b9c8 | 0701 9388 | 0100 0041 | 8b48 0849 | ba00 0000 | 9388 0100 | 0049 03ca | 4c3b 4940 
  0x0000018881534fa8: 0f85 8e00 

  0x0000018881534fac: ;   {metadata(method data for {method} {0x00000188d57e5f18} 'execute' '()Ljava/lang/Object;' in 'org/eclipse/e4/core/internal/di/MethodRequestor')}
  0x0000018881534fac: 0000 48b9 | a893 7fd6 | 8801 0000 | 458b 4808 | 49ba 0000 | 0093 8801 | 0000 4d03 | ca4c 3b89 
  0x0000018881534fcc: c003 0000 | 750d 4883 | 81c8 0300 | 0001 e97e | 0000 004c | 3b89 d003 | 0000 750d | 4883 81d8 
  0x0000018881534fec: 0300 0001 | e968 0000 | 0048 83b9 | c003 0000 | 0075 174c | 8989 c003 | 0000 48c7 | 81c8 0300 
  0x000001888153500c: 0001 0000 | 00e9 4700 | 0000 4883 | b9d0 0300 | 0000 7517 | 4c89 89d0 | 0300 0048 | c781 d803 
  0x000001888153502c: 0000 0100 | 0000 e926 | 0000 00e9 | 2100 0000 

  0x000001888153503c: ;   {metadata(method data for {method} {0x00000188d57e5f18} 'execute' '()Ljava/lang/Object;' in 'org/eclipse/e4/core/internal/di/MethodRequestor')}
  0x000001888153503c: 48b9 a893 | 7fd6 8801 | 0000 4883 | a9b0 0300 | 0001 e905 | 0000 00e9 | 0500 0000 | 4833 f6eb 
  0x000001888153505c: 0748 c7c6 | 0100 0000 

  0x0000018881535064: ;   {metadata(method data for {method} {0x00000188d57e5f18} 'execute' '()Ljava/lang/Object;' in 'org/eclipse/e4/core/internal/di/MethodRequestor')}
  0x0000018881535064: 85f6 48be | a893 7fd6 | 8801 0000 | 48c7 c0f8 | 0300 0075 | 0748 c7c0 | e803 0000 | 488b 0c06 
  0x0000018881535084: 488d 4901 | 4889 0c06 | 89bc 24d4 | 0000 000f | 85b3 0100 | 000f 1f80 | 0000 0000 

  0x00000188815350a0: ;   {no_reloc}
  0x00000188815350a0: e94c 0900 | 0000 0000 | 0000 80ba | 2101 0000 | 040f 8549 | 0900 0049 | 8b87 b801 | 0000 488d 
  0x00000188815350c0: 7828 493b | bfc8 0100 | 000f 8731 | 0900 0049 | 89bf b801 | 0000 48c7 | 0001 0000 | 0048 8bca 
  0x00000188815350e0: 49ba 0000 | 0093 8801 | 0000 492b | ca89 4808 | 4833 c989 | 480c 4833 | c948 8948 | 1048 8948 
  0x0000018881535100: 1848 8948 | 204d 85c0 

  0x0000018881535108: ;   {metadata(method data for {method} {0x00000188d57e5f18} 'execute' '()Ljava/lang/Object;' in 'org/eclipse/e4/core/internal/di/MethodRequestor')}
  0x0000018881535108: 48ba a893 | 7fd6 8801 | 0000 48c7 | c640 0400 | 0074 0748 | c7c6 5004 | 0000 488b | 3c32 488d 
  0x0000018881535128: 7f01 4889 | 3c32 488b | 9424 b800 | 0000 0f84 | c700 0000 | e9ad 0000 

  0x0000018881535140: ;   {metadata(method data for {method} {0x00000188d57e78b8} 'clearResolvedArgs' '()V' in 'org/eclipse/e4/core/internal/di/Requestor')}
  0x0000018881535140: 0048 bed0 | fb62 d688 | 0100 0048 | 8386 3001 | 0000 0149 

  0x0000018881535154: ;   {oop(nullptr)}
  0x0000018881535154: 8bd0 49b8 | 0000 0000 | 0000 0000 | 0f1f 8000 

  0x0000018881535164: ;   {static_call}
  0x0000018881535164: 0000 00e8 

  0x0000018881535168: ; ImmutableOopMap {[184]=Oop [256]=Oop }
                      ;*invokestatic fill {reexecute=0 rethrow=0 return_oop=0}
                      ; - org.eclipse.e4.core.internal.di.Requestor::clearResolvedArgs@13 (line 195)
                      ; - org.eclipse.e4.core.internal.di.MethodRequestor::execute@171 (line 70)
  0x0000018881535168: d44e 91ff 

  0x000001888153516c: ;   {other}
  0x000001888153516c: 0f1f 8400 | 5c1e 000e | 410f be47 | 4085 c048 | 8b94 24b8 | 0000 000f | 8584 0800 | 00c7 4228 
  0x000001888153518c: 0000 0000 | 488b 8424 | 0001 0000 | 4881 c450 | 0100 005d 

  0x00000188815351a0: ;   {poll_return}
  0x00000188815351a0: 493b a748 | 0400 000f | 877f 0800 

  0x00000188815351ac: ;   {oop(nullptr)}
  0x00000188815351ac: 00c3 48b8 | 0000 0000 | 0000 0000 | 4881 c450 | 0100 005d 

  0x00000188815351c0: ;   {poll_return}
  0x00000188815351c0: 493b a748 | 0400 000f | 8775 0800 

  0x00000188815351cc: ;   {oop(nullptr)}
  0x00000188815351cc: 00c3 48b8 | 0000 0000 | 0000 0000 | 4881 c450 | 0100 005d 

  0x00000188815351e0: ;   {poll_return}
  0x00000188815351e0: 493b a748 | 0400 000f | 876b 0800 

  0x00000188815351ec: ;   {metadata(method data for {method} {0x00000188d57e5f18} 'execute' '()Ljava/lang/Object;' in 'org/eclipse/e4/core/internal/di/MethodRequestor')}
  0x00000188815351ec: 00c3 48be | a893 7fd6 | 8801 0000 | ff86 6004 | 0000 e903 | 0000 004c | 8bc3 488b 

  0x0000018881535208: ;   {metadata(method data for {method} {0x00000188d57e5f18} 'execute' '()Ljava/lang/Object;' in 'org/eclipse/e4/core/internal/di/MethodRequestor')}
  0x0000018881535208: f048 bba8 | 937f d688 | 0100 0048 | 8383 7804 | 0000 0148 | 8bd0 4889 | 8424 0801 

  0x0000018881535224: ;   {optimized virtual_call}
  0x0000018881535224: 0000 90e8 

  0x0000018881535228: ; ImmutableOopMap {[184]=Oop [264]=Oop }
                      ;*invokespecial <init> {reexecute=0 rethrow=0 return_oop=0}
                      ; - org.eclipse.e4.core.internal.di.MethodRequestor::execute@135 (line 66)
  0x0000018881535228: 5498 f205 

  0x000001888153522c: ;   {other}
  0x000001888153522c: 0f1f 8400 | 1c1f 000f | 488b 8424 

  0x0000018881535238: ; ImmutableOopMap {rax=Oop [184]=Oop }
                      ;*athrow {reexecute=1 rethrow=0 return_oop=0}
                      ; - (reexecute) org.eclipse.e4.core.internal.di.MethodRequestor::execute@138 (line 66)
  0x0000018881535238: 0801 0000 

  0x000001888153523c: ;   {section_word}
  0x000001888153523c: 48ba 3c52 | 5381 8801 

  0x0000018881535244: ;   {runtime_call handle_exception_nofpu Runtime1 stub}
  0x0000018881535244: 0000 e8b5 | 1cff 0590 | 4d85 c075 

  0x0000018881535250: ;   {metadata(method data for {method} {0x00000188d57e5f18} 'execute' '()Ljava/lang/Object;' in 'org/eclipse/e4/core/internal/di/MethodRequestor')}
  0x0000018881535250: 1648 bea8 | 937f d688 | 0100 0080 | 8e01 0400 | 0001 e9cf 

  0x0000018881535264: ;   {metadata('java/lang/Error')}
  0x0000018881535264: 0000 0048 | bfc8 0701 | 9388 0100 | 0041 8b70 | 0849 ba00 | 0000 9388 | 0100 0049 | 03f2 483b 
  0x0000018881535284: 7e40 0f85 | 8e00 0000 

  0x000001888153528c: ;   {metadata(method data for {method} {0x00000188d57e5f18} 'execute' '()Ljava/lang/Object;' in 'org/eclipse/e4/core/internal/di/MethodRequestor')}
  0x000001888153528c: 48be a893 | 7fd6 8801 | 0000 418b | 7808 49ba | 0000 0093 | 8801 0000 | 4903 fa48 | 3bbe 1804 
  0x00000188815352ac: 0000 750d | 4883 8620 | 0400 0001 | e979 0000 | 0048 3bbe | 2804 0000 | 750d 4883 | 8630 0400 
  0x00000188815352cc: 0001 e963 | 0000 0048 | 83be 1804 | 0000 0075 | 1748 89be | 1804 0000 | 48c7 8620 | 0400 0001 
  0x00000188815352ec: 0000 00e9 | 4200 0000 | 4883 be28 | 0400 0000 | 7517 4889 | be28 0400 | 0048 c786 | 3004 0000 
  0x000001888153530c: 0100 0000 | e921 0000 | 00e9 1c00 

  0x0000018881535318: ;   {metadata(method data for {method} {0x00000188d57e5f18} 'execute' '()Ljava/lang/Object;' in 'org/eclipse/e4/core/internal/di/MethodRequestor')}
  0x0000018881535318: 0000 48be | a893 7fd6 | 8801 0000 | 4883 ae08 | 0400 0001 | e93d 0700 | 00e9 0000 | 0000 498b 
  0x0000018881535338: ; ImmutableOopMap {rax=Oop [184]=Oop }
                      ;*athrow {reexecute=1 rethrow=0 return_oop=0}
                      ; - (reexecute) org.eclipse.e4.core.internal.di.MethodRequestor::execute@118 (line 64)
  0x0000018881535338: c048 3b00 

  0x000001888153533c: ;   {section_word}
  0x000001888153533c: 48ba 3c53 | 5381 8801 

  0x0000018881535344: ;   {runtime_call handle_exception_nofpu Runtime1 stub}
  0x0000018881535344: 0000 e8b5 | 1bff 0590 | 498b 87f8 | 0400 004d | 33d2 4d89 | 97f8 0400 | 004d 33d2 | 4d89 9700 
  0x0000018881535364: 0500 004c | 8bc0 660f | 1f44 0000 

  0x0000018881535370: ;   {no_reloc}
  0x0000018881535370: e916 0700 | 0000 0000 | 0000 80ba | 2101 0000 | 040f 8513 | 0700 0049 | 8b87 b801 | 0000 488d 
  0x0000018881535390: 7828 493b | bfc8 0100 | 000f 87fb | 0600 0049 | 89bf b801 | 0000 48c7 | 0001 0000 | 0048 8bca 
  0x00000188815353b0: 49ba 0000 | 0093 8801 | 0000 492b | ca89 4808 | 4833 c989 | 480c 4833 | c948 8948 | 1048 8948 
  0x00000188815353d0: 1848 8948 | 2048 8bd0 

  0x00000188815353d8: ;   {metadata(method data for {method} {0x00000188d57e5f18} 'execute' '()Ljava/lang/Object;' in 'org/eclipse/e4/core/internal/di/MethodRequestor')}
  0x00000188815353d8: 48be a893 | 7fd6 8801 | 0000 4883 | 8668 0300 | 0001 488b | d048 8984 | 2410 0100 

  0x00000188815353f4: ;   {optimized virtual_call}
  0x00000188815353f4: 0066 90e8 

  0x00000188815353f8: ; ImmutableOopMap {[184]=Oop [272]=Oop }
                      ;*invokespecial <init> {reexecute=0 rethrow=0 return_oop=0}
                      ; - org.eclipse.e4.core.internal.di.MethodRequestor::execute@92 (line 58)
  0x00000188815353f8: 8496 f205 

  0x00000188815353fc: ;   {other}
  0x00000188815353fc: 0f1f 8400 | ec20 0012 | 488b 8424 

  0x0000018881535408: ; ImmutableOopMap {rax=Oop [184]=Oop }
                      ;*athrow {reexecute=1 rethrow=0 return_oop=0}
                      ; - (reexecute) org.eclipse.e4.core.internal.di.MethodRequestor::execute@95 (line 58)
  0x0000018881535408: 1001 0000 

  0x000001888153540c: ;   {section_word}
  0x000001888153540c: 48ba 0c54 | 5381 8801 

  0x0000018881535414: ;   {runtime_call handle_exception_nofpu Runtime1 stub}
  0x0000018881535414: 0000 e8e5 | 1aff 0590 | 498b 87f8 | 0400 004d | 33d2 4d89 | 97f8 0400 | 004d 33d2 | 4d89 9700 
  0x0000018881535434: 0500 0085 

  0x0000018881535438: ;   {metadata(method data for {method} {0x00000188d57e5f18} 'execute' '()Ljava/lang/Object;' in 'org/eclipse/e4/core/internal/di/MethodRequestor')}
  0x0000018881535438: ff48 baa8 | 937f d688 | 0100 0048 | c7c6 8804 | 0000 7407 | 48c7 c698 | 0400 0048 | 8b3c 3248 
  0x0000018881535458: 8d7f 0148 | 893c 3248 | 8984 2418 | 0100 000f | 844f 0000 | 0048 8b94 | 24b8 0000 | 008b 7220 
  0x0000018881535478: 48c1 e603 

  0x000001888153547c: ; implicit exception: dispatches to 0x0000018881535aa7
  0x000001888153547c: 483b 0648 

  0x0000018881535480: ;   {metadata(method data for {method} {0x00000188d57e5f18} 'execute' '()Ljava/lang/Object;' in 'org/eclipse/e4/core/internal/di/MethodRequestor')}
  0x0000018881535480: 8bfe 48bb | a893 7fd6 | 8801 0000 

  0x000001888153548c: ;   {metadata('org/eclipse/e4/core/internal/contexts/ContextObjectSupplier')}
  0x000001888153548c: 49ba a856 | 3094 8801 | 0000 4c89 | 93b8 0400 | 0048 8383 | c004 0000 | 0148 8bd6 | 0f1f 8000 
  0x00000188815354ac: ;   {optimized virtual_call}
  0x00000188815354ac: 0000 00e8 

  0x00000188815354b0: ; ImmutableOopMap {[184]=Oop [280]=Oop }
                      ;*invokevirtual resumeRecording {reexecute=0 rethrow=0 return_oop=0}
                      ; - org.eclipse.e4.core.internal.di.MethodRequestor::execute@149 (line 69)
  0x00000188815354b0: cc95 f205 

  0x00000188815354b4: ;   {other}
  0x00000188815354b4: 0f1f 8400 | a421 0014 | 488b 9424 | b800 0000 

  0x00000188815354c4: ;   {metadata(method data for {method} {0x00000188d57e5f18} 'execute' '()Ljava/lang/Object;' in 'org/eclipse/e4/core/internal/di/MethodRequestor')}
  0x00000188815354c4: 4c8b c248 | bea8 937f | d688 0100 | 0045 8b40 | 0849 ba00 | 0000 9388 | 0100 004d | 03c2 4c3b 
  0x00000188815354e4: 86f0 0400 | 0075 0d48 | 8386 f804 | 0000 01e9 | 6000 0000 | 4c3b 8600 | 0500 0075 | 0d48 8386 
  0x0000018881535504: 0805 0000 | 01e9 4a00 | 0000 4883 | bef0 0400 | 0000 7517 | 4c89 86f0 | 0400 0048 | c786 f804 
  0x0000018881535524: 0000 0100 | 0000 e929 | 0000 0048 | 83be 0005 | 0000 0075 | 174c 8986 | 0005 0000 | 48c7 8608 
  0x0000018881535544: 0500 0001 | 0000 00e9 | 0800 0000 | 4883 86e0 | 0400 0001 

  0x0000018881535558: ;   {metadata(method data for {method} {0x00000188d57e78b8} 'clearResolvedArgs' '()V' in 'org/eclipse/e4/core/internal/di/Requestor')}
  0x0000018881535558: 49b8 d0fb | 62d6 8801 | 0000 418b | b0cc 0000 | 0083 c602 | 4189 b0cc | 0000 0081 | e6fe ff1f 
  0x0000018881535578: 0085 f60f | 842b 0500 | 0044 8b42 | 2849 c1e0 | 034d 85c0 

  0x000001888153558c: ;   {metadata(method data for {method} {0x00000188d57e78b8} 'clearResolvedArgs' '()V' in 'org/eclipse/e4/core/internal/di/Requestor')}
  0x000001888153558c: 48be d0fb | 62d6 8801 | 0000 48c7 | c720 0100 | 0074 0748 | c7c7 1001 | 0000 488b | 1c3e 488d 
  0x00000188815355ac: 5b01 4889 | 1c3e 0f84 | 4800 0000 

  0x00000188815355b8: ;   {metadata(method data for {method} {0x00000188d57e78b8} 'clearResolvedArgs' '()V' in 'org/eclipse/e4/core/internal/di/Requestor')}
  0x00000188815355b8: 48be d0fb | 62d6 8801 | 0000 4883 | 8630 0100 | 0001 498b 

  0x00000188815355cc: ;   {oop(nullptr)}
  0x00000188815355cc: d049 b800 | 0000 0000 

  0x00000188815355d4: ;   {static_call}
  0x00000188815355d4: 0000 00e8 

  0x00000188815355d8: ; ImmutableOopMap {[184]=Oop [280]=Oop }
                      ;*invokestatic fill {reexecute=0 rethrow=0 return_oop=0}
                      ; - org.eclipse.e4.core.internal.di.Requestor::clearResolvedArgs@13 (line 195)
                      ; - org.eclipse.e4.core.internal.di.MethodRequestor::execute@153 (line 70)
  0x00000188815355d8: a49a f205 

  0x00000188815355dc: ;   {other}
  0x00000188815355dc: 0f1f 8400 | cc22 0015 | 410f be47 | 4085 c048 | 8bb4 24b8 | 0000 000f | 85d4 0400 | 00c7 4628 
  0x00000188815355fc: 0000 0000 | 488b 8424 | 1801 0000 | e93d 0700 | 0048 8bb4 | 24b8 0000 | 0049 8b87 | f804 0000 
  0x000001888153561c: 4d33 d24d | 8997 f804 | 0000 4d33 | d24d 8997 | 0005 0000 | 488b d048 | 8d84 2430 | 0100 0048 
  0x000001888153563c: 8b18 4885 | db0f 840f | 0000 0048 | 8b48 08f0 | 480f b119 | 0f85 9604 | 0000 49ff | 8f48 0500 
  0x000001888153565c: ; ImmutableOopMap {rdi=Oop rsi=Oop rax=Oop [184]=Oop [296]=Oop }
                      ;*invokevirtual addElement {reexecute=0 rethrow=0 return_oop=0}
                      ; - java.util.Stack::push@2
                      ; - org.eclipse.e4.core.internal.contexts.ContextObjectSupplier::pauseRecording@6 (line 215)
                      ; - org.eclipse.e4.core.internal.di.MethodRequestor::execute@49 (line 51)
  0x000001888153565c: 0048 8bc2 

  0x0000018881535660: ;   {section_word}
  0x0000018881535660: 48ba 6056 | 5381 8801 

  0x0000018881535668: ;   {runtime_call handle_exception_nofpu Runtime1 stub}
  0x0000018881535668: 0000 e891 | 18ff 0590 | 498b 87f8 | 0400 004d | 33d2 4d89 | 97f8 0400 | 004d 33d2 | 4d89 9700 
  0x0000018881535688: 0500 0048 | 8bf0 488d | 8424 2001 | 0000 488b | 3848 85ff | 0f84 0f00 | 0000 488b | 5808 f048 
  0x00000188815356a8: 0fb1 3b0f | 8551 0400 | 0049 ff8f | 4805 0000 | 488b c6e9 | 8a06 0000 

  0x00000188815356c0: ;   {metadata({method} {0x00000188d57e5f18} 'execute' '()Ljava/lang/Object;' in 'org/eclipse/e4/core/internal/di/MethodRequestor')}
  0x00000188815356c0: 49ba 105f | 7ed5 8801 | 0000 4c89 | 5424 0848 | c704 24ff 

  0x00000188815356d4: ;   {runtime_call counter_overflow Runtime1 stub}
  0x00000188815356d4: ffff ffe8 

  0x00000188815356d8: ; ImmutableOopMap {rdx=Oop [184]=Oop }
                      ;*synchronization entry
                      ; - org.eclipse.e4.core.internal.di.MethodRequestor::execute@-1 (line 41)
  0x00000188815356d8: 2460 ff05 | e90d e1ff | ff48 8934 

  0x00000188815356e4: ;   {runtime_call throw_class_cast_exception Runtime1 stub}
  0x00000188815356e4: 24e8 1624 

  0x00000188815356e8: ; ImmutableOopMap {rdx=Oop [184]=Oop }
                      ;*checkcast {reexecute=0 rethrow=0 return_oop=0}
                      ; - org.eclipse.e4.core.internal.di.MethodRequestor::execute@11 (line 42)
                      ;   {runtime_call throw_null_pointer_exception Runtime1 stub}
  0x00000188815356e8: ff05 e811 

  0x00000188815356ec: ; ImmutableOopMap {rdx=Oop rsi=Oop [184]=Oop }
                      ;*invokevirtual getParameterTypes {reexecute=0 rethrow=0 return_oop=0}
                      ; - org.eclipse.e4.core.internal.di.MethodRequestor::execute@14 (line 42)
                      ;   {metadata({method} {0x0000018893041d00} 'getParameterTypes' '()[Ljava/lang/Class;' in 'java/lang/reflect/Method')}
  0x00000188815356ec: f2fe 0549 | baf8 1c04 | 9388 0100 | 004c 8954 | 2408 48c7 | 0424 ffff 

  0x0000018881535704: ;   {runtime_call counter_overflow Runtime1 stub}
  0x0000018881535704: ffff e8f5 

  0x0000018881535708: ; ImmutableOopMap {rdx=Oop rsi=Oop [184]=Oop }
                      ;*synchronization entry
                      ; - java.lang.reflect.Method::getParameterTypes@-1
                      ; - org.eclipse.e4.core.internal.di.MethodRequestor::execute@14 (line 42)
  0x0000018881535708: 5fff 05e9 | 41e2 ffff 

  0x0000018881535710: ;   {runtime_call throw_null_pointer_exception Runtime1 stub}
  0x0000018881535710: e8eb f1fe 

  0x0000018881535714: ; ImmutableOopMap {rdx=Oop rsi=Oop [184]=Oop }
                      ;*invokevirtual clone {reexecute=0 rethrow=0 return_oop=0}
                      ; - java.lang.reflect.Method::getParameterTypes@4
                      ; - org.eclipse.e4.core.internal.di.MethodRequestor::execute@14 (line 42)
  0x0000018881535714: 0548 8904 

  0x0000018881535718: ;   {runtime_call throw_class_cast_exception Runtime1 stub}
  0x0000018881535718: 24e8 e223 

  0x000001888153571c: ; ImmutableOopMap {[184]=Oop }
                      ;*checkcast {reexecute=0 rethrow=0 return_oop=0}
                      ; - java.lang.reflect.Method::getParameterTypes@7
                      ; - org.eclipse.e4.core.internal.di.MethodRequestor::execute@14 (line 42)
                      ;   {runtime_call throw_null_pointer_exception Runtime1 stub}
  0x000001888153571c: ff05 e8dd 

  0x0000018881535720: ; ImmutableOopMap {[184]=Oop }
                      ;*arraylength {reexecute=0 rethrow=0 return_oop=0}
                      ; - org.eclipse.e4.core.internal.di.MethodRequestor::execute@17 (line 42)
                      ;   {metadata({method} {0x00000188d57e6eb8} 'getRequestingObject' '()Ljava/lang/Object;' in 'org/eclipse/e4/core/internal/di/Requestor')}
  0x0000018881535720: f1fe 0549 | bab0 6e7e | d588 0100 | 004c 8954 | 2408 48c7 | 0424 ffff 

  0x0000018881535738: ;   {runtime_call counter_overflow Runtime1 stub}
  0x0000018881535738: ffff e8c1 

  0x000001888153573c: ; ImmutableOopMap {rdx=Oop [184]=Oop }
                      ;*synchronization entry
                      ; - org.eclipse.e4.core.internal.di.Requestor::getRequestingObject@-1 (line 106)
                      ; - org.eclipse.e4.core.internal.di.MethodRequestor::execute@24 (line 45)
  0x000001888153573c: 5fff 05e9 | a6e4 ffff 

  0x0000018881535744: ;   {runtime_call throw_null_pointer_exception Runtime1 stub}
  0x0000018881535744: e8b7 f1fe 

  0x0000018881535748: ; ImmutableOopMap {rsi=Oop [184]=Oop }
                      ;*invokevirtual get {reexecute=0 rethrow=0 return_oop=0}
                      ; - org.eclipse.e4.core.internal.di.Requestor::getRequestingObject@13 (line 108)
                      ; - org.eclipse.e4.core.internal.di.MethodRequestor::execute@24 (line 45)
                      ;   {runtime_call throw_null_pointer_exception Runtime1 stub}
  0x0000018881535748: 05e8 b2f1 

  0x000001888153574c: ; ImmutableOopMap {rdi=Oop [184]=Oop [192]=Oop }
                      ;*invokevirtual pauseRecording {reexecute=0 rethrow=0 return_oop=0}
                      ; - org.eclipse.e4.core.internal.di.MethodRequestor::execute@49 (line 51)
  0x000001888153574c: fe05 4889 | 7c24 0848 

  0x0000018881535754: ;   {runtime_call monitorenter_nofpu Runtime1 stub}
  0x0000018881535754: 891c 24e8 

  0x0000018881535758: ; ImmutableOopMap {rdi=Oop [184]=Oop [192]=Oop [296]=Oop }
                      ;*synchronization entry
                      ; - org.eclipse.e4.core.internal.contexts.ContextObjectSupplier::pauseRecording@-1 (line 214)
                      ; - org.eclipse.e4.core.internal.di.MethodRequestor::execute@49 (line 51)
  0x0000018881535758: a42f ff05 | e977 e6ff 

  0x0000018881535760: ;   {metadata({method} {0x00000188d57e0080} 'pauseRecording' '()V' in 'org/eclipse/e4/core/internal/contexts/ContextObjectSupplier')}
  0x0000018881535760: ff49 ba78 | 007e d588 | 0100 004c | 8954 2408 | 48c7 0424 | ffff ffff 

  0x0000018881535778: ;   {runtime_call counter_overflow Runtime1 stub}
  0x0000018881535778: e883 5fff 

  0x000001888153577c: ; ImmutableOopMap {rdi=Oop [184]=Oop [192]=Oop [296]=Oop }
                      ;*synchronization entry
                      ; - org.eclipse.e4.core.internal.contexts.ContextObjectSupplier::pauseRecording@-1 (line 214)
                      ; - org.eclipse.e4.core.internal.di.MethodRequestor::execute@49 (line 51)
  0x000001888153577c: 05e9 7ce6 

  0x0000018881535780: ;   {metadata({method} {0x00000188d57c74e0} 'getCalculatedComputations' '()Ljava/util/Stack;' in 'org/eclipse/e4/core/internal/contexts/EclipseContext')}
  0x0000018881535780: ffff 49ba | d874 7cd5 | 8801 0000 | 4c89 5424 | 0848 c704 | 24ff ffff 

  0x0000018881535798: ;   {runtime_call counter_overflow Runtime1 stub}
  0x0000018881535798: ffe8 625f 

  0x000001888153579c: ; ImmutableOopMap {[184]=Oop [192]=Oop [296]=Oop }
                      ;*synchronization entry
                      ; - org.eclipse.e4.core.internal.contexts.EclipseContext::getCalculatedComputations@-1 (line 734)
                      ; - org.eclipse.e4.core.internal.contexts.ContextObjectSupplier::pauseRecording@0 (line 214)
                      ; - org.eclipse.e4.core.internal.di.MethodRequestor::execute@49 (line 51)
  0x000001888153579c: ff05 e994 

  0x00000188815357a0: ;   {runtime_call throw_null_pointer_exception Runtime1 stub}
  0x00000188815357a0: e6ff ffe8 

  0x00000188815357a4: ; ImmutableOopMap {rdi=Oop [184]=Oop [192]=Oop [296]=Oop }
                      ;*invokevirtual get {reexecute=0 rethrow=0 return_oop=0}
                      ; - org.eclipse.e4.core.internal.contexts.EclipseContext::getCalculatedComputations@3 (line 734)
                      ; - org.eclipse.e4.core.internal.contexts.ContextObjectSupplier::pauseRecording@0 (line 214)
                      ; - org.eclipse.e4.core.internal.di.MethodRequestor::execute@49 (line 51)
  0x00000188815357a4: 58f1 fe05 | 4889 0424 

  0x00000188815357ac: ;   {runtime_call throw_class_cast_exception Runtime1 stub}
  0x00000188815357ac: e84f 23ff 

  0x00000188815357b0: ; ImmutableOopMap {[184]=Oop [192]=Oop [296]=Oop }
                      ;*checkcast {reexecute=0 rethrow=0 return_oop=0}
                      ; - org.eclipse.e4.core.internal.contexts.EclipseContext::getCalculatedComputations@6 (line 734)
                      ; - org.eclipse.e4.core.internal.contexts.ContextObjectSupplier::pauseRecording@0 (line 214)
                      ; - org.eclipse.e4.core.internal.di.MethodRequestor::execute@49 (line 51)
  0x00000188815357b0: 0548 8bd2 

  0x00000188815357b4: ;   {runtime_call fast_new_instance Runtime1 stub}
  0x00000188815357b4: e8c7 03ff 

  0x00000188815357b8: ; ImmutableOopMap {[184]=Oop [192]=Oop [296]=Oop }
                      ;*new {reexecute=0 rethrow=0 return_oop=0}
                      ; - org.eclipse.e4.core.internal.contexts.EclipseContext::getCalculatedComputations@14 (line 736)
                      ; - org.eclipse.e4.core.internal.contexts.ContextObjectSupplier::pauseRecording@0 (line 214)
                      ; - org.eclipse.e4.core.internal.di.MethodRequestor::execute@49 (line 51)
  0x00000188815357b8: 05e9 abe8 

  0x00000188815357bc: ;   {metadata({method} {0x00000188d4937d28} '<init>' '()V' in 'java/util/Stack')}
  0x00000188815357bc: ffff 49ba | 207d 93d4 | 8801 0000 | 4c89 5424 | 0848 c704 | 24ff ffff 

  0x00000188815357d4: ;   {runtime_call counter_overflow Runtime1 stub}
  0x00000188815357d4: ffe8 265f 

  0x00000188815357d8: ; ImmutableOopMap {rax=Oop [184]=Oop [192]=Oop [296]=Oop }
                      ;*synchronization entry
                      ; - java.util.Stack::<init>@-1
                      ; - org.eclipse.e4.core.internal.contexts.EclipseContext::getCalculatedComputations@18 (line 736)
                      ; - org.eclipse.e4.core.internal.contexts.ContextObjectSupplier::pauseRecording@0 (line 214)
                      ; - org.eclipse.e4.core.internal.di.MethodRequestor::execute@49 (line 51)
  0x00000188815357d8: ff05 e9cb 

  0x00000188815357dc: ;   {metadata({method} {0x00000188d4192a20} '<init>' '()V' in 'java/util/Vector')}
  0x00000188815357dc: e8ff ff49 | ba18 2a19 | d488 0100 | 004c 8954 | 2408 48c7 | 0424 ffff 

  0x00000188815357f4: ;   {runtime_call counter_overflow Runtime1 stub}
  0x00000188815357f4: ffff e805 

  0x00000188815357f8: ; ImmutableOopMap {rax=Oop [184]=Oop [192]=Oop [296]=Oop }
                      ;*synchronization entry
                      ; - java.util.Vector::<init>@-1
                      ; - java.util.Stack::<init>@1
                      ; - org.eclipse.e4.core.internal.contexts.EclipseContext::getCalculatedComputations@18 (line 736)
                      ; - org.eclipse.e4.core.internal.contexts.ContextObjectSupplier::pauseRecording@0 (line 214)
                      ; - org.eclipse.e4.core.internal.di.MethodRequestor::execute@49 (line 51)
  0x00000188815357f8: 5fff 05e9 | ebe8 ffff 

  0x0000018881535800: ;   {metadata({method} {0x00000188d4192988} '<init>' '(I)V' in 'java/util/Vector')}
  0x0000018881535800: 49ba 8029 | 19d4 8801 | 0000 4c89 | 5424 0848 | c704 24ff 

  0x0000018881535814: ;   {runtime_call counter_overflow Runtime1 stub}
  0x0000018881535814: ffff ffe8 

  0x0000018881535818: ; ImmutableOopMap {rax=Oop [184]=Oop [192]=Oop [296]=Oop }
                      ;*synchronization entry
                      ; - java.util.Vector::<init>@-1
                      ; - java.util.Vector::<init>@3
                      ; - java.util.Stack::<init>@1
                      ; - org.eclipse.e4.core.internal.contexts.EclipseContext::getCalculatedComputations@18 (line 736)
                      ; - org.eclipse.e4.core.internal.contexts.ContextObjectSupplier::pauseRecording@0 (line 214)
                      ; - org.eclipse.e4.core.internal.di.MethodRequestor::execute@49 (line 51)
  0x0000018881535818: e45e ff05 | e90b e9ff 

  0x0000018881535820: ;   {runtime_call throw_null_pointer_exception Runtime1 stub}
  0x0000018881535820: ffe8 daf0 

  0x0000018881535824: ; ImmutableOopMap {rdx=Oop [184]=Oop [192]=Oop [200]=Oop [296]=Oop }
                      ;*invokevirtual set {reexecute=0 rethrow=0 return_oop=0}
                      ; - org.eclipse.e4.core.internal.contexts.EclipseContext::getCalculatedComputations@26 (line 737)
                      ; - org.eclipse.e4.core.internal.contexts.ContextObjectSupplier::pauseRecording@0 (line 214)
                      ; - org.eclipse.e4.core.internal.di.MethodRequestor::execute@49 (line 51)
                      ;   {runtime_call throw_null_pointer_exception Runtime1 stub}
  0x0000018881535824: fe05 e8d5 

  0x0000018881535828: ; ImmutableOopMap {rdx=Oop [184]=Oop [192]=Oop [296]=Oop }
                      ;*invokevirtual push {reexecute=0 rethrow=0 return_oop=0}
                      ; - org.eclipse.e4.core.internal.contexts.ContextObjectSupplier::pauseRecording@6 (line 215)
                      ; - org.eclipse.e4.core.internal.di.MethodRequestor::execute@49 (line 51)
                      ;   {metadata({method} {0x00000188d4937dc8} 'push' '(Ljava/lang/Object;)Ljava/lang/Object;' in 'java/util/Stack')}
  0x0000018881535828: f0fe 0549 | bac0 7d93 | d488 0100 | 004c 8954 | 2408 48c7 | 0424 ffff 

  0x0000018881535840: ;   {runtime_call counter_overflow Runtime1 stub}
  0x0000018881535840: ffff e8b9 

  0x0000018881535844: ; ImmutableOopMap {rdx=Oop [184]=Oop [192]=Oop [296]=Oop }
                      ;*synchronization entry
                      ; - java.util.Stack::push@-1
                      ; - org.eclipse.e4.core.internal.contexts.ContextObjectSupplier::pauseRecording@6 (line 215)
                      ; - org.eclipse.e4.core.internal.di.MethodRequestor::execute@49 (line 51)
  0x0000018881535844: 5eff 05e9 | 34ea ffff | 4889 5424 | 084c 8904 

  0x0000018881535854: ;   {runtime_call monitorenter_nofpu Runtime1 stub}
  0x0000018881535854: 24e8 a62e 

  0x0000018881535858: ; ImmutableOopMap {rdx=Oop [184]=Oop [192]=Oop [296]=Oop [312]=Oop }
                      ;*synchronization entry
                      ; - java.util.Vector::addElement@-1
                      ; - java.util.Stack::push@2
                      ; - org.eclipse.e4.core.internal.contexts.ContextObjectSupplier::pauseRecording@6 (line 215)
                      ; - org.eclipse.e4.core.internal.di.MethodRequestor::execute@49 (line 51)
  0x0000018881535858: ff05 e9ee 

  0x000001888153585c: ;   {metadata({method} {0x00000188d4193c20} 'addElement' '(Ljava/lang/Object;)V' in 'java/util/Vector')}
  0x000001888153585c: eaff ff49 | ba18 3c19 | d488 0100 | 004c 8954 | 2408 48c7 | 0424 ffff 

  0x0000018881535874: ;   {runtime_call counter_overflow Runtime1 stub}
  0x0000018881535874: ffff e885 

  0x0000018881535878: ; ImmutableOopMap {rdx=Oop [184]=Oop [192]=Oop [296]=Oop [312]=Oop }
                      ;*synchronization entry
                      ; - java.util.Vector::addElement@-1
                      ; - java.util.Stack::push@2
                      ; - org.eclipse.e4.core.internal.contexts.ContextObjectSupplier::pauseRecording@6 (line 215)
                      ; - org.eclipse.e4.core.internal.di.MethodRequestor::execute@49 (line 51)
  0x0000018881535878: 5eff 05e9 | f6ea ffff 

  0x0000018881535880: ;   {metadata({method} {0x00000188d4194380} 'add' '(Ljava/lang/Object;[Ljava/lang/Object;I)V' in 'java/util/Vector')}
  0x0000018881535880: 49ba 7843 | 19d4 8801 | 0000 4c89 | 5424 0848 | c704 24ff 

  0x0000018881535894: ;   {runtime_call counter_overflow Runtime1 stub}
  0x0000018881535894: ffff ffe8 

  0x0000018881535898: ; ImmutableOopMap {rdx=Oop r8=Oop [184]=Oop [192]=Oop [296]=Oop [312]=Oop }
                      ;*synchronization entry
                      ; - java.util.Vector::add@-1
                      ; - java.util.Vector::addElement@20
                      ; - java.util.Stack::push@2
                      ; - org.eclipse.e4.core.internal.contexts.ContextObjectSupplier::pauseRecording@6 (line 215)
                      ; - org.eclipse.e4.core.internal.di.MethodRequestor::execute@49 (line 51)
  0x0000018881535898: 645e ff05 | e927 ebff 

  0x00000188815358a0: ;   {runtime_call throw_null_pointer_exception Runtime1 stub}
  0x00000188815358a0: ffe8 5af0 

  0x00000188815358a4: ; ImmutableOopMap {rdx=Oop r8=Oop [184]=Oop [192]=Oop [296]=Oop [312]=Oop }
                      ;*arraylength {reexecute=0 rethrow=0 return_oop=0}
                      ; - java.util.Vector::add@2
                      ; - java.util.Vector::addElement@20
                      ; - java.util.Stack::push@2
                      ; - org.eclipse.e4.core.internal.contexts.ContextObjectSupplier::pauseRecording@6 (line 215)
                      ; - org.eclipse.e4.core.internal.di.MethodRequestor::execute@49 (line 51)
                      ;   {metadata({method} {0x00000188d4192eb8} 'grow' '()[Ljava/lang/Object;' in 'java/util/Vector')}
  0x00000188815358a4: fe05 49ba | b02e 19d4 | 8801 0000 | 4c89 5424 | 0848 c704 | 24ff ffff 

  0x00000188815358bc: ;   {runtime_call counter_overflow Runtime1 stub}
  0x00000188815358bc: ffe8 3e5e 

  0x00000188815358c0: ; ImmutableOopMap {rdx=Oop [184]=Oop [192]=Oop [296]=Oop [312]=Oop }
                      ;*synchronization entry
                      ; - java.util.Vector::grow@-1
                      ; - java.util.Vector::add@7
                      ; - java.util.Vector::addElement@20
                      ; - java.util.Stack::push@2
                      ; - org.eclipse.e4.core.internal.contexts.ContextObjectSupplier::pauseRecording@6 (line 215)
                      ; - org.eclipse.e4.core.internal.di.MethodRequestor::execute@49 (line 51)
  0x00000188815358c0: ff05 e971 

  0x00000188815358c4: ;   {runtime_call throw_null_pointer_exception Runtime1 stub}
  0x00000188815358c4: ebff ffe8 

  0x00000188815358c8: ; ImmutableOopMap {r8=Oop rdx=Oop rax=Oop [184]=Oop [192]=Oop [296]=Oop [312]=Oop }
                      ;*aastore {reexecute=1 rethrow=0 return_oop=0}
                      ; - (reexecute) java.util.Vector::add@14
                      ; - java.util.Vector::addElement@20
                      ; - java.util.Stack::push@2
                      ; - org.eclipse.e4.core.internal.contexts.ContextObjectSupplier::pauseRecording@6 (line 215)
                      ; - org.eclipse.e4.core.internal.di.MethodRequestor::execute@49 (line 51)
  0x00000188815358c8: 34f0 fe05 

  0x00000188815358cc: ;   {runtime_call throw_null_pointer_exception Runtime1 stub}
  0x00000188815358cc: e82f f0fe 

  0x00000188815358d0: ; ImmutableOopMap {r8=Oop rdx=Oop rax=Oop [184]=Oop [192]=Oop [296]=Oop [312]=Oop }
                      ;*aastore {reexecute=1 rethrow=0 return_oop=0}
                      ; - (reexecute) java.util.Vector::add@14
                      ; - java.util.Vector::addElement@20
                      ; - java.util.Stack::push@2
                      ; - org.eclipse.e4.core.internal.contexts.ContextObjectSupplier::pauseRecording@6 (line 215)
                      ; - org.eclipse.e4.core.internal.di.MethodRequestor::execute@49 (line 51)
  0x00000188815358d0: 0548 8934 | 244c 8944 

  0x00000188815358d8: ;   {runtime_call throw_range_check_failed Runtime1 stub}
  0x00000188815358d8: 2408 e8a1 

  0x00000188815358dc: ; ImmutableOopMap {r8=Oop rdx=Oop rax=Oop [184]=Oop [192]=Oop [296]=Oop [312]=Oop }
                      ;*aastore {reexecute=1 rethrow=0 return_oop=0}
                      ; - (reexecute) java.util.Vector::add@14
                      ; - java.util.Vector::addElement@20
                      ; - java.util.Stack::push@2
                      ; - org.eclipse.e4.core.internal.contexts.ContextObjectSupplier::pauseRecording@6 (line 215)
                      ; - org.eclipse.e4.core.internal.di.MethodRequestor::execute@49 (line 51)
                      ;   {runtime_call throw_null_pointer_exception Runtime1 stub}
  0x00000188815358dc: ddfe 05e8 

  0x00000188815358e0: ; ImmutableOopMap {r8=Oop rdx=Oop rax=Oop [184]=Oop [192]=Oop [296]=Oop [312]=Oop }
                      ;*aastore {reexecute=1 rethrow=0 return_oop=0}
                      ; - (reexecute) java.util.Vector::add@14
                      ; - java.util.Vector::addElement@20
                      ; - java.util.Stack::push@2
                      ; - org.eclipse.e4.core.internal.contexts.ContextObjectSupplier::pauseRecording@6 (line 215)
                      ; - org.eclipse.e4.core.internal.di.MethodRequestor::execute@49 (line 51)
  0x00000188815358e0: 1cf0 fe05 | 4889 0424 

  0x00000188815358e8: ;   {runtime_call throw_array_store_exception Runtime1 stub}
  0x00000188815358e8: e813 1fff 

  0x00000188815358ec: ; ImmutableOopMap {r8=Oop rdx=Oop rax=Oop [184]=Oop [192]=Oop [296]=Oop [312]=Oop }
                      ;*aastore {reexecute=1 rethrow=0 return_oop=0}
                      ; - (reexecute) java.util.Vector::add@14
                      ; - java.util.Vector::addElement@20
                      ; - java.util.Stack::push@2
                      ; - org.eclipse.e4.core.internal.contexts.ContextObjectSupplier::pauseRecording@6 (line 215)
                      ; - org.eclipse.e4.core.internal.di.MethodRequestor::execute@49 (line 51)
  0x00000188815358ec: 058b 1f48 | c1e3 0348 | 83fb 000f | 84ce ecff | ff48 891c 

  0x0000018881535900: ;   {runtime_call g1_pre_barrier_slow}
  0x0000018881535900: 24e8 fa63 | ff05 e9c0 | ecff ff48 | 83f8 000f | 84d4 ecff | ff48 893c 

  0x0000018881535918: ;   {runtime_call g1_post_barrier_slow}
  0x0000018881535918: 24e8 e266 | ff05 e9c6 | ecff ff48 | 8d84 2430 | 0100 0048 

  0x000001888153592c: ;   {runtime_call monitorexit_nofpu Runtime1 stub}
  0x000001888153592c: 8904 24e8 | cc33 ff05 | e9df ecff | ff48 8d84 | 2420 0100 | 0048 8904 

  0x0000018881535944: ;   {runtime_call monitorexit_nofpu Runtime1 stub}
  0x0000018881535944: 24e8 b633 | ff05 e9f3 | ecff ff48 

  0x0000018881535950: ;   {runtime_call throw_class_cast_exception Runtime1 stub}
  0x0000018881535950: 8934 24e8 

  0x0000018881535954: ; ImmutableOopMap {rdx=Oop [184]=Oop [192]=Oop }
                      ;*checkcast {reexecute=0 rethrow=0 return_oop=0}
                      ; - org.eclipse.e4.core.internal.di.MethodRequestor::execute@58 (line 55)
  0x0000018881535954: a821 ff05 

  0x0000018881535958: ;   {runtime_call throw_null_pointer_exception Runtime1 stub}
  0x0000018881535958: e8a3 effe 

  0x000001888153595c: ; ImmutableOopMap {rdx=Oop rsi=Oop [184]=Oop [192]=Oop }
                      ;*invokevirtual trySetAccessible {reexecute=0 rethrow=0 return_oop=0}
                      ; - org.eclipse.e4.core.internal.di.MethodRequestor::execute@61 (line 55)
  0x000001888153595c: 0548 8934 

  0x0000018881535960: ;   {runtime_call throw_class_cast_exception Runtime1 stub}
  0x0000018881535960: 24e8 9a21 

  0x0000018881535964: ; ImmutableOopMap {rdx=Oop [184]=Oop [192]=Oop }
                      ;*checkcast {reexecute=0 rethrow=0 return_oop=0}
                      ; - org.eclipse.e4.core.internal.di.MethodRequestor::execute@69 (line 56)
                      ;   {runtime_call throw_null_pointer_exception Runtime1 stub}
  0x0000018881535964: ff05 e895 

  0x0000018881535968: ; ImmutableOopMap {rdx=Oop rsi=Oop rdi=Oop [184]=Oop [192]=Oop [224]=Oop }
                      ;*invokevirtual invoke {reexecute=0 rethrow=0 return_oop=0}
                      ; - org.eclipse.e4.core.internal.di.MethodRequestor::execute@77 (line 56)
                      ;   {metadata({method} {0x0000018893043cd8} 'invoke' '(Ljava/lang/Object;[Ljava/lang/Object;)Ljava/lang/Object;' in 'java/lang/reflect/Method')}
  0x0000018881535968: effe 0549 | bad0 3c04 | 9388 0100 | 004c 8954 | 2408 48c7 | 0424 ffff 

  0x0000018881535980: ;   {runtime_call counter_overflow Runtime1 stub}
  0x0000018881535980: ffff e879 

  0x0000018881535984: ; ImmutableOopMap {rdx=Oop rsi=Oop rdi=Oop [184]=Oop [192]=Oop [224]=Oop }
                      ;*synchronization entry
                      ; - java.lang.reflect.Method::invoke@-1
                      ; - org.eclipse.e4.core.internal.di.MethodRequestor::execute@77 (line 56)
  0x0000018881535984: 5dff 05e9 | 23ef ffff 

  0x000001888153598c: ;   {metadata({method} {0x00000188933dc098} 'isStatic' '(I)Z' in 'java/lang/reflect/Modifier')}
  0x000001888153598c: 49ba 90c0 | 3d93 8801 | 0000 4c89 | 5424 0848 | c704 24ff 

  0x00000188815359a0: ;   {runtime_call counter_overflow Runtime1 stub}
  0x00000188815359a0: ffff ffe8 

  0x00000188815359a4: ; ImmutableOopMap {rbx=Oop rsi=Oop r9=Oop [184]=Oop [192]=Oop [224]=Oop [232]=Oop }
                      ;*synchronization entry
                      ; - java.lang.reflect.Modifier::isStatic@-1
                      ; - java.lang.reflect.Method::invoke@42
                      ; - org.eclipse.e4.core.internal.di.MethodRequestor::execute@77 (line 56)
  0x00000188815359a4: 585d ff05 | e969 f0ff 

  0x00000188815359ac: ;   {runtime_call throw_null_pointer_exception Runtime1 stub}
  0x00000188815359ac: ffe8 4eef 

  0x00000188815359b0: ; ImmutableOopMap {rbx=Oop rsi=Oop r9=Oop rax=Oop [184]=Oop [224]=Oop [232]=Oop }
                      ;*invokevirtual getClass {reexecute=0 rethrow=0 return_oop=0}
                      ; - java.lang.reflect.Method::invoke@53
                      ; - org.eclipse.e4.core.internal.di.MethodRequestor::execute@77 (line 56)
                      ;   {runtime_call throw_null_pointer_exception Runtime1 stub}
  0x00000188815359b0: fe05 e849 

  0x00000188815359b4: ; ImmutableOopMap {rdx=Oop rbx=Oop [184]=Oop [192]=Oop [232]=Oop }
                      ;*invokeinterface invoke {reexecute=0 rethrow=0 return_oop=0}
                      ; - java.lang.reflect.Method::invoke@90
                      ; - org.eclipse.e4.core.internal.di.MethodRequestor::execute@77 (line 56)
                      ;   {runtime_call throw_null_pointer_exception Runtime1 stub}
  0x00000188815359b4: effe 05e8 

  0x00000188815359b8: ; ImmutableOopMap {rdi=Oop rdx=Oop [184]=Oop [192]=Oop }
                      ;*invokeinterface invoke {reexecute=0 rethrow=0 return_oop=0}
                      ; - java.lang.reflect.Method::invoke@102
                      ; - org.eclipse.e4.core.internal.di.MethodRequestor::execute@77 (line 56)
  0x00000188815359b8: 44ef fe05 

  0x00000188815359bc: ;   {runtime_call throw_null_pointer_exception Runtime1 stub}
  0x00000188815359bc: e83f effe 

  0x00000188815359c0: ; ImmutableOopMap {rdx=Oop rsi=Oop [184]=Oop [256]=Oop }
                      ;*invokevirtual resumeRecording {reexecute=0 rethrow=0 return_oop=0}
                      ; - org.eclipse.e4.core.internal.di.MethodRequestor::execute@167 (line 69)
                      ;   {metadata({method} {0x00000188d57e78b8} 'clearResolvedArgs' '()V' in 'org/eclipse/e4/core/internal/di/Requestor')}
  0x00000188815359c0: 0549 bab0 | 787e d588 | 0100 004c | 8954 2408 | 48c7 0424 | ffff ffff 

  0x00000188815359d8: ;   {runtime_call counter_overflow Runtime1 stub}
  0x00000188815359d8: e823 5dff 

  0x00000188815359dc: ; ImmutableOopMap {rdx=Oop [184]=Oop [256]=Oop }
                      ;*synchronization entry
                      ; - org.eclipse.e4.core.internal.di.Requestor::clearResolvedArgs@-1 (line 193)
                      ; - org.eclipse.e4.core.internal.di.MethodRequestor::execute@171 (line 70)
  0x00000188815359dc: 05e9 fcf4 

  0x00000188815359e0: ;   {metadata(nullptr)}
  0x00000188815359e0: ffff 48ba | 0000 0000 | 0000 0000 | b800 0f05 

  0x00000188815359f0: ;   {runtime_call load_klass_patching Runtime1 stub}
  0x00000188815359f0: 0ae8 0a42 

  0x00000188815359f4: ; ImmutableOopMap {rbx=Oop r8=Oop [184]=Oop }
                      ;*new {reexecute=1 rethrow=0 return_oop=0}
                      ; - (reexecute) org.eclipse.e4.core.internal.di.MethodRequestor::execute@119 (line 66)
  0x00000188815359f4: ff05 e9a5 

  0x00000188815359f8: ;   {runtime_call throw_null_pointer_exception Runtime1 stub}
  0x00000188815359f8: f6ff ffe8 

  0x00000188815359fc: ; ImmutableOopMap {rbx=Oop r8=Oop [184]=Oop }
                      ;*new {reexecute=0 rethrow=0 return_oop=0}
                      ; - org.eclipse.e4.core.internal.di.MethodRequestor::execute@119 (line 66)
  0x00000188815359fc: 00ef fe05 

  0x0000018881535a00: ;   {runtime_call fast_new_instance_init_check Runtime1 stub}
  0x0000018881535a00: 488b d2e8 

  0x0000018881535a04: ; ImmutableOopMap {rbx=Oop r8=Oop [184]=Oop }
                      ;*new {reexecute=0 rethrow=0 return_oop=0}
                      ; - org.eclipse.e4.core.internal.di.MethodRequestor::execute@119 (line 66)
  0x0000018881535a04: 7804 ff05 | e9f8 f6ff | ff8b 4228 | 48c1 e003 | 4883 f800 | 0f84 6bf7 | ffff 4889 

  0x0000018881535a20: ;   {runtime_call g1_pre_barrier_slow}
  0x0000018881535a20: 0424 e8d9 | 62ff 05e9 | 5df7 ffff 

  0x0000018881535a2c: ;   {internal_word}
  0x0000018881535a2c: 49ba a051 | 5381 8801 | 0000 4d89 | 9760 0400 

  0x0000018881535a3c: ;   {runtime_call SafepointBlob}
  0x0000018881535a3c: 00e9 befc 

  0x0000018881535a40: ;   {internal_word}
  0x0000018881535a40: f205 49ba | c051 5381 | 8801 0000 | 4d89 9760 

  0x0000018881535a50: ;   {runtime_call SafepointBlob}
  0x0000018881535a50: 0400 00e9 | a8fc f205 

  0x0000018881535a58: ;   {internal_word}
  0x0000018881535a58: 49ba e051 | 5381 8801 | 0000 4d89 | 9760 0400 

  0x0000018881535a68: ;   {runtime_call SafepointBlob}
  0x0000018881535a68: 00e9 92fc | f205 4c89 

  0x0000018881535a70: ;   {runtime_call throw_class_cast_exception Runtime1 stub}
  0x0000018881535a70: 0424 e889 

  0x0000018881535a74: ; ImmutableOopMap {[184]=Oop }
                      ;*checkcast {reexecute=0 rethrow=0 return_oop=0}
                      ; - org.eclipse.e4.core.internal.di.MethodRequestor::execute@115 (line 64)
                      ;   {runtime_call throw_null_pointer_exception Runtime1 stub}
  0x0000018881535a74: 20ff 05e8 

  0x0000018881535a78: ; ImmutableOopMap {rax=Oop [184]=Oop }
                      ;*athrow {reexecute=1 rethrow=0 return_oop=0}
                      ; - (reexecute) org.eclipse.e4.core.internal.di.MethodRequestor::execute@118 (line 64)
  0x0000018881535a78: 84ee fe05 

  0x0000018881535a7c: ;   {metadata(nullptr)}
  0x0000018881535a7c: 48ba 0000 | 0000 0000 | 0000 b800 

  0x0000018881535a88: ;   {runtime_call load_klass_patching Runtime1 stub}
  0x0000018881535a88: 0f05 0ae8 

  0x0000018881535a8c: ; ImmutableOopMap {r8=Oop [184]=Oop }
                      ;*new {reexecute=1 rethrow=0 return_oop=0}
                      ; - (reexecute) org.eclipse.e4.core.internal.di.MethodRequestor::execute@86 (line 58)
  0x0000018881535a8c: 7041 ff05 | e9db f8ff 

  0x0000018881535a94: ;   {runtime_call throw_null_pointer_exception Runtime1 stub}
  0x0000018881535a94: ffe8 66ee 

  0x0000018881535a98: ; ImmutableOopMap {r8=Oop [184]=Oop }
                      ;*new {reexecute=0 rethrow=0 return_oop=0}
                      ; - org.eclipse.e4.core.internal.di.MethodRequestor::execute@86 (line 58)
  0x0000018881535a98: fe05 488b 

  0x0000018881535a9c: ;   {runtime_call fast_new_instance_init_check Runtime1 stub}
  0x0000018881535a9c: d2e8 de03 

  0x0000018881535aa0: ; ImmutableOopMap {r8=Oop [184]=Oop }
                      ;*new {reexecute=0 rethrow=0 return_oop=0}
                      ; - org.eclipse.e4.core.internal.di.MethodRequestor::execute@86 (line 58)
  0x0000018881535aa0: ff05 e92e 

  0x0000018881535aa4: ;   {runtime_call throw_null_pointer_exception Runtime1 stub}
  0x0000018881535aa4: f9ff ffe8 

  0x0000018881535aa8: ; ImmutableOopMap {rdx=Oop rsi=Oop [184]=Oop [280]=Oop }
                      ;*invokevirtual resumeRecording {reexecute=0 rethrow=0 return_oop=0}
                      ; - org.eclipse.e4.core.internal.di.MethodRequestor::execute@149 (line 69)
  0x0000018881535aa8: 54ee fe05 

  0x0000018881535aac: ;   {metadata({method} {0x00000188d57e78b8} 'clearResolvedArgs' '()V' in 'org/eclipse/e4/core/internal/di/Requestor')}
  0x0000018881535aac: 49ba b078 | 7ed5 8801 | 0000 4c89 | 5424 0848 | c704 24ff 

  0x0000018881535ac0: ;   {runtime_call counter_overflow Runtime1 stub}
  0x0000018881535ac0: ffff ffe8 

  0x0000018881535ac4: ; ImmutableOopMap {rdx=Oop [184]=Oop [280]=Oop }
                      ;*synchronization entry
                      ; - org.eclipse.e4.core.internal.di.Requestor::clearResolvedArgs@-1 (line 193)
                      ; - org.eclipse.e4.core.internal.di.MethodRequestor::execute@153 (line 70)
  0x0000018881535ac4: 385c ff05 | e9b4 faff | ff8b 4628 | 48c1 e003 | 4883 f800 | 0f84 1bfb | ffff 4889 

  0x0000018881535ae0: ;   {runtime_call g1_pre_barrier_slow}
  0x0000018881535ae0: 0424 e819 | 62ff 05e9 | 0dfb ffff | 488d 8424 | 3001 0000 | 4889 0424 

  0x0000018881535af8: ;   {runtime_call monitorexit_nofpu Runtime1 stub}
  0x0000018881535af8: e803 32ff | 05e9 5bfb | ffff 488d | 8424 2001 | 0000 4889 

  0x0000018881535b0c: ;   {runtime_call monitorexit_nofpu Runtime1 stub}
  0x0000018881535b0c: 0424 e8ed | 31ff 05e9 | a0fb ffff | 488b bc24 | c000 0000 | e9e8 faff | ff8b bc24 | d400 0000 
  0x0000018881535b2c: e9e9 f3ff | ff8b bc24 | d400 0000 | e9df f8ff | ff8b bc24 | d400 0000 | e9d1 f3ff | ff8b bc24 
  0x0000018881535b4c: d400 0000 | e9c7 f8ff | ff8b bc24 | d400 0000 | e9b9 f3ff | ff8b bc24 | d400 0000 | e9af f8ff 
  0x0000018881535b6c: ff8b bc24 | d400 0000 | e9a1 f3ff | ff8b bc24 | d400 0000 | e997 f8ff | ff8b bc24 | d400 0000 
  0x0000018881535b8c: e989 f3ff | ff8b bc24 | d400 0000 | e97f f8ff | ff8b bc24 | d400 0000 | e971 f3ff | ff8b bc24 
  0x0000018881535bac: d400 0000 | e967 f8ff | ff8b bc24 | d400 0000 | e959 f3ff | ff8b bc24 | d400 0000 | e94f f8ff 
  0x0000018881535bcc: ff8b bc24 | d400 0000 | e943 f8ff | ff8b bc24 | d400 0000 | e937 f8ff | ff8b bc24 | d400 0000 
  0x0000018881535bec: e92b f8ff | ff8b bc24 | d400 0000 | e91f f8ff | ff8b bc24 | d400 0000 | e913 f8ff | ff48 8bbc 
  0x0000018881535c0c: ;   {no_reloc}
  0x0000018881535c0c: 24c0 0000 | 00e9 f7f9 | ffff 488b | bc24 c000 | 0000 e9ea | f9ff ff48 | 8bbc 24c0 | 0000 00e9 
  0x0000018881535c2c: ddf9 ffff | 488b bc24 | c000 0000 | e9d0 f9ff | ff8b bc24 | d400 0000 | e9d1 f2ff | ff8b bc24 
  0x0000018881535c4c: d400 0000 | e9c7 f7ff | ff8b bc24 | d400 0000 | e9b9 f2ff | ff8b bc24 | d400 0000 | e9af f7ff 
  0x0000018881535c6c: ff8b bc24 | d400 0000 | e9a1 f2ff | ff8b bc24 | d400 0000 | e997 f7ff | ff8b bc24 | d400 0000 
  0x0000018881535c8c: e989 f2ff | ff8b bc24 | d400 0000 | e97f f7ff | ff8b bc24 | d400 0000 | e971 f2ff | ff8b bc24 
  0x0000018881535cac: d400 0000 | e967 f7ff | ff8b bc24 | d400 0000 | e959 f2ff | ff8b bc24 | d400 0000 | e94f f7ff 
  0x0000018881535ccc: ff8b bc24 | d400 0000 | e941 f2ff | ff8b bc24 | d400 0000 | e937 f7ff | ff8b bc24 | d400 0000 
  0x0000018881535cec: e92b f7ff | ff8b bc24 | d400 0000 | e91f f7ff | ff8b bc24 | d400 0000 | e913 f7ff | ff8b bc24 
  0x0000018881535d0c: ;   {no_reloc}
  0x0000018881535d0c: d400 0000 | e907 f7ff | ff8b bc24 | d400 0000 | e9fb f6ff | ff8b bc24 | d400 0000 | e9ef f6ff 
  0x0000018881535d2c: ff49 8b87 | f804 0000 | 49c7 87f8 | 0400 0000 | 0000 0049 | c787 0005 | 0000 0000 | 0000 4881 
  0x0000018881535d4c: c450 0100 

  0x0000018881535d50: ;   {runtime_call unwind_exception Runtime1 stub}
  0x0000018881535d50: 005d e9a9 | cefe 05f4 
[Stub Code]
  0x0000018881535d58: ;   {no_reloc}
  0x0000018881535d58: 0f1f 4400 

  0x0000018881535d5c: ;   {static_stub}
  0x0000018881535d5c: 0048 bb00 | 0000 0000 

  0x0000018881535d64: ;   {runtime_call nmethod}
  0x0000018881535d64: 0000 00e9 | fbff ffff 

  0x0000018881535d6c: ;   {static_stub}
  0x0000018881535d6c: 9048 bb00 | 0000 0000 

  0x0000018881535d74: ;   {runtime_call nmethod}
  0x0000018881535d74: 0000 00e9 | fbff ffff 

  0x0000018881535d7c: ;   {static_stub}
  0x0000018881535d7c: 9048 bb00 | 0000 0000 

  0x0000018881535d84: ;   {runtime_call nmethod}
  0x0000018881535d84: 0000 00e9 | fbff ffff 

  0x0000018881535d8c: ;   {static_stub}
  0x0000018881535d8c: 9048 bb00 | 0000 0000 

  0x0000018881535d94: ;   {runtime_call nmethod}
  0x0000018881535d94: 0000 00e9 | fbff ffff 

  0x0000018881535d9c: ;   {static_stub}
  0x0000018881535d9c: 9048 bb00 | 0000 0000 

  0x0000018881535da4: ;   {runtime_call nmethod}
  0x0000018881535da4: 0000 00e9 | fbff ffff 

  0x0000018881535dac: ;   {static_stub}
  0x0000018881535dac: 9048 bb00 | 0000 0000 

  0x0000018881535db4: ;   {runtime_call nmethod}
  0x0000018881535db4: 0000 00e9 | fbff ffff 

  0x0000018881535dbc: ;   {static_stub}
  0x0000018881535dbc: 9048 bb00 | 0000 0000 

  0x0000018881535dc4: ;   {runtime_call nmethod}
  0x0000018881535dc4: 0000 00e9 | fbff ffff 

  0x0000018881535dcc: ;   {static_stub}
  0x0000018881535dcc: 9048 bb00 | 0000 0000 

  0x0000018881535dd4: ;   {runtime_call nmethod}
  0x0000018881535dd4: 0000 00e9 | fbff ffff 

  0x0000018881535ddc: ;   {static_stub}
  0x0000018881535ddc: 9048 bb00 | 0000 0000 

  0x0000018881535de4: ;   {runtime_call nmethod}
  0x0000018881535de4: 0000 00e9 | fbff ffff 

  0x0000018881535dec: ;   {static_stub}
  0x0000018881535dec: 9048 bb00 | 0000 0000 

  0x0000018881535df4: ;   {runtime_call nmethod}
  0x0000018881535df4: 0000 00e9 | fbff ffff 

  0x0000018881535dfc: ;   {static_stub}
  0x0000018881535dfc: 48bb 0000 | 0000 0000 

  0x0000018881535e04: ;   {runtime_call nmethod}
  0x0000018881535e04: 0000 e9fb 

  0x0000018881535e08: ;   {static_stub}
  0x0000018881535e08: ffff ff48 | bb00 0000 | 0000 0000 

  0x0000018881535e14: ;   {runtime_call nmethod}
  0x0000018881535e14: 00e9 fbff 

  0x0000018881535e18: ;   {static_stub}
  0x0000018881535e18: ffff 48bb | 0000 0000 | 0000 0000 

  0x0000018881535e24: ;   {runtime_call nmethod}
  0x0000018881535e24: e9fb ffff 

  0x0000018881535e28: ;   {static_stub}
  0x0000018881535e28: ff48 bb48 | 4104 9388 

  0x0000018881535e30: ;   {runtime_call I2C/C2I adapters}
  0x0000018881535e30: 0100 00e9 | 2bd6 f205 

  0x0000018881535e38: ;   {static_stub}
  0x0000018881535e38: 48bb 0000 | 0000 0000 

  0x0000018881535e40: ;   {runtime_call nmethod}
  0x0000018881535e40: 0000 e9fb 

  0x0000018881535e44: ;   {static_stub}
  0x0000018881535e44: ffff ff48 | bb00 0000 | 0000 0000 

  0x0000018881535e50: ;   {runtime_call nmethod}
  0x0000018881535e50: 00e9 fbff 

  0x0000018881535e54: ;   {static_stub}
  0x0000018881535e54: ffff 48bb | 0000 0000 | 0000 0000 

  0x0000018881535e60: ;   {runtime_call nmethod}
  0x0000018881535e60: e9fb ffff 

  0x0000018881535e64: ;   {static_stub}
  0x0000018881535e64: ff48 bb00 | 0000 0000 

  0x0000018881535e6c: ;   {runtime_call nmethod}
  0x0000018881535e6c: 0000 00e9 | fbff ffff 
[Exception Handler]
  0x0000018881535e74: ;   {runtime_call handle_exception_from_callee Runtime1 stub}
  0x0000018881535e74: e887 16ff 

  0x0000018881535e78: ;   {external_word}
  0x0000018881535e78: 0548 b990 | 7f7c 63fc | 7f00 0048 

  0x0000018881535e84: ;   {runtime_call}
  0x0000018881535e84: 83e4 f048 | b8e0 443f | 63fc 7f00 | 00ff d0f4 
[Deopt Handler Code]
  0x0000018881535e94: ;   {section_word}
  0x0000018881535e94: 49ba 945e | 5381 8801 | 0000 4152 

  0x0000018881535ea0: ;   {runtime_call DeoptimizationBlob}
  0x0000018881535ea0: e9fb eaf2 | 05f4 f4f4 
[/MachCode]


Compiled method (c1) 10550 9948       3       org.eclipse.e4.core.internal.di.InjectorImpl::processAnnotated (417 bytes)
 total in heap  [0x000001888153a390,0x000001888153bb08] = 6008
 relocation     [0x000001888153a4f0,0x000001888153a680] = 400
 main code      [0x000001888153a680,0x000001888153b360] = 3296
 stub code      [0x000001888153b360,0x000001888153b470] = 272
 oops           [0x000001888153b470,0x000001888153b478] = 8
 metadata       [0x000001888153b478,0x000001888153b4a8] = 48
 scopes data    [0x000001888153b4a8,0x000001888153b890] = 1000
 scopes pcs     [0x000001888153b890,0x000001888153bac0] = 560
 dependencies   [0x000001888153bac0,0x000001888153bac8] = 8
 nul chk table  [0x000001888153bac8,0x000001888153bb08] = 64

[Constant Pool (empty)]

[MachCode]
[Entry Point]
  # {method} {0x00000188d57ef0a0} 'processAnnotated' '(Lorg/eclipse/e4/core/internal/di/AnnotationLookup$AnnotationProxy;Ljava/lang/Object;Ljava/lang/Class;Lorg/eclipse/e4/core/di/suppliers/PrimaryObjectSupplier;Lorg/eclipse/e4/core/di/suppliers/PrimaryObjectSupplier;Ljava/util/List;)V' in 'org/eclipse/e4/core/internal/di/InjectorImpl'
  # this:     rdx:rdx   = 'org/eclipse/e4/core/internal/di/InjectorImpl'
  # parm0:    r8:r8     = 'org/eclipse/e4/core/internal/di/AnnotationLookup$AnnotationProxy'
  # parm1:    r9:r9     = 'java/lang/Object'
  # parm2:    rdi:rdi   = 'java/lang/Class'
  # parm3:    rsi:rsi   = 'org/eclipse/e4/core/di/suppliers/PrimaryObjectSupplier'
  # parm4:    rcx:rcx   = 'org/eclipse/e4/core/di/suppliers/PrimaryObjectSupplier'
  # parm5:    [sp+0xf0]   = 'java/util/List'  (sp of caller)
  0x000001888153a680: 448b 5208 | 49bb 0000 | 0093 8801 | 0000 4d03 | d34c 3bd0 

  0x000001888153a694: ;   {runtime_call ic_miss_stub}
  0x000001888153a694: 0f85 e640 | f205 660f | 1f44 0000 
[Verified Entry Point]
  0x000001888153a6a0: 8984 2400 | 80ff ff55 | 4881 ece0 | 0000 0090 | 4181 7f20 | 0800 0000 

  0x000001888153a6b8: ;   {runtime_call StubRoutines (final stubs)}
  0x000001888153a6b8: 7405 e8a1 | a6f0 0548 | 8954 2470 | 4c89 4424 | 784c 898c | 2480 0000 | 0048 89b4 | 2488 0000 
  0x000001888153a6d8: 0048 898c | 2490 0000 

  0x000001888153a6e0: ;   {metadata(method data for {method} {0x00000188d57ef0a0} 'processAnnotated' '(Lorg/eclipse/e4/core/internal/di/AnnotationLookup$AnnotationProxy;Ljava/lang/Object;Ljava/lang/Class;Lorg/eclipse/e4/core/di/suppliers/PrimaryObjectSupplier;Lorg/eclipse/e4/core/di/suppliers/PrimaryObjectSupplier;Ljava/util/List;)V' in 'org/eclipse/e4/core/internal/di/InjectorImpl')}
  0x000001888153a6e0: 0048 bba8 | 997f d688 | 0100 008b | 83cc 0000 | 0083 c002 | 8983 cc00 | 0000 25fe | 0700 0085 
  0x000001888153a700: c00f 84c2 | 0a00 0048 | 3b07 488b 

  0x000001888153a70c: ;   {metadata(method data for {method} {0x00000188d57ef0a0} 'processAnnotated' '(Lorg/eclipse/e4/core/internal/di/AnnotationLookup$AnnotationProxy;Ljava/lang/Object;Ljava/lang/Class;Lorg/eclipse/e4/core/di/suppliers/PrimaryObjectSupplier;Lorg/eclipse/e4/core/di/suppliers/PrimaryObjectSupplier;Ljava/util/List;)V' in 'org/eclipse/e4/core/internal/di/InjectorImpl')}
  0x000001888153a70c: df48 b8a8 | 997f d688 | 0100 0048 | 8380 1001 | 0000 0148 | 8bd7 4889 

  0x000001888153a724: ;   {optimized virtual_call}
  0x000001888153a724: 7c24 68e8 

  0x000001888153a728: ; ImmutableOopMap {[104]=Oop [112]=Oop [120]=Oop [128]=Oop [136]=Oop [144]=Oop [240]=Oop }
                      ;*invokevirtual getSuperclass {reexecute=0 rethrow=0 return_oop=0}
                      ; - org.eclipse.e4.core.internal.di.InjectorImpl::processAnnotated@1 (line 936)
  0x000001888153a728: b44e 8706 

  0x000001888153a72c: ;   {other}
  0x000001888153a72c: 0f1f 8400 | 9c03 0000 | 4889 8424 | 9800 0000 

  0x000001888153a73c: ;   {metadata(method data for {method} {0x00000188d57ef0a0} 'processAnnotated' '(Lorg/eclipse/e4/core/internal/di/AnnotationLookup$AnnotationProxy;Ljava/lang/Object;Ljava/lang/Class;Lorg/eclipse/e4/core/di/suppliers/PrimaryObjectSupplier;Lorg/eclipse/e4/core/di/suppliers/PrimaryObjectSupplier;Ljava/util/List;)V' in 'org/eclipse/e4/core/internal/di/InjectorImpl')}
  0x000001888153a73c: 4885 c048 | baa8 997f | d688 0100 | 0048 c7c6 | 4801 0000 | 7407 48c7 | c658 0100 | 0048 8b3c 
  0x000001888153a75c: 3248 8d7f | 0148 893c | 320f 84f9 | 0200 0048 | 3b00 488b 

  0x000001888153a770: ;   {metadata(method data for {method} {0x00000188d57ef0a0} 'processAnnotated' '(Lorg/eclipse/e4/core/internal/di/AnnotationLookup$AnnotationProxy;Ljava/lang/Object;Ljava/lang/Class;Lorg/eclipse/e4/core/di/suppliers/PrimaryObjectSupplier;Lorg/eclipse/e4/core/di/suppliers/PrimaryObjectSupplier;Ljava/util/List;)V' in 'org/eclipse/e4/core/internal/di/InjectorImpl')}
  0x000001888153a770: d048 bea8 | 997f d688 | 0100 0048 | 8386 6801 

  0x000001888153a780: ;   {metadata(method data for {method} {0x0000018893465ac0} 'getName' '()Ljava/lang/String;' in 'java/lang/Class')}
  0x000001888153a780: 0000 0148 | bad8 a905 | d488 0100 | 008b b2cc | 0000 0083 | c602 89b2 | cc00 0000 | 81e6 feff 
  0x000001888153a7a0: 1f00 85f6 | 0f84 4a0a | 0000 8b50 | 2c48 c1e2 | 0348 85d2 

  0x000001888153a7b4: ;   {metadata(method data for {method} {0x0000018893465ac0} 'getName' '()Ljava/lang/String;' in 'java/lang/Class')}
  0x000001888153a7b4: 48be d8a9 | 05d4 8801 | 0000 48c7 | c710 0100 | 0074 0748 | c7c7 2001 | 0000 488b | 1c3e 488d 
  0x000001888153a7d4: 5b01 4889 | 1c3e 0f84 | 1500 0000 

  0x000001888153a7e0: ;   {metadata(method data for {method} {0x0000018893465ac0} 'getName' '()Ljava/lang/String;' in 'java/lang/Class')}
  0x000001888153a7e0: 48be d8a9 | 05d4 8801 | 0000 ff86 | 3001 0000 | e92a 0000 | 0048 8bd0 

  0x000001888153a7f8: ;   {metadata(method data for {method} {0x0000018893465ac0} 'getName' '()Ljava/lang/String;' in 'java/lang/Class')}
  0x000001888153a7f8: 48be d8a9 | 05d4 8801 | 0000 4883 | 8648 0100 | 0001 488b 

  0x000001888153a80c: ;   {optimized virtual_call}
  0x000001888153a80c: d066 90e8 

  0x000001888153a810: ; ImmutableOopMap {[104]=Oop [112]=Oop [120]=Oop [128]=Oop [136]=Oop [144]=Oop [152]=Oop [240]=Oop }
                      ;*invokevirtual initClassName {reexecute=0 rethrow=0 return_oop=0}
                      ; - java.lang.Class::getName@14
                      ; - org.eclipse.e4.core.internal.di.InjectorImpl::processAnnotated@13 (line 937)
  0x000001888153a810: 6c42 f205 

  0x000001888153a814: ;   {other}
  0x000001888153a814: 0f1f 8400 | 8404 0001 | 488b d048 | 3b02 4c8b 

  0x000001888153a824: ;   {metadata(method data for {method} {0x00000188d57ef0a0} 'processAnnotated' '(Lorg/eclipse/e4/core/internal/di/AnnotationLookup$AnnotationProxy;Ljava/lang/Object;Ljava/lang/Class;Lorg/eclipse/e4/core/di/suppliers/PrimaryObjectSupplier;Lorg/eclipse/e4/core/di/suppliers/PrimaryObjectSupplier;Ljava/util/List;)V' in 'org/eclipse/e4/core/internal/di/InjectorImpl')}
  0x000001888153a824: c248 bea8 | 997f d688 | 0100 0048 | 8386 a001 

  0x000001888153a834: ;   {oop("java.lang.Object"{0x0000000740426f08})}
  0x000001888153a834: 0000 0149 | b808 6f42 | 4007 0000 | 0066 0f1f 

  0x000001888153a844: ;   {optimized virtual_call}
  0x000001888153a844: 4400 00e8 

  0x000001888153a848: ; ImmutableOopMap {[104]=Oop [112]=Oop [120]=Oop [128]=Oop [136]=Oop [144]=Oop [152]=Oop [240]=Oop }
                      ;*invokevirtual equals {reexecute=0 rethrow=0 return_oop=0}
                      ; - org.eclipse.e4.core.internal.di.InjectorImpl::processAnnotated@18 (line 937)
  0x000001888153a848: 3442 f205 

  0x000001888153a84c: ;   {other}
  0x000001888153a84c: 0f1f 8400 | bc04 0002 

  0x000001888153a854: ;   {metadata(method data for {method} {0x00000188d57ef0a0} 'processAnnotated' '(Lorg/eclipse/e4/core/internal/di/AnnotationLookup$AnnotationProxy;Ljava/lang/Object;Ljava/lang/Class;Lorg/eclipse/e4/core/di/suppliers/PrimaryObjectSupplier;Lorg/eclipse/e4/core/di/suppliers/PrimaryObjectSupplier;Ljava/util/List;)V' in 'org/eclipse/e4/core/internal/di/InjectorImpl')}
  0x000001888153a854: 85c0 49b8 | a899 7fd6 | 8801 0000 | 48c7 c2d8 | 0100 0075 | 0748 c7c2 | e801 0000 | 498b 3410 
  0x000001888153a874: 488d 7601 | 4989 3410 | 0f85 e201 | 0000 488b | b424 f000 | 0000 483b | 064c 8bc6 

  0x000001888153a890: ;   {metadata(method data for {method} {0x00000188d57ef0a0} 'processAnnotated' '(Lorg/eclipse/e4/core/internal/di/AnnotationLookup$AnnotationProxy;Ljava/lang/Object;Ljava/lang/Class;Lorg/eclipse/e4/core/di/suppliers/PrimaryObjectSupplier;Lorg/eclipse/e4/core/di/suppliers/PrimaryObjectSupplier;Ljava/util/List;)V' in 'org/eclipse/e4/core/internal/di/InjectorImpl')}
  0x000001888153a890: 48ba a899 | 7fd6 8801 | 0000 458b | 4008 49ba | 0000 0093 | 8801 0000 | 4d03 c24c | 3b82 0802 
  0x000001888153a8b0: 0000 750d | 4883 8210 | 0200 0001 | e960 0000 | 004c 3b82 | 1802 0000 | 750d 4883 | 8220 0200 
  0x000001888153a8d0: 0001 e94a | 0000 0048 | 83ba 0802 | 0000 0075 | 174c 8982 | 0802 0000 | 48c7 8210 | 0200 0001 
  0x000001888153a8f0: 0000 00e9 | 2900 0000 | 4883 ba18 | 0200 0000 | 7517 4c89 | 8218 0200 | 0048 c782 | 2002 0000 
  0x000001888153a910: 0100 0000 | e908 0000 | 0048 8382 | f801 0000 | 014c 8b44 | 2468 488b | d60f 1f40 | 0048 b8e0 
  0x000001888153a930: a50b 9388 

  0x000001888153a934: ;   {virtual_call}
  0x000001888153a934: 0100 00e8 

  0x000001888153a938: ; ImmutableOopMap {[104]=Oop [112]=Oop [120]=Oop [128]=Oop [136]=Oop [144]=Oop [152]=Oop [240]=Oop }
                      ;*invokeinterface add {reexecute=0 rethrow=0 return_oop=0}
                      ; - org.eclipse.e4.core.internal.di.InjectorImpl::processAnnotated@27 (line 938)
  0x000001888153a938: a4a8 7206 

  0x000001888153a93c: ;   {other}
  0x000001888153a93c: 0f1f 8400 | ac05 0003 | 488b 5424 

  0x000001888153a948: ;   {metadata(method data for {method} {0x00000188d57ef0a0} 'processAnnotated' '(Lorg/eclipse/e4/core/internal/di/AnnotationLookup$AnnotationProxy;Ljava/lang/Object;Ljava/lang/Class;Lorg/eclipse/e4/core/di/suppliers/PrimaryObjectSupplier;Lorg/eclipse/e4/core/di/suppliers/PrimaryObjectSupplier;Ljava/util/List;)V' in 'org/eclipse/e4/core/internal/di/InjectorImpl')}
  0x000001888153a948: 7049 b8a8 | 997f d688 | 0100 0049 | 8380 3002 | 0000 014c | 8b44 2478 | 4c8b 8c24 | 8000 0000 
  0x000001888153a968: 488b bc24 | 9800 0000 | 488b b424 | 8800 0000 | 488b 8c24 | 9000 0000 | 488b 9c24 | f000 0000 
  0x000001888153a988: 4889 1c24 | 488b 5424 | 7066 0f1f 

  0x000001888153a994: ;   {optimized virtual_call}
  0x000001888153a994: 4400 00e8 

  0x000001888153a998: ; ImmutableOopMap {[104]=Oop [112]=Oop [120]=Oop [128]=Oop [136]=Oop [144]=Oop [240]=Oop }
                      ;*invokevirtual processAnnotated {reexecute=0 rethrow=0 return_oop=0}
                      ; - org.eclipse.e4.core.internal.di.InjectorImpl::processAnnotated@44 (line 939)
  0x000001888153a998: 04fd ffff 

  0x000001888153a99c: ;   {other}
  0x000001888153a99c: 0f1f 8400 | 0c06 0004 | 488b b424 | f000 0000 

  0x000001888153a9ac: ;   {metadata(method data for {method} {0x00000188d57ef0a0} 'processAnnotated' '(Lorg/eclipse/e4/core/internal/di/AnnotationLookup$AnnotationProxy;Ljava/lang/Object;Ljava/lang/Class;Lorg/eclipse/e4/core/di/suppliers/PrimaryObjectSupplier;Lorg/eclipse/e4/core/di/suppliers/PrimaryObjectSupplier;Ljava/util/List;)V' in 'org/eclipse/e4/core/internal/di/InjectorImpl')}
  0x000001888153a9ac: 49b8 a899 | 7fd6 8801 | 0000 8b76 | 0849 ba00 | 0000 9388 | 0100 0049 | 03f2 493b | b078 0200 
  0x000001888153a9cc: 0075 0d49 | 8380 8002 | 0000 01e9 | 6000 0000 | 493b b088 | 0200 0075 | 0d49 8380 | 9002 0000 
  0x000001888153a9ec: 01e9 4a00 | 0000 4983 | b878 0200 | 0000 7517 | 4989 b078 | 0200 0049 | c780 8002 | 0000 0100 
  0x000001888153aa0c: 0000 e929 | 0000 0049 | 83b8 8802 | 0000 0075 | 1749 89b0 | 8802 0000 | 49c7 8090 | 0200 0001 
  0x000001888153aa2c: 0000 00e9 | 0800 0000 | 4983 8068 | 0200 0001 | 4c8b 4424 | 6848 8b94 | 24f0 0000 | 000f 1f40 
  0x000001888153aa4c: 0048 b8e0 | a50b 9388 

  0x000001888153aa54: ;   {virtual_call}
  0x000001888153aa54: 0100 00e8 

  0x000001888153aa58: ; ImmutableOopMap {[104]=Oop [112]=Oop [120]=Oop [128]=Oop [136]=Oop [144]=Oop [240]=Oop }
                      ;*invokeinterface remove {reexecute=0 rethrow=0 return_oop=0}
                      ; - org.eclipse.e4.core.internal.di.InjectorImpl::processAnnotated@50 (line 940)
  0x000001888153aa58: 64b9 ce06 

  0x000001888153aa5c: ;   {other}
  0x000001888153aa5c: 0f1f 8400 | cc06 0005 | 488b 7c24 | 6848 8b54 

  0x000001888153aa6c: ;   {metadata(method data for {method} {0x00000188d57ef0a0} 'processAnnotated' '(Lorg/eclipse/e4/core/internal/di/AnnotationLookup$AnnotationProxy;Ljava/lang/Object;Ljava/lang/Class;Lorg/eclipse/e4/core/di/suppliers/PrimaryObjectSupplier;Lorg/eclipse/e4/core/di/suppliers/PrimaryObjectSupplier;Ljava/util/List;)V' in 'org/eclipse/e4/core/internal/di/InjectorImpl')}
  0x000001888153aa6c: 2470 49b8 | a899 7fd6 | 8801 0000 | 4983 80a0 | 0200 0001 | 4c8b c748 | 8b54 2470 | 0f1f 8000 
  0x000001888153aa8c: ;   {optimized virtual_call}
  0x000001888153aa8c: 0000 00e8 

  0x000001888153aa90: ; ImmutableOopMap {[112]=Oop [120]=Oop [128]=Oop [136]=Oop [144]=Oop [240]=Oop }
                      ;*invokevirtual getDeclaredMethods {reexecute=0 rethrow=0 return_oop=0}
                      ; - org.eclipse.e4.core.internal.di.InjectorImpl::processAnnotated@58 (line 942)
  0x000001888153aa90: ccae c2fe 

  0x000001888153aa94: ;   {other}
  0x000001888153aa94: 0f1f 8400 | 0407 0006 | 4889 8424 | b000 0000 

  0x000001888153aaa4: ; implicit exception: dispatches to 0x000001888153b21f
  0x000001888153aaa4: 8b70 0c89 | b424 a400 

  0x000001888153aaac: ;   {metadata(method data for {method} {0x00000188d57ef0a0} 'processAnnotated' '(Lorg/eclipse/e4/core/internal/di/AnnotationLookup$AnnotationProxy;Ljava/lang/Object;Ljava/lang/Class;Lorg/eclipse/e4/core/di/suppliers/PrimaryObjectSupplier;Lorg/eclipse/e4/core/di/suppliers/PrimaryObjectSupplier;Ljava/util/List;)V' in 'org/eclipse/e4/core/internal/di/InjectorImpl')}
  0x000001888153aaac: 0000 49b8 | a899 7fd6 | 8801 0000 | 41ff 80d8 | 0200 00bf | 0000 0000 | 0f1f 4000 | 4c8b 4424 
  0x000001888153aacc: 783b fe41 | bd02 0000 | 007c 0641 | bd00 0000 

  0x000001888153aadc: ;   {metadata(method data for {method} {0x00000188d57ef0a0} 'processAnnotated' '(Lorg/eclipse/e4/core/internal/di/AnnotationLookup$AnnotationProxy;Ljava/lang/Object;Ljava/lang/Class;Lorg/eclipse/e4/core/di/suppliers/PrimaryObjectSupplier;Lorg/eclipse/e4/core/di/suppliers/PrimaryObjectSupplier;Ljava/util/List;)V' in 'org/eclipse/e4/core/internal/di/InjectorImpl')}
  0x000001888153aadc: 0049 bea8 | 997f d688 | 0100 0041 | 8b96 d000 | 0000 4103 | d541 8996 | d000 0000 | 4585 ed75 
  0x000001888153aafc: 05ba 0200 | 0000 81e2 | fe3f 0000 | 85d2 0f84 | 1407 0000 | 4d8b 9750 

  0x000001888153ab14: ; ImmutableOopMap {rax=Oop r8=Oop [112]=Oop [120]=Oop [128]=Oop [136]=Oop [144]=Oop [176]=Oop [240]=Oop }
                      ;*if_icmplt {reexecute=1 rethrow=0 return_oop=0}
                      ; - (reexecute) org.eclipse.e4.core.internal.di.InjectorImpl::processAnnotated@413 (line 943)
                      ;   {poll}
  0x000001888153ab14: 0400 0041 | 8502 3bfe 

  0x000001888153ab1c: ;   {metadata(method data for {method} {0x00000188d57ef0a0} 'processAnnotated' '(Lorg/eclipse/e4/core/internal/di/AnnotationLookup$AnnotationProxy;Ljava/lang/Object;Ljava/lang/Class;Lorg/eclipse/e4/core/di/suppliers/PrimaryObjectSupplier;Lorg/eclipse/e4/core/di/suppliers/PrimaryObjectSupplier;Ljava/util/List;)V' in 'org/eclipse/e4/core/internal/di/InjectorImpl')}
  0x000001888153ab1c: 48ba a899 | 7fd6 8801 | 0000 49c7 | c508 0c00 | 007d 0749 | c7c5 f80b | 0000 4e8b | 342a 4d8d 
  0x000001888153ab3c: 7601 4e89 | 342a 0f8d | 3905 0000 | 488b 5424 | 704c 63ef | 468b 6ca8 | 1049 c1e5 | 034c 8bf2 
  0x000001888153ab5c: 89bc 24a0 

  0x000001888153ab60: ;   {metadata(method data for {method} {0x00000188d57ef0a0} 'processAnnotated' '(Lorg/eclipse/e4/core/internal/di/AnnotationLookup$AnnotationProxy;Ljava/lang/Object;Ljava/lang/Class;Lorg/eclipse/e4/core/di/suppliers/PrimaryObjectSupplier;Lorg/eclipse/e4/core/di/suppliers/PrimaryObjectSupplier;Ljava/util/List;)V' in 'org/eclipse/e4/core/internal/di/InjectorImpl')}
  0x000001888153ab60: 0000 0048 | bea8 997f | d688 0100 | 0048 8386 | f002 0000 | 0149 8bf0 | 4d8b c54c | 8bce 4c8b 
  0x000001888153ab80: f249 8bd6 | 4c89 ac24 | a800 0000 

  0x000001888153ab8c: ;   {optimized virtual_call}
  0x000001888153ab8c: 6666 90e8 

  0x000001888153ab90: ; ImmutableOopMap {[112]=Oop [120]=Oop [128]=Oop [136]=Oop [144]=Oop [168]=Oop [176]=Oop [240]=Oop }
                      ;*invokevirtual isAnnotationPresent {reexecute=0 rethrow=0 return_oop=0}
                      ; - org.eclipse.e4.core.internal.di.InjectorImpl::processAnnotated@88 (line 944)
  0x000001888153ab90: ecae db06 

  0x000001888153ab94: ;   {other}
  0x000001888153ab94: 0f1f 8400 | 0408 0008 

  0x000001888153ab9c: ;   {metadata(method data for {method} {0x00000188d57ef0a0} 'processAnnotated' '(Lorg/eclipse/e4/core/internal/di/AnnotationLookup$AnnotationProxy;Ljava/lang/Object;Ljava/lang/Class;Lorg/eclipse/e4/core/di/suppliers/PrimaryObjectSupplier;Lorg/eclipse/e4/core/di/suppliers/PrimaryObjectSupplier;Ljava/util/List;)V' in 'org/eclipse/e4/core/internal/di/InjectorImpl')}
  0x000001888153ab9c: 85c0 49b8 | a899 7fd6 | 8801 0000 | 49c7 c128 | 0300 0075 | 0749 c7c1 | 3803 0000 | 4b8b 1408 
  0x000001888153abbc: 488d 5201 | 4b89 1408 | 0f85 1600 

  0x000001888153abc8: ;   {metadata(method data for {method} {0x00000188d57ef0a0} 'processAnnotated' '(Lorg/eclipse/e4/core/internal/di/AnnotationLookup$AnnotationProxy;Ljava/lang/Object;Ljava/lang/Class;Lorg/eclipse/e4/core/di/suppliers/PrimaryObjectSupplier;Lorg/eclipse/e4/core/di/suppliers/PrimaryObjectSupplier;Ljava/util/List;)V' in 'org/eclipse/e4/core/internal/di/InjectorImpl')}
  0x000001888153abc8: 0000 49b8 | a899 7fd6 | 8801 0000 | 41ff 8048 | 0300 00e9 | 8404 0000 | 488b 5424 

  0x000001888153abe4: ;   {metadata(method data for {method} {0x00000188d57ef0a0} 'processAnnotated' '(Lorg/eclipse/e4/core/internal/di/AnnotationLookup$AnnotationProxy;Ljava/lang/Object;Ljava/lang/Class;Lorg/eclipse/e4/core/di/suppliers/PrimaryObjectSupplier;Lorg/eclipse/e4/core/di/suppliers/PrimaryObjectSupplier;Ljava/util/List;)V' in 'org/eclipse/e4/core/internal/di/InjectorImpl')}
  0x000001888153abe4: 7049 b8a8 | 997f d688 | 0100 0049 | 8380 d009 | 0000 014c | 8b84 24a8 | 0000 004c | 8b8c 24f0 
  0x000001888153ac04: 0000 0048 | 8b54 2470 

  0x000001888153ac0c: ;   {optimized virtual_call}
  0x000001888153ac0c: 6666 90e8 

  0x000001888153ac10: ; ImmutableOopMap {[112]=Oop [120]=Oop [128]=Oop [136]=Oop [144]=Oop [168]=Oop [176]=Oop [240]=Oop }
                      ;*invokevirtual isOverridden {reexecute=0 rethrow=0 return_oop=0}
                      ; - org.eclipse.e4.core.internal.di.InjectorImpl::processAnnotated@314 (line 964)
  0x000001888153ac10: ea07 0000 

  0x000001888153ac14: ;   {other}
  0x000001888153ac14: 0f1f 8400 | 8408 0009 

  0x000001888153ac1c: ;   {metadata(method data for {method} {0x00000188d57ef0a0} 'processAnnotated' '(Lorg/eclipse/e4/core/internal/di/AnnotationLookup$AnnotationProxy;Ljava/lang/Object;Ljava/lang/Class;Lorg/eclipse/e4/core/di/suppliers/PrimaryObjectSupplier;Lorg/eclipse/e4/core/di/suppliers/PrimaryObjectSupplier;Ljava/util/List;)V' in 'org/eclipse/e4/core/internal/di/InjectorImpl')}
  0x000001888153ac1c: 85c0 48ba | a899 7fd6 | 8801 0000 | 48c7 c608 | 0a00 0074 | 0748 c7c6 | 180a 0000 | 488b 3c32 
  0x000001888153ac3c: 488d 7f01 | 4889 3c32 | 0f84 1500 

  0x000001888153ac48: ;   {metadata(method data for {method} {0x00000188d57ef0a0} 'processAnnotated' '(Lorg/eclipse/e4/core/internal/di/AnnotationLookup$AnnotationProxy;Ljava/lang/Object;Ljava/lang/Class;Lorg/eclipse/e4/core/di/suppliers/PrimaryObjectSupplier;Lorg/eclipse/e4/core/di/suppliers/PrimaryObjectSupplier;Ljava/util/List;)V' in 'org/eclipse/e4/core/internal/di/InjectorImpl')}
  0x000001888153ac48: 0000 48ba | a899 7fd6 | 8801 0000 | ff82 280a | 0000 e905 

  0x000001888153ac5c: ;   {metadata('org/eclipse/e4/core/internal/di/MethodRequestor')}
  0x000001888153ac5c: 0400 0048 | bab0 ba30 | 9488 0100 | 0049 8b87 | b801 0000 | 488d 7830 | 493b bfc8 | 0100 000f 
  0x000001888153ac7c: 87c4 0500 | 0049 89bf | b801 0000 | 48c7 0001 | 0000 0048 | 8bca 49ba | 0000 0093 | 8801 0000 
  0x000001888153ac9c: 492b ca89 | 4808 4833 | c989 480c | 4833 c948 | 8948 1048 | 8948 1848 | 8948 2048 | 8948 2848 
  0x000001888153acbc: 8984 24b8 | 0000 004c 

  0x000001888153acc4: ;   {metadata(method data for {method} {0x00000188d57ef0a0} 'processAnnotated' '(Lorg/eclipse/e4/core/internal/di/AnnotationLookup$AnnotationProxy;Ljava/lang/Object;Ljava/lang/Class;Lorg/eclipse/e4/core/di/suppliers/PrimaryObjectSupplier;Lorg/eclipse/e4/core/di/suppliers/PrimaryObjectSupplier;Ljava/util/List;)V' in 'org/eclipse/e4/core/internal/di/InjectorImpl')}
  0x000001888153acc4: 8bc0 49b9 | a899 7fd6 | 8801 0000 | 4983 8140 | 0a00 0001 | 4c8b 8424 | a800 0000 | 4c8b 4c24 
  0x000001888153ace4: 7048 8bbc | 2488 0000 | 0048 8bb4 | 2490 0000 | 0048 8b8c | 2480 0000 | 00c7 0424 | 0000 0000 
  0x000001888153ad04: ;   {optimized virtual_call}
  0x000001888153ad04: 488b d0e8 

  0x000001888153ad08: ; ImmutableOopMap {[112]=Oop [120]=Oop [128]=Oop [136]=Oop [144]=Oop [168]=Oop [176]=Oop [184]=Oop [240]=Oop }
                      ;*invokespecial <init> {reexecute=0 rethrow=0 return_oop=0}
                      ; - org.eclipse.e4.core.internal.di.InjectorImpl::processAnnotated@336 (line 967)
  0x000001888153ad08: 0107 0000 

  0x000001888153ad0c: ;   {other}
  0x000001888153ad0c: 0f1f 8400 | 7c09 000a | 488b 5424 

  0x000001888153ad18: ;   {metadata(method data for {method} {0x00000188d57ef0a0} 'processAnnotated' '(Lorg/eclipse/e4/core/internal/di/AnnotationLookup$AnnotationProxy;Ljava/lang/Object;Ljava/lang/Class;Lorg/eclipse/e4/core/di/suppliers/PrimaryObjectSupplier;Lorg/eclipse/e4/core/di/suppliers/PrimaryObjectSupplier;Ljava/util/List;)V' in 'org/eclipse/e4/core/internal/di/InjectorImpl')}
  0x000001888153ad18: 7049 b8a8 | 997f d688 | 0100 0049 | 8380 500a | 0000 014c | 8b84 24b8 | 0000 004c | 8b8c 2488 
  0x000001888153ad38: 0000 0048 | 8bbc 2490 | 0000 00be | 0000 0000 | b900 0000 | 00c7 0424 | 0000 0000 | 488b 5424 
  0x000001888153ad58: 7066 0f1f 

  0x000001888153ad5c: ;   {optimized virtual_call}
  0x000001888153ad5c: 4400 00e8 

  0x000001888153ad60: ; ImmutableOopMap {[112]=Oop [120]=Oop [128]=Oop [136]=Oop [144]=Oop [168]=Oop [176]=Oop [184]=Oop [240]=Oop }
                      ;*invokevirtual resolveArgs {reexecute=0 rethrow=0 return_oop=0}
                      ; - org.eclipse.e4.core.internal.di.InjectorImpl::processAnnotated@351 (line 968)
  0x000001888153ad60: 1c99 d8fe 

  0x000001888153ad64: ;   {other}
  0x000001888153ad64: 0f1f 8400 | d409 000b | 4889 8424 | c000 0000 | 488b 5424 

  0x000001888153ad78: ;   {metadata(method data for {method} {0x00000188d57ef0a0} 'processAnnotated' '(Lorg/eclipse/e4/core/internal/di/AnnotationLookup$AnnotationProxy;Ljava/lang/Object;Ljava/lang/Class;Lorg/eclipse/e4/core/di/suppliers/PrimaryObjectSupplier;Lorg/eclipse/e4/core/di/suppliers/PrimaryObjectSupplier;Ljava/util/List;)V' in 'org/eclipse/e4/core/internal/di/InjectorImpl')}
  0x000001888153ad78: 7049 b8a8 | 997f d688 | 0100 0049 | 8380 880a 

  0x000001888153ad88: ;   {metadata(method data for {method} {0x00000188d57ed328} 'unresolved' '([Ljava/lang/Object;)I' in 'org/eclipse/e4/core/internal/di/InjectorImpl')}
  0x000001888153ad88: 0000 0149 | b8b8 e862 | d688 0100 | 0045 8b88 | cc00 0000 | 4183 c102 | 4589 88cc | 0000 0041 
  0x000001888153ada8: 81e1 feff | 1f00 4585 | c90f 849b 

  0x000001888153adb4: ;   {metadata(method data for {method} {0x00000188d57ed328} 'unresolved' '([Ljava/lang/Object;)I' in 'org/eclipse/e4/core/internal/di/InjectorImpl')}
  0x000001888153adb4: 0400 0049 | b8b8 e862 | d688 0100 | 0041 ff80 | 1001 0000 | 41b8 0000 | 0000 e94d | 0000 000f 
  0x000001888153add4: 1f44 0000 | 4d63 c846 | 8b4c 8810 | 49c1 e103 

  0x000001888153ade4: ;   {oop(a 'java/lang/Object'{0x000000074276df98})}
  0x000001888153ade4: 49ba 98df | 7642 0700 | 0000 4d3b 

  0x000001888153adf0: ;   {metadata(method data for {method} {0x00000188d57ed328} 'unresolved' '([Ljava/lang/Object;)I' in 'org/eclipse/e4/core/internal/di/InjectorImpl')}
  0x000001888153adf0: ca49 b9b8 | e862 d688 | 0100 0048 | c7c2 3801 | 0000 7407 | 48c7 c228 | 0100 0049 | 8b34 1148 
  0x000001888153ae10: 8d76 0149 | 8934 110f | 8484 0000 | 0041 ffc0 

  0x000001888153ae20: ; implicit exception: dispatches to 0x000001888153b273
  0x000001888153ae20: 448b 480c | 453b c1ba | 0200 0000 | 7c05 ba00 

  0x000001888153ae30: ;   {metadata(method data for {method} {0x00000188d57ed328} 'unresolved' '([Ljava/lang/Object;)I' in 'org/eclipse/e4/core/internal/di/InjectorImpl')}
  0x000001888153ae30: 0000 0048 | beb8 e862 | d688 0100 | 008b bed0 | 0000 0003 | fa89 bed0 | 0000 0085 | d275 05bf 
  0x000001888153ae50: 0200 0000 | 81e7 fe3f | 0000 85ff | 0f84 1604 | 0000 4d8b | 9750 0400 

  0x000001888153ae68: ; ImmutableOopMap {rax=Oop [112]=Oop [120]=Oop [128]=Oop [136]=Oop [144]=Oop [168]=Oop [176]=Oop [184]=Oop [192]=Oop [240]=Oop }
                      ;*if_icmplt {reexecute=1 rethrow=0 return_oop=0}
                      ; - (reexecute) org.eclipse.e4.core.internal.di.InjectorImpl::unresolved@22 (line 625)
                      ; - org.eclipse.e4.core.internal.di.InjectorImpl::processAnnotated@359 (line 969)
                      ;   {poll}
  0x000001888153ae68: 0041 8502 

  0x000001888153ae6c: ;   {metadata(method data for {method} {0x00000188d57ed328} 'unresolved' '([Ljava/lang/Object;)I' in 'org/eclipse/e4/core/internal/di/InjectorImpl')}
  0x000001888153ae6c: 453b c149 | b9b8 e862 | d688 0100 | 0048 c7c2 | 4801 0000 | 7c07 48c7 | c258 0100 | 0049 8b34 
  0x000001888153ae8c: 1148 8d76 | 0149 8934 | 110f 8c3d | ffff ff41 | b8ff ffff | ff41 83f8 

  0x000001888153aea4: ;   {metadata(method data for {method} {0x00000188d57ef0a0} 'processAnnotated' '(Lorg/eclipse/e4/core/internal/di/AnnotationLookup$AnnotationProxy;Ljava/lang/Object;Ljava/lang/Class;Lorg/eclipse/e4/core/di/suppliers/PrimaryObjectSupplier;Lorg/eclipse/e4/core/di/suppliers/PrimaryObjectSupplier;Ljava/util/List;)V' in 'org/eclipse/e4/core/internal/di/InjectorImpl')}
  0x000001888153aea4: ff49 b9a8 | 997f d688 | 0100 0048 | c7c2 c00a | 0000 7407 | 48c7 c2d0 | 0a00 0049 | 8b34 1148 
  0x000001888153aec4: 8d76 0149 | 8934 110f | 848e 0000 | 0044 8984 | 24c8 0000 | 004c 8bac | 24a8 0000 | 0048 8b54 
  0x000001888153aee4: ;   {metadata(method data for {method} {0x00000188d57ef0a0} 'processAnnotated' '(Lorg/eclipse/e4/core/internal/di/AnnotationLookup$AnnotationProxy;Ljava/lang/Object;Ljava/lang/Class;Lorg/eclipse/e4/core/di/suppliers/PrimaryObjectSupplier;Lorg/eclipse/e4/core/di/suppliers/PrimaryObjectSupplier;Ljava/util/List;)V' in 'org/eclipse/e4/core/internal/di/InjectorImpl')}
  0x000001888153aee4: 2470 49b9 | a899 7fd6 | 8801 0000 | 4983 81e0 | 0a00 0001 

  0x000001888153aef8: ;   {oop(a 'org/eclipse/e4/core/internal/di/AnnotationLookup$AnnotationProxy'{0x0000000742703d68})}
  0x000001888153aef8: 4d8b c549 | b968 3d70 | 4207 0000 | 0048 8b54 | 2470 0f1f 

  0x000001888153af0c: ;   {optimized virtual_call}
  0x000001888153af0c: 4400 00e8 

  0x000001888153af10: ; ImmutableOopMap {[112]=Oop [120]=Oop [128]=Oop [136]=Oop [144]=Oop [176]=Oop [184]=Oop [192]=Oop [240]=Oop }
                      ;*invokevirtual isAnnotationPresent {reexecute=0 rethrow=0 return_oop=0}
                      ; - org.eclipse.e4.core.internal.di.InjectorImpl::processAnnotated@376 (line 971)
  0x000001888153af10: 6c3b f205 

  0x000001888153af14: ;   {other}
  0x000001888153af14: 0f1f 8400 | 840b 000d 

  0x000001888153af1c: ;   {metadata(method data for {method} {0x00000188d57ef0a0} 'processAnnotated' '(Lorg/eclipse/e4/core/internal/di/AnnotationLookup$AnnotationProxy;Ljava/lang/Object;Ljava/lang/Class;Lorg/eclipse/e4/core/di/suppliers/PrimaryObjectSupplier;Lorg/eclipse/e4/core/di/suppliers/PrimaryObjectSupplier;Ljava/util/List;)V' in 'org/eclipse/e4/core/internal/di/InjectorImpl')}
  0x000001888153af1c: 85c0 48ba | a899 7fd6 | 8801 0000 | 48c7 c618 | 0b00 0074 | 0748 c7c6 | 280b 0000 | 488b 3c32 
  0x000001888153af3c: 488d 7f01 | 4889 3c32 | 0f84 4d01 

  0x000001888153af48: ;   {metadata(method data for {method} {0x00000188d57ef0a0} 'processAnnotated' '(Lorg/eclipse/e4/core/internal/di/AnnotationLookup$AnnotationProxy;Ljava/lang/Object;Ljava/lang/Class;Lorg/eclipse/e4/core/di/suppliers/PrimaryObjectSupplier;Lorg/eclipse/e4/core/di/suppliers/PrimaryObjectSupplier;Ljava/util/List;)V' in 'org/eclipse/e4/core/internal/di/InjectorImpl')}
  0x000001888153af48: 0000 48ba | a899 7fd6 | 8801 0000 | ff82 380b | 0000 e905 | 0100 0048 | 8bf0 488b | 8424 b800 
  0x000001888153af68: 0000 488b 

  0x000001888153af6c: ;   {metadata(method data for {method} {0x00000188d57ef0a0} 'processAnnotated' '(Lorg/eclipse/e4/core/internal/di/AnnotationLookup$AnnotationProxy;Ljava/lang/Object;Ljava/lang/Class;Lorg/eclipse/e4/core/di/suppliers/PrimaryObjectSupplier;Lorg/eclipse/e4/core/di/suppliers/PrimaryObjectSupplier;Ljava/util/List;)V' in 'org/eclipse/e4/core/internal/di/InjectorImpl')}
  0x000001888153af6c: d048 bfa8 | 997f d688 | 0100 008b | 5208 49ba | 0000 0093 | 8801 0000 | 4903 d248 | 3b97 980b 
  0x000001888153af8c: 0000 750d | 4883 87a0 | 0b00 0001 | e960 0000 | 0048 3b97 | a80b 0000 | 750d 4883 | 87b0 0b00 
  0x000001888153afac: 0001 e94a | 0000 0048 | 83bf 980b | 0000 0075 | 1748 8997 | 980b 0000 | 48c7 87a0 | 0b00 0001 
  0x000001888153afcc: 0000 00e9 | 2900 0000 | 4883 bfa8 | 0b00 0000 | 7517 4889 | 97a8 0b00 | 0048 c787 | b00b 0000 
  0x000001888153afec: 0100 0000 | e908 0000 | 0048 8387 | 880b 0000 | 0141 0fbe | 5740 85d2 | 0f85 8f02 | 0000 4c8b 
  0x000001888153b00c: d649 c1ea | 0344 8950 | 2848 8bd0 | 4833 d648 | c1ea 1548 | 83fa 000f | 858f 0200 | 0048 8bd0 
  0x000001888153b02c: ;   {metadata(method data for {method} {0x00000188d57ef0a0} 'processAnnotated' '(Lorg/eclipse/e4/core/internal/di/AnnotationLookup$AnnotationProxy;Ljava/lang/Object;Ljava/lang/Class;Lorg/eclipse/e4/core/di/suppliers/PrimaryObjectSupplier;Lorg/eclipse/e4/core/di/suppliers/PrimaryObjectSupplier;Ljava/util/List;)V' in 'org/eclipse/e4/core/internal/di/InjectorImpl')}
  0x000001888153b02c: 48be a899 | 7fd6 8801 

  0x000001888153b034: ;   {metadata('org/eclipse/e4/core/internal/di/MethodRequestor')}
  0x000001888153b034: 0000 49ba | b0ba 3094 | 8801 0000 | 4c89 96d0 | 0b00 0048 | 8386 d80b | 0000 0148 | 8bd0 0f1f 
  0x000001888153b054: ;   {optimized virtual_call}
  0x000001888153b054: 4400 00e8 

  0x000001888153b058: ; ImmutableOopMap {[112]=Oop [120]=Oop [128]=Oop [136]=Oop [144]=Oop [176]=Oop [240]=Oop }
                      ;*invokevirtual execute {reexecute=0 rethrow=0 return_oop=0}
                      ; - org.eclipse.e4.core.internal.di.InjectorImpl::processAnnotated@402 (line 977)
  0x000001888153b058: 4487 ffff 

  0x000001888153b05c: ;   {other}
  0x000001888153b05c: 0f1f 8400 | cc0c 000e | 8bbc 24a0 | 0000 00ff | c78b b424 | a400 0000 | 488b 8424 | b000 0000 
  0x000001888153b07c: e947 faff | ff48 81c4 | e000 0000 

  0x000001888153b088: ;   {poll_return}
  0x000001888153b088: 5d49 3ba7 | 4804 0000 | 0f87 3a02 | 0000 c344 | 8b8c 24c8 | 0000 0048 | 8b84 24b8 | 0000 0048 
  0x000001888153b0a8: 8b54 2470 

  0x000001888153b0ac: ;   {metadata(method data for {method} {0x00000188d57ef0a0} 'processAnnotated' '(Lorg/eclipse/e4/core/internal/di/AnnotationLookup$AnnotationProxy;Ljava/lang/Object;Ljava/lang/Class;Lorg/eclipse/e4/core/di/suppliers/PrimaryObjectSupplier;Lorg/eclipse/e4/core/di/suppliers/PrimaryObjectSupplier;Ljava/util/List;)V' in 'org/eclipse/e4/core/internal/di/InjectorImpl')}
  0x000001888153b0ac: 49b8 a899 | 7fd6 8801 | 0000 4983 | 8050 0b00 

  0x000001888153b0bc: ;   {metadata(method data for {method} {0x00000188d57ec800} 'reportUnresolvedArgument' '(Lorg/eclipse/e4/core/internal/di/Requestor;I)V' in 'org/eclipse/e4/core/internal/di/InjectorImpl')}
  0x000001888153b0bc: 0001 49b8 | 30a6 7fd6 | 8801 0000 | 418b 90cc | 0000 0083 | c202 4189 | 90cc 0000 | 0081 e2fe 
  0x000001888153b0dc: ff1f 0085 | d20f 84ff | 0100 0048 | 8b54 2470 

  0x000001888153b0ec: ;   {metadata(method data for {method} {0x00000188d57ec800} 'reportUnresolvedArgument' '(Lorg/eclipse/e4/core/internal/di/Requestor;I)V' in 'org/eclipse/e4/core/internal/di/InjectorImpl')}
  0x000001888153b0ec: 49b8 30a6 | 7fd6 8801 | 0000 4983 | 8010 0100 | 0001 4c8b | c048 8b54 

  0x000001888153b104: ;   {optimized virtual_call}
  0x000001888153b104: 2470 90e8 

  0x000001888153b108: ; ImmutableOopMap {[112]=Oop [120]=Oop [128]=Oop [136]=Oop [144]=Oop [176]=Oop [184]=Oop [192]=Oop [240]=Oop }
                      ;*invokevirtual resolutionError {reexecute=0 rethrow=0 return_oop=0}
                      ; - org.eclipse.e4.core.internal.di.InjectorImpl::reportUnresolvedArgument@3 (line 458)
                      ; - org.eclipse.e4.core.internal.di.InjectorImpl::processAnnotated@390 (line 974)
  0x000001888153b108: 7439 f205 

  0x000001888153b10c: ;   {other}
  0x000001888153b10c: 0f1f 8400 | 7c0d 000f 

  0x000001888153b114: ;   {metadata(method data for {method} {0x00000188d57ec800} 'reportUnresolvedArgument' '(Lorg/eclipse/e4/core/internal/di/Requestor;I)V' in 'org/eclipse/e4/core/internal/di/InjectorImpl')}
  0x000001888153b114: 4c8b c048 | ba30 a67f | d688 0100 | 00ff 8248 | 0100 0090 

  0x000001888153b128: ;   {no_reloc}
  0x000001888153b128: e9e9 0100 | 0000 0000 | 0000 80ba | 2101 0000 | 040f 85e6 | 0100 0049 | 8b87 b801 | 0000 488d 
  0x000001888153b148: 7828 493b | bfc8 0100 | 000f 87ce | 0100 0049 | 89bf b801 | 0000 48c7 | 0001 0000 | 0048 8bca 
  0x000001888153b168: 49ba 0000 | 0093 8801 | 0000 492b | ca89 4808 | 4833 c989 | 480c 4833 | c948 8948 | 1048 8948 
  0x000001888153b188: 1848 8948 | 2048 8bd0 

  0x000001888153b190: ;   {metadata(method data for {method} {0x00000188d57ec800} 'reportUnresolvedArgument' '(Lorg/eclipse/e4/core/internal/di/Requestor;I)V' in 'org/eclipse/e4/core/internal/di/InjectorImpl')}
  0x000001888153b190: 48be 30a6 | 7fd6 8801 | 0000 4883 | 8678 0100 | 0001 488b | d048 8984 | 24d0 0000 

  0x000001888153b1ac: ;   {optimized virtual_call}
  0x000001888153b1ac: 0066 90e8 

  0x000001888153b1b0: ; ImmutableOopMap {[112]=Oop [120]=Oop [128]=Oop [136]=Oop [144]=Oop [176]=Oop [184]=Oop [192]=Oop [208]=Oop [240]=Oop }
                      ;*invokespecial <init> {reexecute=0 rethrow=0 return_oop=0}
                      ; - org.eclipse.e4.core.internal.di.InjectorImpl::reportUnresolvedArgument@23 (line 462)
                      ; - org.eclipse.e4.core.internal.di.InjectorImpl::processAnnotated@390 (line 974)
  0x000001888153b1b0: cc38 f205 

  0x000001888153b1b4: ;   {other}
  0x000001888153b1b4: 0f1f 8400 | 240e 0010 | 488b 8424 | d000 0000 | e986 0100 

  0x000001888153b1c8: ;   {metadata({method} {0x00000188d57ef0a0} 'processAnnotated' '(Lorg/eclipse/e4/core/internal/di/AnnotationLookup$AnnotationProxy;Ljava/lang/Object;Ljava/lang/Class;Lorg/eclipse/e4/core/di/suppliers/PrimaryObjectSupplier;Lorg/eclipse/e4/core/di/suppliers/PrimaryObjectSupplier;Ljava/util/List;)V' in 'org/eclipse/e4/core/internal/di/InjectorImpl')}
  0x000001888153b1c8: 0049 ba98 | f07e d588 | 0100 004c | 8954 2408 | 48c7 0424 | ffff ffff 

  0x000001888153b1e0: ;   {runtime_call counter_overflow Runtime1 stub}
  0x000001888153b1e0: e81b 05ff 

  0x000001888153b1e4: ; ImmutableOopMap {rdx=Oop r8=Oop r9=Oop rdi=Oop rsi=Oop rcx=Oop [112]=Oop [120]=Oop [128]=Oop [136]=Oop [144]=Oop [240]=Oop }
                      ;*synchronization entry
                      ; - org.eclipse.e4.core.internal.di.InjectorImpl::processAnnotated@-1 (line 936)
  0x000001888153b1e4: 05e9 1df5 

  0x000001888153b1e8: ;   {runtime_call throw_null_pointer_exception Runtime1 stub}
  0x000001888153b1e8: ffff e811 

  0x000001888153b1ec: ; ImmutableOopMap {rdi=Oop [112]=Oop [120]=Oop [128]=Oop [136]=Oop [144]=Oop [240]=Oop }
                      ;*invokevirtual getSuperclass {reexecute=0 rethrow=0 return_oop=0}
                      ; - org.eclipse.e4.core.internal.di.InjectorImpl::processAnnotated@1 (line 936)
                      ;   {runtime_call throw_null_pointer_exception Runtime1 stub}
  0x000001888153b1ec: 97fe 05e8 

  0x000001888153b1f0: ; ImmutableOopMap {rax=Oop [104]=Oop [112]=Oop [120]=Oop [128]=Oop [136]=Oop [144]=Oop [152]=Oop [240]=Oop }
                      ;*invokevirtual getName {reexecute=0 rethrow=0 return_oop=0}
                      ; - org.eclipse.e4.core.internal.di.InjectorImpl::processAnnotated@13 (line 937)
  0x000001888153b1f0: 0c97 fe05 

  0x000001888153b1f4: ;   {metadata({method} {0x0000018893465ac0} 'getName' '()Ljava/lang/String;' in 'java/lang/Class')}
  0x000001888153b1f4: 49ba b85a | 4693 8801 | 0000 4c89 | 5424 0848 | c704 24ff 

  0x000001888153b208: ;   {runtime_call counter_overflow Runtime1 stub}
  0x000001888153b208: ffff ffe8 

  0x000001888153b20c: ; ImmutableOopMap {rax=Oop [104]=Oop [112]=Oop [120]=Oop [128]=Oop [136]=Oop [144]=Oop [152]=Oop [240]=Oop }
                      ;*synchronization entry
                      ; - java.lang.Class::getName@-1
                      ; - org.eclipse.e4.core.internal.di.InjectorImpl::processAnnotated@13 (line 937)
  0x000001888153b20c: f004 ff05 | e995 f5ff 

  0x000001888153b214: ;   {runtime_call throw_null_pointer_exception Runtime1 stub}
  0x000001888153b214: ffe8 e696 

  0x000001888153b218: ; ImmutableOopMap {rdx=Oop [104]=Oop [112]=Oop [120]=Oop [128]=Oop [136]=Oop [144]=Oop [152]=Oop [240]=Oop }
                      ;*invokevirtual equals {reexecute=0 rethrow=0 return_oop=0}
                      ; - org.eclipse.e4.core.internal.di.InjectorImpl::processAnnotated@18 (line 937)
                      ;   {runtime_call throw_null_pointer_exception Runtime1 stub}
  0x000001888153b218: fe05 e8e1 

  0x000001888153b21c: ; ImmutableOopMap {rsi=Oop [104]=Oop [112]=Oop [120]=Oop [128]=Oop [136]=Oop [144]=Oop [152]=Oop [240]=Oop }
                      ;*invokeinterface add {reexecute=0 rethrow=0 return_oop=0}
                      ; - org.eclipse.e4.core.internal.di.InjectorImpl::processAnnotated@27 (line 938)
                      ;   {runtime_call throw_null_pointer_exception Runtime1 stub}
  0x000001888153b21c: 96fe 05e8 

  0x000001888153b220: ; ImmutableOopMap {rax=Oop [112]=Oop [120]=Oop [128]=Oop [136]=Oop [144]=Oop [176]=Oop [240]=Oop }
                      ;*arraylength {reexecute=0 rethrow=0 return_oop=0}
                      ; - org.eclipse.e4.core.internal.di.InjectorImpl::processAnnotated@68 (line 943)
  0x000001888153b220: dc96 fe05 

  0x000001888153b224: ;   {metadata({method} {0x00000188d57ef0a0} 'processAnnotated' '(Lorg/eclipse/e4/core/internal/di/AnnotationLookup$AnnotationProxy;Ljava/lang/Object;Ljava/lang/Class;Lorg/eclipse/e4/core/di/suppliers/PrimaryObjectSupplier;Lorg/eclipse/e4/core/di/suppliers/PrimaryObjectSupplier;Ljava/util/List;)V' in 'org/eclipse/e4/core/internal/di/InjectorImpl')}
  0x000001888153b224: 49ba 98f0 | 7ed5 8801 | 0000 4c89 | 5424 0848 | c704 249d 

  0x000001888153b238: ;   {runtime_call counter_overflow Runtime1 stub}
  0x000001888153b238: 0100 00e8 

  0x000001888153b23c: ; ImmutableOopMap {rax=Oop r8=Oop [112]=Oop [120]=Oop [128]=Oop [136]=Oop [144]=Oop [176]=Oop [240]=Oop }
                      ;*if_icmplt {reexecute=1 rethrow=0 return_oop=0}
                      ; - (reexecute) org.eclipse.e4.core.internal.di.InjectorImpl::processAnnotated@413 (line 943)
  0x000001888153b23c: c004 ff05 | e9cb f8ff | ff48 8bd2 

  0x000001888153b248: ;   {runtime_call fast_new_instance Runtime1 stub}
  0x000001888153b248: e833 a9fe 

  0x000001888153b24c: ; ImmutableOopMap {[112]=Oop [120]=Oop [128]=Oop [136]=Oop [144]=Oop [168]=Oop [176]=Oop [240]=Oop }
                      ;*new {reexecute=0 rethrow=0 return_oop=0}
                      ; - org.eclipse.e4.core.internal.di.InjectorImpl::processAnnotated@323 (line 967)
  0x000001888153b24c: 05e9 69fa 

  0x000001888153b250: ;   {metadata({method} {0x00000188d57ed328} 'unresolved' '([Ljava/lang/Object;)I' in 'org/eclipse/e4/core/internal/di/InjectorImpl')}
  0x000001888153b250: ffff 49ba | 20d3 7ed5 | 8801 0000 | 4c89 5424 | 0848 c704 | 24ff ffff 

  0x000001888153b268: ;   {runtime_call counter_overflow Runtime1 stub}
  0x000001888153b268: ffe8 9204 

  0x000001888153b26c: ; ImmutableOopMap {rax=Oop [112]=Oop [120]=Oop [128]=Oop [136]=Oop [144]=Oop [168]=Oop [176]=Oop [184]=Oop [192]=Oop [240]=Oop }
                      ;*synchronization entry
                      ; - org.eclipse.e4.core.internal.di.InjectorImpl::unresolved@-1 (line 625)
                      ; - org.eclipse.e4.core.internal.di.InjectorImpl::processAnnotated@359 (line 969)
  0x000001888153b26c: ff05 e944 

  0x000001888153b270: ;   {runtime_call throw_null_pointer_exception Runtime1 stub}
  0x000001888153b270: fbff ffe8 

  0x000001888153b274: ; ImmutableOopMap {rax=Oop [112]=Oop [120]=Oop [128]=Oop [136]=Oop [144]=Oop [168]=Oop [176]=Oop [184]=Oop [192]=Oop [240]=Oop }
                      ;*arraylength {reexecute=0 rethrow=0 return_oop=0}
                      ; - org.eclipse.e4.core.internal.di.InjectorImpl::unresolved@21 (line 625)
                      ; - org.eclipse.e4.core.internal.di.InjectorImpl::processAnnotated@359 (line 969)
  0x000001888153b274: 8896 fe05 

  0x000001888153b278: ;   {metadata({method} {0x00000188d57ed328} 'unresolved' '([Ljava/lang/Object;)I' in 'org/eclipse/e4/core/internal/di/InjectorImpl')}
  0x000001888153b278: 49ba 20d3 | 7ed5 8801 | 0000 4c89 | 5424 0848 | c704 2416 

  0x000001888153b28c: ;   {runtime_call counter_overflow Runtime1 stub}
  0x000001888153b28c: 0000 00e8 

  0x000001888153b290: ; ImmutableOopMap {rax=Oop [112]=Oop [120]=Oop [128]=Oop [136]=Oop [144]=Oop [168]=Oop [176]=Oop [184]=Oop [192]=Oop [240]=Oop }
                      ;*if_icmplt {reexecute=1 rethrow=0 return_oop=0}
                      ; - (reexecute) org.eclipse.e4.core.internal.di.InjectorImpl::unresolved@22 (line 625)
                      ; - org.eclipse.e4.core.internal.di.InjectorImpl::processAnnotated@359 (line 969)
  0x000001888153b290: 6c04 ff05 | e9c9 fbff | ff8b 5028 | 48c1 e203 | 4883 fa00 | 0f84 60fd | ffff 4889 

  0x000001888153b2ac: ;   {runtime_call g1_pre_barrier_slow}
  0x000001888153b2ac: 1424 e84d | 0aff 05e9 | 52fd ffff | 4883 fe00 | 0f84 67fd | ffff 4889 

  0x000001888153b2c4: ;   {runtime_call g1_post_barrier_slow}
  0x000001888153b2c4: 0424 e835 | 0dff 05e9 | 59fd ffff 

  0x000001888153b2d0: ;   {internal_word}
  0x000001888153b2d0: 49ba 89b0 | 5381 8801 | 0000 4d89 | 9760 0400 

  0x000001888153b2e0: ;   {runtime_call SafepointBlob}
  0x000001888153b2e0: 00e9 1aa4 

  0x000001888153b2e4: ;   {metadata({method} {0x00000188d57ec800} 'reportUnresolvedArgument' '(Lorg/eclipse/e4/core/internal/di/Requestor;I)V' in 'org/eclipse/e4/core/internal/di/InjectorImpl')}
  0x000001888153b2e4: f205 49ba | f8c7 7ed5 | 8801 0000 | 4c89 5424 | 0848 c704 | 24ff ffff 

  0x000001888153b2fc: ;   {runtime_call counter_overflow Runtime1 stub}
  0x000001888153b2fc: ffe8 fe03 

  0x000001888153b300: ; ImmutableOopMap {rax=Oop [112]=Oop [120]=Oop [128]=Oop [136]=Oop [144]=Oop [176]=Oop [184]=Oop [192]=Oop [240]=Oop }
                      ;*synchronization entry
                      ; - org.eclipse.e4.core.internal.di.InjectorImpl::reportUnresolvedArgument@-1 (line 458)
                      ; - org.eclipse.e4.core.internal.di.InjectorImpl::processAnnotated@390 (line 974)
  0x000001888153b300: ff05 e9e0 

  0x000001888153b304: ;   {metadata(nullptr)}
  0x000001888153b304: fdff ff48 | ba00 0000 | 0000 0000 | 00b8 000f 

  0x000001888153b314: ;   {runtime_call load_klass_patching Runtime1 stub}
  0x000001888153b314: 050a e8e5 

  0x000001888153b318: ; ImmutableOopMap {r8=Oop [112]=Oop [120]=Oop [128]=Oop [136]=Oop [144]=Oop [176]=Oop [184]=Oop [192]=Oop [240]=Oop }
                      ;*new {reexecute=1 rethrow=0 return_oop=0}
                      ; - (reexecute) org.eclipse.e4.core.internal.di.InjectorImpl::reportUnresolvedArgument@18 (line 462)
                      ; - org.eclipse.e4.core.internal.di.InjectorImpl::processAnnotated@390 (line 974)
  0x000001888153b318: e8fe 05e9 | 08fe ffff 

  0x000001888153b320: ;   {runtime_call throw_null_pointer_exception Runtime1 stub}
  0x000001888153b320: e8db 95fe 

  0x000001888153b324: ; ImmutableOopMap {r8=Oop [112]=Oop [120]=Oop [128]=Oop [136]=Oop [144]=Oop [176]=Oop [184]=Oop [192]=Oop [240]=Oop }
                      ;*new {reexecute=0 rethrow=0 return_oop=0}
                      ; - org.eclipse.e4.core.internal.di.InjectorImpl::reportUnresolvedArgument@18 (line 462)
                      ; - org.eclipse.e4.core.internal.di.InjectorImpl::processAnnotated@390 (line 974)
  0x000001888153b324: 0548 8bd2 

  0x000001888153b328: ;   {runtime_call fast_new_instance_init_check Runtime1 stub}
  0x000001888153b328: e853 abfe 

  0x000001888153b32c: ; ImmutableOopMap {r8=Oop [112]=Oop [120]=Oop [128]=Oop [136]=Oop [144]=Oop [176]=Oop [184]=Oop [192]=Oop [240]=Oop }
                      ;*new {reexecute=0 rethrow=0 return_oop=0}
                      ; - org.eclipse.e4.core.internal.di.InjectorImpl::reportUnresolvedArgument@18 (line 462)
                      ; - org.eclipse.e4.core.internal.di.InjectorImpl::processAnnotated@390 (line 974)
  0x000001888153b32c: 05e9 5bfe | ffff 498b | 87f8 0400 | 0049 c787 | f804 0000 | 0000 0000 | 49c7 8700 | 0500 0000 
  0x000001888153b34c: 0000 0048 | 81c4 e000 

  0x000001888153b354: ;   {runtime_call unwind_exception Runtime1 stub}
  0x000001888153b354: 0000 5de9 | a478 fe05 | f4f4 f4f4 
[Stub Code]
  0x000001888153b360: ;   {no_reloc}
  0x000001888153b360: 0f1f 4400 

  0x000001888153b364: ;   {static_stub}
  0x000001888153b364: 0048 bb00 | 0000 0000 

  0x000001888153b36c: ;   {runtime_call nmethod}
  0x000001888153b36c: 0000 00e9 | fbff ffff 

  0x000001888153b374: ;   {static_stub}
  0x000001888153b374: 9048 bb00 | 0000 0000 

  0x000001888153b37c: ;   {runtime_call nmethod}
  0x000001888153b37c: 0000 00e9 | fbff ffff 

  0x000001888153b384: ;   {static_stub}
  0x000001888153b384: 9048 bb00 | 0000 0000 

  0x000001888153b38c: ;   {runtime_call nmethod}
  0x000001888153b38c: 0000 00e9 | fbff ffff 

  0x000001888153b394: ;   {static_stub}
  0x000001888153b394: 9048 bb00 | 0000 0000 

  0x000001888153b39c: ;   {runtime_call nmethod}
  0x000001888153b39c: 0000 00e9 | fbff ffff 

  0x000001888153b3a4: ;   {static_stub}
  0x000001888153b3a4: 48bb 0000 | 0000 0000 

  0x000001888153b3ac: ;   {runtime_call nmethod}
  0x000001888153b3ac: 0000 e9fb 

  0x000001888153b3b0: ;   {static_stub}
  0x000001888153b3b0: ffff ff48 | bb00 0000 | 0000 0000 

  0x000001888153b3bc: ;   {runtime_call nmethod}
  0x000001888153b3bc: 00e9 fbff 

  0x000001888153b3c0: ;   {static_stub}
  0x000001888153b3c0: ffff 48bb | 0000 0000 | 0000 0000 

  0x000001888153b3cc: ;   {runtime_call nmethod}
  0x000001888153b3cc: e9fb ffff 

  0x000001888153b3d0: ;   {static_stub}
  0x000001888153b3d0: ff48 bb00 | 0000 0000 

  0x000001888153b3d8: ;   {runtime_call nmethod}
  0x000001888153b3d8: 0000 00e9 | fbff ffff 

  0x000001888153b3e0: ;   {static_stub}
  0x000001888153b3e0: 48bb 0000 | 0000 0000 

  0x000001888153b3e8: ;   {runtime_call nmethod}
  0x000001888153b3e8: 0000 e9fb 

  0x000001888153b3ec: ;   {static_stub}
  0x000001888153b3ec: ffff ff48 | bb00 0000 | 0000 0000 

  0x000001888153b3f8: ;   {runtime_call nmethod}
  0x000001888153b3f8: 00e9 fbff 

  0x000001888153b3fc: ;   {static_stub}
  0x000001888153b3fc: ffff 48bb | 60e0 7ed5 | 8801 0000 

  0x000001888153b408: ;   {runtime_call I2C/C2I adapters}
  0x000001888153b408: e95e f9f1 

  0x000001888153b40c: ;   {static_stub}
  0x000001888153b40c: 0548 bb98 | 087f d588 

  0x000001888153b414: ;   {runtime_call I2C/C2I adapters}
  0x000001888153b414: 0100 00e9 | e8c9 1a06 

  0x000001888153b41c: ;   {static_stub}
  0x000001888153b41c: 48bb 0000 | 0000 0000 

  0x000001888153b424: ;   {runtime_call nmethod}
  0x000001888153b424: 0000 e9fb 

  0x000001888153b428: ;   {static_stub}
  0x000001888153b428: ffff ff48 | bb00 0000 | 0000 0000 

  0x000001888153b434: ;   {runtime_call nmethod}
  0x000001888153b434: 00e9 fbff 

  0x000001888153b438: ;   {runtime_call handle_exception_from_callee Runtime1 stub}
  0x000001888153b438: ffff e8c1 

  0x000001888153b43c: ;   {external_word}
  0x000001888153b43c: c0fe 0548 | b990 7f7c | 63fc 7f00 | 0048 83e4 

  0x000001888153b44c: ;   {runtime_call}
  0x000001888153b44c: f048 b8e0 | 443f 63fc | 7f00 00ff 

  0x000001888153b458: ;   {section_word}
  0x000001888153b458: d0f4 49ba | 5ab4 5381 | 8801 0000 

  0x000001888153b464: ;   {runtime_call DeoptimizationBlob}
  0x000001888153b464: 4152 e935 | 95f2 05f4 | f4f4 f4f4 
[/MachCode]


---------------  P R O C E S S  ---------------

Threads class SMR info:
_java_thread_list=0x00000188dd3f4640, length=41, elements={
0x00000188f51f74b0, 0x00000188925e47d0, 0x00000188925e5420, 0x00000188925e6af0,
0x00000188925ec7a0, 0x00000188925edac0, 0x00000188925ee7f0, 0x00000188925f0120,
0x00000188925f80a0, 0x0000018892611030, 0x00000188926bdec0, 0x0000018892611d50,
0x000001889260f5f0, 0x00000188926116c0, 0x0000018892610310, 0x00000188926109a0,
0x000001889260ef60, 0x00000188926123e0, 0x00000188db481ef0, 0x00000188db47d6c0,
0x00000188db47fe20, 0x00000188db483930, 0x00000188db484650, 0x00000188db47f790,
0x00000188db4832a0, 0x00000188db483fc0, 0x00000188db484ce0, 0x00000188db482c10,
0x00000188db4811d0, 0x00000188db47e3e0, 0x00000188db47f100, 0x00000188db4804b0,
0x00000188db480b40, 0x00000188db481860, 0x00000188db2759d0, 0x00000188db27a890,
0x00000188db27af20, 0x00000188db2787c0, 0x00000188db275340, 0x00000188926d3c00,
0x00000188ddcf6690
}

Java Threads: ( => current thread )
=>0x00000188f51f74b0 JavaThread "main"                              [_thread_in_native, id=30220, stack(0x0000006088a00000,0x0000006088b00000) (1024K)]
  0x00000188925e47d0 JavaThread "Reference Handler"          daemon [_thread_blocked, id=3696, stack(0x0000006089500000,0x0000006089600000) (1024K)]
  0x00000188925e5420 JavaThread "Finalizer"                  daemon [_thread_blocked, id=9532, stack(0x0000006089600000,0x0000006089700000) (1024K)]
  0x00000188925e6af0 JavaThread "Signal Dispatcher"          daemon [_thread_blocked, id=30444, stack(0x0000006089700000,0x0000006089800000) (1024K)]
  0x00000188925ec7a0 JavaThread "Attach Listener"            daemon [_thread_blocked, id=42580, stack(0x0000006089800000,0x0000006089900000) (1024K)]
  0x00000188925edac0 JavaThread "Service Thread"             daemon [_thread_blocked, id=25016, stack(0x0000006089900000,0x0000006089a00000) (1024K)]
  0x00000188925ee7f0 JavaThread "Monitor Deflation Thread"   daemon [_thread_blocked, id=44604, stack(0x0000006089a00000,0x0000006089b00000) (1024K)]
  0x00000188925f0120 JavaThread "C2 CompilerThread0"         daemon [_thread_in_native, id=31404, stack(0x0000006089b00000,0x0000006089c00000) (1024K)]
  0x00000188925f80a0 JavaThread "C1 CompilerThread0"         daemon [_thread_blocked, id=12152, stack(0x0000006089c00000,0x0000006089d00000) (1024K)]
  0x0000018892611030 JavaThread "StringDedupThread"          daemon [_thread_blocked, id=41172, stack(0x0000006089d00000,0x0000006089e00000) (1024K)]
  0x00000188926bdec0 JavaThread "C1 CompilerThread1"         daemon [_thread_blocked, id=26484, stack(0x0000006089e00000,0x0000006089f00000) (1024K)]
  0x0000018892611d50 JavaThread "Common-Cleaner"             daemon [_thread_blocked, id=6640, stack(0x000000608a100000,0x000000608a200000) (1024K)]
  0x000001889260f5f0 JavaThread "Notification Thread"        daemon [_thread_blocked, id=40152, stack(0x000000608a300000,0x000000608a400000) (1024K)]
  0x00000188926116c0 JavaThread "Active Thread: Equinox Container: a605b71c-f5a7-4051-a65b-a0b70d09518b"        [_thread_blocked, id=37032, stack(0x000000608b900000,0x000000608ba00000) (1024K)]
  0x0000018892610310 JavaThread "Framework Event Dispatcher: Equinox Container: a605b71c-f5a7-4051-a65b-a0b70d09518b" daemon [_thread_blocked, id=45568, stack(0x000000608ba00000,0x000000608bb00000) (1024K)]
  0x00000188926109a0 JavaThread "Start Level: Equinox Container: a605b71c-f5a7-4051-a65b-a0b70d09518b" daemon [_thread_blocked, id=11796, stack(0x000000608bb00000,0x000000608bc00000) (1024K)]
  0x000001889260ef60 JavaThread "Bundle File Closer"         daemon [_thread_blocked, id=24024, stack(0x000000608c000000,0x000000608c100000) (1024K)]
  0x00000188926123e0 JavaThread "SCR Component Actor"        daemon [_thread_blocked, id=43248, stack(0x000000608c100000,0x000000608c200000) (1024K)]
  0x00000188db481ef0 JavaThread "SCR Component Registry"     daemon [_thread_blocked, id=35668, stack(0x000000608c200000,0x000000608c300000) (1024K)]
  0x00000188db47d6c0 JavaThread "EMF Reference Cleaner"      daemon [_thread_blocked, id=45480, stack(0x000000608c300000,0x000000608c400000) (1024K)]
  0x00000188db47fe20 JavaThread "Gogo shell"                        [_thread_blocked, id=29844, stack(0x000000608c400000,0x000000608c500000) (1024K)]
  0x00000188db483930 JavaThread "Worker-JM"                         [_thread_blocked, id=14492, stack(0x000000608c500000,0x000000608c600000) (1024K)]
  0x00000188db484650 JavaThread "FileSystemWatchService"     daemon [_thread_in_native, id=10156, stack(0x000000608cb00000,0x000000608cc00000) (1024K)]
  0x00000188db47f790 JavaThread "Thread-3"                          [_thread_blocked, id=35688, stack(0x000000608cc00000,0x000000608cd00000) (1024K)]
  0x00000188db4832a0 JavaThread "Worker-0: Update latest document version"        [_thread_in_native, id=45584, stack(0x000000608d300000,0x000000608d400000) (1024K)]
  0x00000188db483fc0 JavaThread "Java2D Disposer"            daemon [_thread_blocked, id=45716, stack(0x000000608d200000,0x000000608d300000) (1024K)]
  0x00000188db484ce0 JavaThread "StandaloneQueueProcessor"   daemon [_thread_blocked, id=26984, stack(0x000000608d400000,0x000000608d500000) (1024K)]
  0x00000188db482c10 JavaThread "AWT-Windows"                daemon [_thread_in_native, id=25880, stack(0x000000608d600000,0x000000608d700000) (1024K)]
  0x00000188db4811d0 JavaThread "Worker-1"                          [_thread_blocked, id=41384, stack(0x000000608d700000,0x000000608d800000) (1024K)]
  0x00000188db47e3e0 JavaThread "EventAdmin Async Event Dispatcher Thread" daemon [_thread_blocked, id=11020, stack(0x000000608d800000,0x000000608d900000) (1024K)]
  0x00000188db47f100 JavaThread "Worker-2: Update latest document version"        [_thread_in_native, id=26248, stack(0x000000608d900000,0x000000608da00000) (1024K)]
  0x00000188db4804b0 JavaThread "pool-2-thread-1"                   [_thread_blocked, id=45872, stack(0x000000608da00000,0x000000608db00000) (1024K)]
  0x00000188db480b40 JavaThread "pool-3-thread-1"                   [_thread_blocked, id=42892, stack(0x000000608db00000,0x000000608dc00000) (1024K)]
  0x00000188db481860 JavaThread "JNA Cleaner"                daemon [_thread_blocked, id=29156, stack(0x000000608dc00000,0x000000608dd00000) (1024K)]
  0x00000188db2759d0 JavaThread "Worker-3: Update latest document version"        [_thread_in_native, id=44240, stack(0x000000608de00000,0x000000608df00000) (1024K)]
  0x00000188db27a890 JavaThread "Worker-4: Update latest document version"        [_thread_in_native, id=45980, stack(0x000000608df00000,0x000000608e000000) (1024K)]
  0x00000188db27af20 JavaThread "Worker-5"                          [_thread_blocked, id=27060, stack(0x000000608e000000,0x000000608e100000) (1024K)]
  0x00000188db2787c0 JavaThread "Worker-6"                          [_thread_blocked, id=44576, stack(0x000000608d500000,0x000000608d600000) (1024K)]
  0x00000188db275340 JavaThread "Worker-7"                          [_thread_blocked, id=45260, stack(0x000000608e100000,0x000000608e200000) (1024K)]
  0x00000188926d3c00 JavaThread "C1 CompilerThread2"         daemon [_thread_blocked, id=43096, stack(0x0000006089f00000,0x000000608a000000) (1024K)]
  0x00000188ddcf6690 JavaThread "chromium-EDT"               daemon [_thread_blocked, id=5352, stack(0x000000608a400000,0x000000608a500000) (1024K)]
Total: 41

Other Threads:
  0x00000188fffbe560 VMThread "VM Thread"                           [id=21988, stack(0x0000006089400000,0x0000006089500000) (1024K)]
  0x00000188925c1270 WatcherThread "VM Periodic Task Thread"        [id=5616, stack(0x0000006089300000,0x0000006089400000) (1024K)]
  0x00000188f78db1d0 WorkerThread "GC Thread#0"                     [id=19248, stack(0x0000006088e00000,0x0000006088f00000) (1024K)]
  0x00000188d86b47a0 WorkerThread "GC Thread#1"                     [id=24056, stack(0x000000608a700000,0x000000608a800000) (1024K)]
  0x00000188d86b4b40 WorkerThread "GC Thread#2"                     [id=44316, stack(0x000000608a800000,0x000000608a900000) (1024K)]
  0x00000188d92b8440 WorkerThread "GC Thread#3"                     [id=38300, stack(0x000000608a900000,0x000000608aa00000) (1024K)]
  0x00000188d92b87e0 WorkerThread "GC Thread#4"                     [id=5576, stack(0x000000608aa00000,0x000000608ab00000) (1024K)]
  0x00000188d8402a00 WorkerThread "GC Thread#5"                     [id=30956, stack(0x000000608ab00000,0x000000608ac00000) (1024K)]
  0x00000188d8403c20 WorkerThread "GC Thread#6"                     [id=44020, stack(0x000000608ac00000,0x000000608ad00000) (1024K)]
  0x00000188d84034e0 WorkerThread "GC Thread#7"                     [id=44532, stack(0x000000608ad00000,0x000000608ae00000) (1024K)]
  0x00000188d8403140 WorkerThread "GC Thread#8"                     [id=33684, stack(0x000000608ae00000,0x000000608af00000) (1024K)]
  0x00000188d8403fc0 WorkerThread "GC Thread#9"                     [id=18564, stack(0x000000608af00000,0x000000608b000000) (1024K)]
  0x00000188d8402da0 WorkerThread "GC Thread#10"                    [id=26716, stack(0x000000608b000000,0x000000608b100000) (1024K)]
  0x00000188d8403880 WorkerThread "GC Thread#11"                    [id=44700, stack(0x000000608b100000,0x000000608b200000) (1024K)]
  0x00000188d8402660 WorkerThread "GC Thread#12"                    [id=4028, stack(0x000000608b200000,0x000000608b300000) (1024K)]
  0x00000188d90f6fc0 WorkerThread "GC Thread#13"                    [id=40000, stack(0x000000608b300000,0x000000608b400000) (1024K)]
  0x00000188d90f7700 WorkerThread "GC Thread#14"                    [id=36732, stack(0x000000608b400000,0x000000608b500000) (1024K)]
  0x00000188d90f7aa0 WorkerThread "GC Thread#15"                    [id=36104, stack(0x000000608b500000,0x000000608b600000) (1024K)]
  0x00000188d90f4f20 WorkerThread "GC Thread#16"                    [id=7732, stack(0x000000608b600000,0x000000608b700000) (1024K)]
  0x00000188d90f7e40 WorkerThread "GC Thread#17"                    [id=40812, stack(0x000000608b700000,0x000000608b800000) (1024K)]
  0x00000188d90f6880 WorkerThread "GC Thread#18"                    [id=25292, stack(0x000000608b800000,0x000000608b900000) (1024K)]
  0x00000188d90f4b80 WorkerThread "GC Thread#19"                    [id=35256, stack(0x000000608bc00000,0x000000608bd00000) (1024K)]
  0x00000188d90f4440 WorkerThread "GC Thread#20"                    [id=22240, stack(0x000000608bd00000,0x000000608be00000) (1024K)]
  0x00000188d90f7360 WorkerThread "GC Thread#21"                    [id=164, stack(0x000000608be00000,0x000000608bf00000) (1024K)]
  0x00000188d90f47e0 WorkerThread "GC Thread#22"                    [id=18912, stack(0x000000608bf00000,0x000000608c000000) (1024K)]
  0x00000188f78e8a80 ConcurrentGCThread "G1 Main Marker"            [id=26872, stack(0x0000006088f00000,0x0000006089000000) (1024K)]
  0x00000188f78e9580 WorkerThread "G1 Conc#0"                       [id=45484, stack(0x0000006089000000,0x0000006089100000) (1024K)]
  0x00000188db289d90 WorkerThread "G1 Conc#1"                       [id=47032, stack(0x000000608c600000,0x000000608c700000) (1024K)]
  0x00000188db288430 WorkerThread "G1 Conc#2"                       [id=45344, stack(0x000000608c700000,0x000000608c800000) (1024K)]
  0x00000188db288b70 WorkerThread "G1 Conc#3"                       [id=13948, stack(0x000000608c800000,0x000000608c900000) (1024K)]
  0x00000188db2892b0 WorkerThread "G1 Conc#4"                       [id=5180, stack(0x000000608c900000,0x000000608ca00000) (1024K)]
  0x00000188db287cf0 WorkerThread "G1 Conc#5"                       [id=21240, stack(0x000000608ca00000,0x000000608cb00000) (1024K)]
  0x00000188fff05210 ConcurrentGCThread "G1 Refine#0"               [id=39744, stack(0x0000006089100000,0x0000006089200000) (1024K)]
  0x00000188fff05b90 ConcurrentGCThread "G1 Service"                [id=26652, stack(0x0000006089200000,0x0000006089300000) (1024K)]
Total: 34

Threads with active compile tasks:
C2 CompilerThread0  10567 14154       4       com.renesas.cdt.ddsc.internal.configurator.model.utils.BspConfigurationModuleDescriptionLoader::processOptionElement (426 bytes)
Total: 1

VM state: not at safepoint (normal execution)

VM Mutex/Monitor currently owned by a thread: None

Heap address: 0x0000000740000000, size: 3072 MB, Compressed Oops mode: Zero based, Oop shift amount: 3

CDS archive(s) mapped at: [0x0000018893000000-0x0000018893ba0000-0x0000018893ba0000), size 12189696, SharedBaseAddress: 0x0000018893000000, ArchiveRelocationMode: 1.
Compressed class space mapped at: 0x0000018894000000-0x00000188d4000000, reserved size: 1073741824
Narrow klass base: 0x0000018893000000, Narrow klass shift: 0, Narrow klass range: 0x100000000

GC Precious Log:
 CardTable entry size: 512
 Card Set container configuration: InlinePtr #cards 4 size 8 Array Of Cards #cards 16 size 48 Howl #buckets 8 coarsen threshold 3686 Howl Bitmap #cards 512 size 80 coarsen threshold 460 Card regions per heap region 1 cards per card region 4096
 CPUs: 32 total, 32 available
 Memory: 16103M
 Large Page Support: Disabled
 NUMA Support: Disabled
 Compressed Oops: Enabled (Zero based)
 Heap Region Size: 2M
 Heap Min Capacity: 512M
 Heap Initial Capacity: 512M
 Heap Max Capacity: 3G
 Pre-touch: Disabled
 Parallel Workers: 23
 Concurrent Workers: 6
 Concurrent Refinement Workers: 23
 Periodic GC: Disabled
 String Deduplication is enabled

Heap:
 garbage-first heap   total 995328K, used 548864K [0x0000000740000000, 0x0000000800000000)
  region size 2048K, 38 young (77824K), 21 survivors (43008K)
 Metaspace       used 75141K, committed 77696K, reserved 1179648K
  class space    used 8577K, committed 9600K, reserved 1048576K

Heap Regions: E=young(eden), S=young(survivor), O=old, HS=humongous(starts), HC=humongous(continues), CS=collection set, F=free, TAMS=top-at-mark-start, PB=parsable bottom
|   0|0x0000000740000000, 0x0000000740200000, 0x0000000740200000|100%| O|  |TAMS 0x0000000740000000| PB 0x0000000740000000| Untracked 
|   1|0x0000000740200000, 0x0000000740400000, 0x0000000740400000|100%| O|  |TAMS 0x0000000740200000| PB 0x0000000740200000| Untracked 
|   2|0x0000000740400000, 0x0000000740600000, 0x0000000740600000|100%| O|  |TAMS 0x0000000740400000| PB 0x0000000740400000| Untracked 
|   3|0x0000000740600000, 0x0000000740800000, 0x0000000740800000|100%| O|  |TAMS 0x0000000740600000| PB 0x0000000740600000| Untracked 
|   4|0x0000000740800000, 0x0000000740a00000, 0x0000000740a00000|100%| O|  |TAMS 0x0000000740800000| PB 0x0000000740800000| Untracked 
|   5|0x0000000740a00000, 0x0000000740c00000, 0x0000000740c00000|100%| O|  |TAMS 0x0000000740a00000| PB 0x0000000740a00000| Untracked 
|   6|0x0000000740c00000, 0x0000000740e00000, 0x0000000740e00000|100%| O|  |TAMS 0x0000000740c00000| PB 0x0000000740c00000| Untracked 
|   7|0x0000000740e00000, 0x0000000741000000, 0x0000000741000000|100%| O|  |TAMS 0x0000000740e00000| PB 0x0000000740e00000| Untracked 
|   8|0x0000000741000000, 0x0000000741200000, 0x0000000741200000|100%| O|  |TAMS 0x0000000741000000| PB 0x0000000741000000| Untracked 
|   9|0x0000000741200000, 0x0000000741400000, 0x0000000741400000|100%| O|  |TAMS 0x0000000741200000| PB 0x0000000741200000| Untracked 
|  10|0x0000000741400000, 0x0000000741600000, 0x0000000741600000|100%| O|  |TAMS 0x0000000741400000| PB 0x0000000741400000| Untracked 
|  11|0x0000000741600000, 0x0000000741800000, 0x0000000741800000|100%| O|  |TAMS 0x0000000741600000| PB 0x0000000741600000| Untracked 
|  12|0x0000000741800000, 0x0000000741a00000, 0x0000000741a00000|100%| O|  |TAMS 0x0000000741800000| PB 0x0000000741800000| Untracked 
|  13|0x0000000741a00000, 0x0000000741c00000, 0x0000000741c00000|100%| O|  |TAMS 0x0000000741a00000| PB 0x0000000741a00000| Untracked 
|  14|0x0000000741c00000, 0x0000000741e00000, 0x0000000741e00000|100%| O|  |TAMS 0x0000000741c00000| PB 0x0000000741c00000| Untracked 
|  15|0x0000000741e00000, 0x0000000742000000, 0x0000000742000000|100%| O|  |TAMS 0x0000000741e00000| PB 0x0000000741e00000| Untracked 
|  16|0x0000000742000000, 0x0000000742200000, 0x0000000742200000|100%| O|  |TAMS 0x0000000742000000| PB 0x0000000742000000| Untracked 
|  17|0x0000000742200000, 0x0000000742400000, 0x0000000742400000|100%| O|  |TAMS 0x0000000742200000| PB 0x0000000742200000| Untracked 
|  18|0x0000000742400000, 0x0000000742600000, 0x0000000742600000|100%| O|  |TAMS 0x0000000742400000| PB 0x0000000742400000| Untracked 
|  19|0x0000000742600000, 0x0000000742800000, 0x0000000742800000|100%| O|  |TAMS 0x0000000742600000| PB 0x0000000742600000| Untracked 
|  20|0x0000000742800000, 0x0000000742a00000, 0x0000000742a00000|100%| O|  |TAMS 0x0000000742800000| PB 0x0000000742800000| Untracked 
|  21|0x0000000742a00000, 0x0000000742c00000, 0x0000000742c00000|100%| O|  |TAMS 0x0000000742a00000| PB 0x0000000742a00000| Untracked 
|  22|0x0000000742c00000, 0x0000000742e00000, 0x0000000742e00000|100%| O|  |TAMS 0x0000000742c00000| PB 0x0000000742c00000| Untracked 
|  23|0x0000000742e00000, 0x0000000743000000, 0x0000000743000000|100%| O|Cm|TAMS 0x0000000742e00000| PB 0x0000000742e00000| Complete 
|  24|0x0000000743000000, 0x0000000743200000, 0x0000000743200000|100%| O|  |TAMS 0x0000000743000000| PB 0x0000000743000000| Untracked 
|  25|0x0000000743200000, 0x0000000743400000, 0x0000000743400000|100%| O|  |TAMS 0x0000000743200000| PB 0x0000000743200000| Untracked 
|  26|0x0000000743400000, 0x0000000743600000, 0x0000000743600000|100%| O|  |TAMS 0x0000000743400000| PB 0x0000000743400000| Untracked 
|  27|0x0000000743600000, 0x0000000743800000, 0x0000000743800000|100%| O|  |TAMS 0x0000000743600000| PB 0x0000000743600000| Untracked 
|  28|0x0000000743800000, 0x0000000743a00000, 0x0000000743a00000|100%| O|  |TAMS 0x0000000743800000| PB 0x0000000743800000| Untracked 
|  29|0x0000000743a00000, 0x0000000743c00000, 0x0000000743c00000|100%| O|  |TAMS 0x0000000743a00000| PB 0x0000000743a00000| Untracked 
|  30|0x0000000743c00000, 0x0000000743e00000, 0x0000000743e00000|100%| O|  |TAMS 0x0000000743c00000| PB 0x0000000743c00000| Untracked 
|  31|0x0000000743e00000, 0x0000000744000000, 0x0000000744000000|100%| O|  |TAMS 0x0000000743e00000| PB 0x0000000743e00000| Untracked 
|  32|0x0000000744000000, 0x0000000744200000, 0x0000000744200000|100%| O|  |TAMS 0x0000000744000000| PB 0x0000000744000000| Untracked 
|  33|0x0000000744200000, 0x0000000744400000, 0x0000000744400000|100%| O|  |TAMS 0x0000000744200000| PB 0x0000000744200000| Untracked 
|  34|0x0000000744400000, 0x0000000744600000, 0x0000000744600000|100%| O|  |TAMS 0x0000000744400000| PB 0x0000000744400000| Untracked 
|  35|0x0000000744600000, 0x0000000744800000, 0x0000000744800000|100%| O|  |TAMS 0x0000000744600000| PB 0x0000000744600000| Untracked 
|  36|0x0000000744800000, 0x0000000744a00000, 0x0000000744a00000|100%| O|  |TAMS 0x0000000744800000| PB 0x0000000744800000| Untracked 
|  37|0x0000000744a00000, 0x0000000744c00000, 0x0000000744c00000|100%| O|  |TAMS 0x0000000744a00000| PB 0x0000000744a00000| Untracked 
|  38|0x0000000744c00000, 0x0000000744e00000, 0x0000000744e00000|100%| O|  |TAMS 0x0000000744c00000| PB 0x0000000744c00000| Untracked 
|  39|0x0000000744e00000, 0x0000000745000000, 0x0000000745000000|100%| O|  |TAMS 0x0000000744e00000| PB 0x0000000744e00000| Untracked 
|  40|0x0000000745000000, 0x0000000745200000, 0x0000000745200000|100%| O|  |TAMS 0x0000000745000000| PB 0x0000000745000000| Untracked 
|  41|0x0000000745200000, 0x0000000745400000, 0x0000000745400000|100%| O|  |TAMS 0x0000000745200000| PB 0x0000000745200000| Untracked 
|  42|0x0000000745400000, 0x0000000745600000, 0x0000000745600000|100%| O|  |TAMS 0x0000000745400000| PB 0x0000000745400000| Untracked 
|  43|0x0000000745600000, 0x0000000745800000, 0x0000000745800000|100%| O|  |TAMS 0x0000000745600000| PB 0x0000000745600000| Untracked 
|  44|0x0000000745800000, 0x0000000745a00000, 0x0000000745a00000|100%| O|  |TAMS 0x0000000745800000| PB 0x0000000745800000| Untracked 
|  45|0x0000000745a00000, 0x0000000745c00000, 0x0000000745c00000|100%| O|  |TAMS 0x0000000745a00000| PB 0x0000000745a00000| Untracked 
|  46|0x0000000745c00000, 0x0000000745e00000, 0x0000000745e00000|100%| O|  |TAMS 0x0000000745c00000| PB 0x0000000745c00000| Untracked 
|  47|0x0000000745e00000, 0x0000000746000000, 0x0000000746000000|100%| O|  |TAMS 0x0000000745e00000| PB 0x0000000745e00000| Untracked 
|  48|0x0000000746000000, 0x0000000746200000, 0x0000000746200000|100%| O|  |TAMS 0x0000000746000000| PB 0x0000000746000000| Untracked 
|  49|0x0000000746200000, 0x0000000746400000, 0x0000000746400000|100%| O|  |TAMS 0x0000000746200000| PB 0x0000000746200000| Untracked 
|  50|0x0000000746400000, 0x0000000746600000, 0x0000000746600000|100%| O|  |TAMS 0x0000000746400000| PB 0x0000000746400000| Untracked 
|  51|0x0000000746600000, 0x0000000746800000, 0x0000000746800000|100%| O|  |TAMS 0x0000000746600000| PB 0x0000000746600000| Untracked 
|  52|0x0000000746800000, 0x0000000746a00000, 0x0000000746a00000|100%| O|  |TAMS 0x0000000746800000| PB 0x0000000746800000| Untracked 
|  53|0x0000000746a00000, 0x0000000746c00000, 0x0000000746c00000|100%| O|  |TAMS 0x0000000746a00000| PB 0x0000000746a00000| Untracked 
|  54|0x0000000746c00000, 0x0000000746e00000, 0x0000000746e00000|100%| O|  |TAMS 0x0000000746c00000| PB 0x0000000746c00000| Untracked 
|  55|0x0000000746e00000, 0x0000000747000000, 0x0000000747000000|100%| O|  |TAMS 0x0000000746e00000| PB 0x0000000746e00000| Untracked 
|  56|0x0000000747000000, 0x0000000747200000, 0x0000000747200000|100%| O|  |TAMS 0x0000000747000000| PB 0x0000000747000000| Untracked 
|  57|0x0000000747200000, 0x0000000747400000, 0x0000000747400000|100%| O|  |TAMS 0x0000000747200000| PB 0x0000000747200000| Untracked 
|  58|0x0000000747400000, 0x0000000747600000, 0x0000000747600000|100%| O|  |TAMS 0x0000000747400000| PB 0x0000000747400000| Untracked 
|  59|0x0000000747600000, 0x0000000747800000, 0x0000000747800000|100%| O|  |TAMS 0x0000000747600000| PB 0x0000000747600000| Untracked 
|  60|0x0000000747800000, 0x0000000747a00000, 0x0000000747a00000|100%| O|  |TAMS 0x0000000747800000| PB 0x0000000747800000| Untracked 
|  61|0x0000000747a00000, 0x0000000747c00000, 0x0000000747c00000|100%| O|  |TAMS 0x0000000747a00000| PB 0x0000000747a00000| Untracked 
|  62|0x0000000747c00000, 0x0000000747e00000, 0x0000000747e00000|100%| O|  |TAMS 0x0000000747c00000| PB 0x0000000747c00000| Untracked 
|  63|0x0000000747e00000, 0x0000000748000000, 0x0000000748000000|100%| O|  |TAMS 0x0000000747e00000| PB 0x0000000747e00000| Untracked 
|  64|0x0000000748000000, 0x0000000748200000, 0x0000000748200000|100%| O|  |TAMS 0x0000000748000000| PB 0x0000000748000000| Untracked 
|  65|0x0000000748200000, 0x0000000748400000, 0x0000000748400000|100%| O|Cm|TAMS 0x0000000748200000| PB 0x0000000748200000| Complete 
|  66|0x0000000748400000, 0x0000000748600000, 0x0000000748600000|100%| O|Cm|TAMS 0x0000000748400000| PB 0x0000000748400000| Complete 
|  67|0x0000000748600000, 0x0000000748800000, 0x0000000748800000|100%| O|Cm|TAMS 0x0000000748600000| PB 0x0000000748600000| Complete 
|  68|0x0000000748800000, 0x0000000748a00000, 0x0000000748a00000|100%| O|  |TAMS 0x0000000748800000| PB 0x0000000748800000| Untracked 
|  69|0x0000000748a00000, 0x0000000748c00000, 0x0000000748c00000|100%| O|  |TAMS 0x0000000748a00000| PB 0x0000000748a00000| Untracked 
|  70|0x0000000748c00000, 0x0000000748e00000, 0x0000000748e00000|100%| O|  |TAMS 0x0000000748c00000| PB 0x0000000748c00000| Untracked 
|  71|0x0000000748e00000, 0x0000000749000000, 0x0000000749000000|100%| O|  |TAMS 0x0000000748e00000| PB 0x0000000748e00000| Untracked 
|  72|0x0000000749000000, 0x0000000749200000, 0x0000000749200000|100%| O|  |TAMS 0x0000000749000000| PB 0x0000000749000000| Untracked 
|  73|0x0000000749200000, 0x0000000749400000, 0x0000000749400000|100%| O|  |TAMS 0x0000000749200000| PB 0x0000000749200000| Untracked 
|  74|0x0000000749400000, 0x0000000749600000, 0x0000000749600000|100%| O|  |TAMS 0x0000000749400000| PB 0x0000000749400000| Untracked 
|  75|0x0000000749600000, 0x0000000749800000, 0x0000000749800000|100%| O|  |TAMS 0x0000000749600000| PB 0x0000000749600000| Untracked 
|  76|0x0000000749800000, 0x0000000749a00000, 0x0000000749a00000|100%| O|  |TAMS 0x0000000749800000| PB 0x0000000749800000| Untracked 
|  77|0x0000000749a00000, 0x0000000749c00000, 0x0000000749c00000|100%| O|  |TAMS 0x0000000749a00000| PB 0x0000000749a00000| Untracked 
|  78|0x0000000749c00000, 0x0000000749e00000, 0x0000000749e00000|100%| O|  |TAMS 0x0000000749c00000| PB 0x0000000749c00000| Untracked 
|  79|0x0000000749e00000, 0x000000074a000000, 0x000000074a000000|100%| O|  |TAMS 0x0000000749e00000| PB 0x0000000749e00000| Untracked 
|  80|0x000000074a000000, 0x000000074a200000, 0x000000074a200000|100%| O|  |TAMS 0x000000074a000000| PB 0x000000074a000000| Untracked 
|  81|0x000000074a200000, 0x000000074a400000, 0x000000074a400000|100%| O|  |TAMS 0x000000074a200000| PB 0x000000074a200000| Untracked 
|  82|0x000000074a400000, 0x000000074a600000, 0x000000074a600000|100%| O|  |TAMS 0x000000074a400000| PB 0x000000074a400000| Untracked 
|  83|0x000000074a600000, 0x000000074a800000, 0x000000074a800000|100%| O|  |TAMS 0x000000074a600000| PB 0x000000074a600000| Untracked 
|  84|0x000000074a800000, 0x000000074aa00000, 0x000000074aa00000|100%| O|  |TAMS 0x000000074a800000| PB 0x000000074a800000| Untracked 
|  85|0x000000074aa00000, 0x000000074ac00000, 0x000000074ac00000|100%| O|  |TAMS 0x000000074aa00000| PB 0x000000074aa00000| Untracked 
|  86|0x000000074ac00000, 0x000000074ae00000, 0x000000074ae00000|100%| O|  |TAMS 0x000000074ac00000| PB 0x000000074ac00000| Untracked 
|  87|0x000000074ae00000, 0x000000074b000000, 0x000000074b000000|100%| O|  |TAMS 0x000000074ae00000| PB 0x000000074ae00000| Untracked 
|  88|0x000000074b000000, 0x000000074b200000, 0x000000074b200000|100%| O|  |TAMS 0x000000074b000000| PB 0x000000074b000000| Untracked 
|  89|0x000000074b200000, 0x000000074b400000, 0x000000074b400000|100%| O|  |TAMS 0x000000074b200000| PB 0x000000074b200000| Untracked 
|  90|0x000000074b400000, 0x000000074b600000, 0x000000074b600000|100%| O|  |TAMS 0x000000074b400000| PB 0x000000074b400000| Untracked 
|  91|0x000000074b600000, 0x000000074b800000, 0x000000074b800000|100%| O|  |TAMS 0x000000074b600000| PB 0x000000074b600000| Untracked 
|  92|0x000000074b800000, 0x000000074ba00000, 0x000000074ba00000|100%| O|  |TAMS 0x000000074b800000| PB 0x000000074b800000| Untracked 
|  93|0x000000074ba00000, 0x000000074bc00000, 0x000000074bc00000|100%| O|  |TAMS 0x000000074ba00000| PB 0x000000074ba00000| Untracked 
|  94|0x000000074bc00000, 0x000000074be00000, 0x000000074be00000|100%| O|  |TAMS 0x000000074bc00000| PB 0x000000074bc00000| Untracked 
|  95|0x000000074be00000, 0x000000074c000000, 0x000000074c000000|100%| O|  |TAMS 0x000000074be00000| PB 0x000000074be00000| Untracked 
|  96|0x000000074c000000, 0x000000074c200000, 0x000000074c200000|100%| O|  |TAMS 0x000000074c000000| PB 0x000000074c000000| Untracked 
|  97|0x000000074c200000, 0x000000074c400000, 0x000000074c400000|100%| O|  |TAMS 0x000000074c200000| PB 0x000000074c200000| Untracked 
|  98|0x000000074c400000, 0x000000074c600000, 0x000000074c600000|100%| O|  |TAMS 0x000000074c400000| PB 0x000000074c400000| Untracked 
|  99|0x000000074c600000, 0x000000074c800000, 0x000000074c800000|100%| O|  |TAMS 0x000000074c600000| PB 0x000000074c600000| Untracked 
| 100|0x000000074c800000, 0x000000074ca00000, 0x000000074ca00000|100%| O|  |TAMS 0x000000074c800000| PB 0x000000074c800000| Untracked 
| 101|0x000000074ca00000, 0x000000074cc00000, 0x000000074cc00000|100%| O|  |TAMS 0x000000074ca00000| PB 0x000000074ca00000| Untracked 
| 102|0x000000074cc00000, 0x000000074ce00000, 0x000000074ce00000|100%| O|  |TAMS 0x000000074cc00000| PB 0x000000074cc00000| Untracked 
| 103|0x000000074ce00000, 0x000000074d000000, 0x000000074d000000|100%| O|  |TAMS 0x000000074ce00000| PB 0x000000074ce00000| Untracked 
| 104|0x000000074d000000, 0x000000074d200000, 0x000000074d200000|100%| O|  |TAMS 0x000000074d000000| PB 0x000000074d000000| Untracked 
| 105|0x000000074d200000, 0x000000074d400000, 0x000000074d400000|100%| O|  |TAMS 0x000000074d200000| PB 0x000000074d200000| Untracked 
| 106|0x000000074d400000, 0x000000074d600000, 0x000000074d600000|100%| O|  |TAMS 0x000000074d400000| PB 0x000000074d400000| Untracked 
| 107|0x000000074d600000, 0x000000074d800000, 0x000000074d800000|100%| O|  |TAMS 0x000000074d600000| PB 0x000000074d600000| Untracked 
| 108|0x000000074d800000, 0x000000074da00000, 0x000000074da00000|100%| O|  |TAMS 0x000000074d800000| PB 0x000000074d800000| Untracked 
| 109|0x000000074da00000, 0x000000074dc00000, 0x000000074dc00000|100%| O|  |TAMS 0x000000074da00000| PB 0x000000074da00000| Untracked 
| 110|0x000000074dc00000, 0x000000074de00000, 0x000000074de00000|100%| O|  |TAMS 0x000000074dc00000| PB 0x000000074dc00000| Untracked 
| 111|0x000000074de00000, 0x000000074e000000, 0x000000074e000000|100%| O|  |TAMS 0x000000074de00000| PB 0x000000074de00000| Untracked 
| 112|0x000000074e000000, 0x000000074e200000, 0x000000074e200000|100%| O|  |TAMS 0x000000074e000000| PB 0x000000074e000000| Untracked 
| 113|0x000000074e200000, 0x000000074e400000, 0x000000074e400000|100%| O|  |TAMS 0x000000074e200000| PB 0x000000074e200000| Untracked 
| 114|0x000000074e400000, 0x000000074e600000, 0x000000074e600000|100%| O|  |TAMS 0x000000074e400000| PB 0x000000074e400000| Untracked 
| 115|0x000000074e600000, 0x000000074e800000, 0x000000074e800000|100%| O|  |TAMS 0x000000074e600000| PB 0x000000074e600000| Untracked 
| 116|0x000000074e800000, 0x000000074ea00000, 0x000000074ea00000|100%| O|  |TAMS 0x000000074e800000| PB 0x000000074e800000| Untracked 
| 117|0x000000074ea00000, 0x000000074ec00000, 0x000000074ec00000|100%| O|  |TAMS 0x000000074ea00000| PB 0x000000074ea00000| Untracked 
| 118|0x000000074ec00000, 0x000000074ee00000, 0x000000074ee00000|100%| O|  |TAMS 0x000000074ec00000| PB 0x000000074ec00000| Untracked 
| 119|0x000000074ee00000, 0x000000074f000000, 0x000000074f000000|100%| O|  |TAMS 0x000000074ee00000| PB 0x000000074ee00000| Untracked 
| 120|0x000000074f000000, 0x000000074f200000, 0x000000074f200000|100%| O|  |TAMS 0x000000074f000000| PB 0x000000074f000000| Untracked 
| 121|0x000000074f200000, 0x000000074f400000, 0x000000074f400000|100%| O|  |TAMS 0x000000074f200000| PB 0x000000074f200000| Untracked 
| 122|0x000000074f400000, 0x000000074f600000, 0x000000074f600000|100%| O|  |TAMS 0x000000074f400000| PB 0x000000074f400000| Untracked 
| 123|0x000000074f600000, 0x000000074f800000, 0x000000074f800000|100%| O|  |TAMS 0x000000074f600000| PB 0x000000074f600000| Untracked 
| 124|0x000000074f800000, 0x000000074fa00000, 0x000000074fa00000|100%| O|  |TAMS 0x000000074f800000| PB 0x000000074f800000| Untracked 
| 125|0x000000074fa00000, 0x000000074fc00000, 0x000000074fc00000|100%| O|  |TAMS 0x000000074fa00000| PB 0x000000074fa00000| Untracked 
| 126|0x000000074fc00000, 0x000000074fe00000, 0x000000074fe00000|100%| O|  |TAMS 0x000000074fc00000| PB 0x000000074fc00000| Untracked 
| 127|0x000000074fe00000, 0x0000000750000000, 0x0000000750000000|100%| O|  |TAMS 0x000000074fe00000| PB 0x000000074fe00000| Untracked 
| 128|0x0000000750000000, 0x0000000750200000, 0x0000000750200000|100%| O|  |TAMS 0x0000000750000000| PB 0x0000000750000000| Untracked 
| 129|0x0000000750200000, 0x0000000750400000, 0x0000000750400000|100%| O|  |TAMS 0x0000000750200000| PB 0x0000000750200000| Untracked 
| 130|0x0000000750400000, 0x0000000750600000, 0x0000000750600000|100%| O|  |TAMS 0x0000000750400000| PB 0x0000000750400000| Untracked 
| 131|0x0000000750600000, 0x0000000750800000, 0x0000000750800000|100%| O|  |TAMS 0x0000000750600000| PB 0x0000000750600000| Untracked 
| 132|0x0000000750800000, 0x0000000750a00000, 0x0000000750a00000|100%| O|  |TAMS 0x0000000750800000| PB 0x0000000750800000| Untracked 
| 133|0x0000000750a00000, 0x0000000750c00000, 0x0000000750c00000|100%| O|Cm|TAMS 0x0000000750a00000| PB 0x0000000750a00000| Complete 
| 134|0x0000000750c00000, 0x0000000750e00000, 0x0000000750e00000|100%| O|  |TAMS 0x0000000750c00000| PB 0x0000000750c00000| Untracked 
| 135|0x0000000750e00000, 0x0000000751000000, 0x0000000751000000|100%| O|  |TAMS 0x0000000750e00000| PB 0x0000000750e00000| Untracked 
| 136|0x0000000751000000, 0x0000000751200000, 0x0000000751200000|100%| O|Cm|TAMS 0x0000000751000000| PB 0x0000000751000000| Complete 
| 137|0x0000000751200000, 0x0000000751400000, 0x0000000751400000|100%| O|  |TAMS 0x0000000751200000| PB 0x0000000751200000| Untracked 
| 138|0x0000000751400000, 0x0000000751600000, 0x0000000751600000|100%| O|Cm|TAMS 0x0000000751400000| PB 0x0000000751400000| Complete 
| 139|0x0000000751600000, 0x0000000751800000, 0x0000000751800000|100%| O|Cm|TAMS 0x0000000751600000| PB 0x0000000751600000| Complete 
| 140|0x0000000751800000, 0x0000000751a00000, 0x0000000751a00000|100%| O|Cm|TAMS 0x0000000751800000| PB 0x0000000751800000| Complete 
| 141|0x0000000751a00000, 0x0000000751c00000, 0x0000000751c00000|100%| O|  |TAMS 0x0000000751a00000| PB 0x0000000751a00000| Untracked 
| 142|0x0000000751c00000, 0x0000000751e00000, 0x0000000751e00000|100%| O|  |TAMS 0x0000000751c00000| PB 0x0000000751c00000| Untracked 
| 143|0x0000000751e00000, 0x0000000752000000, 0x0000000752000000|100%| O|  |TAMS 0x0000000751e00000| PB 0x0000000751e00000| Untracked 
| 144|0x0000000752000000, 0x0000000752200000, 0x0000000752200000|100%| O|  |TAMS 0x0000000752000000| PB 0x0000000752000000| Untracked 
| 145|0x0000000752200000, 0x0000000752400000, 0x0000000752400000|100%| O|  |TAMS 0x0000000752200000| PB 0x0000000752200000| Untracked 
| 146|0x0000000752400000, 0x0000000752600000, 0x0000000752600000|100%| O|  |TAMS 0x0000000752400000| PB 0x0000000752400000| Untracked 
| 147|0x0000000752600000, 0x0000000752800000, 0x0000000752800000|100%| O|  |TAMS 0x0000000752600000| PB 0x0000000752600000| Untracked 
| 148|0x0000000752800000, 0x0000000752a00000, 0x0000000752a00000|100%| O|  |TAMS 0x0000000752800000| PB 0x0000000752800000| Untracked 
| 149|0x0000000752a00000, 0x0000000752c00000, 0x0000000752c00000|100%| O|  |TAMS 0x0000000752a00000| PB 0x0000000752a00000| Untracked 
| 150|0x0000000752c00000, 0x0000000752e00000, 0x0000000752e00000|100%| O|  |TAMS 0x0000000752c00000| PB 0x0000000752c00000| Untracked 
| 151|0x0000000752e00000, 0x0000000753000000, 0x0000000753000000|100%| O|  |TAMS 0x0000000752e00000| PB 0x0000000752e00000| Untracked 
| 152|0x0000000753000000, 0x0000000753200000, 0x0000000753200000|100%| O|  |TAMS 0x0000000753000000| PB 0x0000000753000000| Untracked 
| 153|0x0000000753200000, 0x0000000753400000, 0x0000000753400000|100%| O|  |TAMS 0x0000000753200000| PB 0x0000000753200000| Untracked 
| 154|0x0000000753400000, 0x0000000753600000, 0x0000000753600000|100%| O|  |TAMS 0x0000000753400000| PB 0x0000000753400000| Untracked 
| 155|0x0000000753600000, 0x0000000753800000, 0x0000000753800000|100%| O|  |TAMS 0x0000000753600000| PB 0x0000000753600000| Untracked 
| 156|0x0000000753800000, 0x0000000753a00000, 0x0000000753a00000|100%| O|  |TAMS 0x0000000753800000| PB 0x0000000753800000| Untracked 
| 157|0x0000000753a00000, 0x0000000753c00000, 0x0000000753c00000|100%| O|  |TAMS 0x0000000753a00000| PB 0x0000000753a00000| Untracked 
| 158|0x0000000753c00000, 0x0000000753e00000, 0x0000000753e00000|100%| O|  |TAMS 0x0000000753c00000| PB 0x0000000753c00000| Untracked 
| 159|0x0000000753e00000, 0x0000000754000000, 0x0000000754000000|100%| O|  |TAMS 0x0000000753e00000| PB 0x0000000753e00000| Untracked 
| 160|0x0000000754000000, 0x0000000754200000, 0x0000000754200000|100%| O|  |TAMS 0x0000000754000000| PB 0x0000000754000000| Untracked 
| 161|0x0000000754200000, 0x0000000754400000, 0x0000000754400000|100%| O|  |TAMS 0x0000000754200000| PB 0x0000000754200000| Untracked 
| 162|0x0000000754400000, 0x0000000754600000, 0x0000000754600000|100%| O|  |TAMS 0x0000000754400000| PB 0x0000000754400000| Untracked 
| 163|0x0000000754600000, 0x0000000754800000, 0x0000000754800000|100%| O|  |TAMS 0x0000000754600000| PB 0x0000000754600000| Untracked 
| 164|0x0000000754800000, 0x0000000754a00000, 0x0000000754a00000|100%| O|  |TAMS 0x0000000754800000| PB 0x0000000754800000| Untracked 
| 165|0x0000000754a00000, 0x0000000754c00000, 0x0000000754c00000|100%| O|  |TAMS 0x0000000754a00000| PB 0x0000000754a00000| Untracked 
| 166|0x0000000754c00000, 0x0000000754e00000, 0x0000000754e00000|100%| O|  |TAMS 0x0000000754c00000| PB 0x0000000754c00000| Untracked 
| 167|0x0000000754e00000, 0x0000000755000000, 0x0000000755000000|100%| O|  |TAMS 0x0000000754e00000| PB 0x0000000754e00000| Untracked 
| 168|0x0000000755000000, 0x0000000755200000, 0x0000000755200000|100%| O|  |TAMS 0x0000000755000000| PB 0x0000000755000000| Untracked 
| 169|0x0000000755200000, 0x0000000755400000, 0x0000000755400000|100%| O|  |TAMS 0x0000000755200000| PB 0x0000000755200000| Untracked 
| 170|0x0000000755400000, 0x0000000755600000, 0x0000000755600000|100%| O|  |TAMS 0x0000000755400000| PB 0x0000000755400000| Untracked 
| 171|0x0000000755600000, 0x0000000755800000, 0x0000000755800000|100%| O|  |TAMS 0x0000000755600000| PB 0x0000000755600000| Untracked 
| 172|0x0000000755800000, 0x0000000755a00000, 0x0000000755a00000|100%| O|  |TAMS 0x0000000755800000| PB 0x0000000755800000| Untracked 
| 173|0x0000000755a00000, 0x0000000755c00000, 0x0000000755c00000|100%| O|  |TAMS 0x0000000755a00000| PB 0x0000000755a00000| Untracked 
| 174|0x0000000755c00000, 0x0000000755e00000, 0x0000000755e00000|100%| O|  |TAMS 0x0000000755c00000| PB 0x0000000755c00000| Untracked 
| 175|0x0000000755e00000, 0x0000000756000000, 0x0000000756000000|100%| O|  |TAMS 0x0000000755e00000| PB 0x0000000755e00000| Untracked 
| 176|0x0000000756000000, 0x0000000756200000, 0x0000000756200000|100%| O|  |TAMS 0x0000000756000000| PB 0x0000000756000000| Untracked 
| 177|0x0000000756200000, 0x0000000756400000, 0x0000000756400000|100%| O|  |TAMS 0x0000000756200000| PB 0x0000000756200000| Untracked 
| 178|0x0000000756400000, 0x0000000756600000, 0x0000000756600000|100%| O|  |TAMS 0x0000000756400000| PB 0x0000000756400000| Untracked 
| 179|0x0000000756600000, 0x0000000756800000, 0x0000000756800000|100%| O|  |TAMS 0x0000000756600000| PB 0x0000000756600000| Untracked 
| 180|0x0000000756800000, 0x0000000756a00000, 0x0000000756a00000|100%| O|  |TAMS 0x0000000756800000| PB 0x0000000756800000| Untracked 
| 181|0x0000000756a00000, 0x0000000756c00000, 0x0000000756c00000|100%| O|  |TAMS 0x0000000756a00000| PB 0x0000000756a00000| Untracked 
| 182|0x0000000756c00000, 0x0000000756e00000, 0x0000000756e00000|100%| O|  |TAMS 0x0000000756c00000| PB 0x0000000756c00000| Untracked 
| 183|0x0000000756e00000, 0x0000000756e00000, 0x0000000757000000|  0%| F|  |TAMS 0x0000000756e00000| PB 0x0000000756e00000| Untracked 
| 184|0x0000000757000000, 0x0000000757000000, 0x0000000757200000|  0%| F|  |TAMS 0x0000000757000000| PB 0x0000000757000000| Untracked 
| 185|0x0000000757200000, 0x0000000757200000, 0x0000000757400000|  0%| F|  |TAMS 0x0000000757200000| PB 0x0000000757200000| Untracked 
| 186|0x0000000757400000, 0x0000000757400000, 0x0000000757600000|  0%| F|  |TAMS 0x0000000757400000| PB 0x0000000757400000| Untracked 
| 187|0x0000000757600000, 0x0000000757600000, 0x0000000757800000|  0%| F|  |TAMS 0x0000000757600000| PB 0x0000000757600000| Untracked 
| 188|0x0000000757800000, 0x0000000757800000, 0x0000000757a00000|  0%| F|  |TAMS 0x0000000757800000| PB 0x0000000757800000| Untracked 
| 189|0x0000000757a00000, 0x0000000757a00000, 0x0000000757c00000|  0%| F|  |TAMS 0x0000000757a00000| PB 0x0000000757a00000| Untracked 
| 190|0x0000000757c00000, 0x0000000757c00000, 0x0000000757e00000|  0%| F|  |TAMS 0x0000000757c00000| PB 0x0000000757c00000| Untracked 
| 191|0x0000000757e00000, 0x0000000757e00000, 0x0000000758000000|  0%| F|  |TAMS 0x0000000757e00000| PB 0x0000000757e00000| Untracked 
| 192|0x0000000758000000, 0x0000000758000000, 0x0000000758200000|  0%| F|  |TAMS 0x0000000758000000| PB 0x0000000758000000| Untracked 
| 193|0x0000000758200000, 0x0000000758400000, 0x0000000758400000|100%| O|  |TAMS 0x0000000758200000| PB 0x0000000758200000| Untracked 
| 194|0x0000000758400000, 0x0000000758600000, 0x0000000758600000|100%| O|  |TAMS 0x0000000758400000| PB 0x0000000758400000| Untracked 
| 195|0x0000000758600000, 0x0000000758800000, 0x0000000758800000|100%| O|  |TAMS 0x0000000758600000| PB 0x0000000758600000| Untracked 
| 196|0x0000000758800000, 0x0000000758a00000, 0x0000000758a00000|100%| O|  |TAMS 0x0000000758800000| PB 0x0000000758800000| Untracked 
| 197|0x0000000758a00000, 0x0000000758c00000, 0x0000000758c00000|100%| O|  |TAMS 0x0000000758a00000| PB 0x0000000758a00000| Untracked 
| 198|0x0000000758c00000, 0x0000000758e00000, 0x0000000758e00000|100%| O|  |TAMS 0x0000000758c00000| PB 0x0000000758c00000| Untracked 
| 199|0x0000000758e00000, 0x0000000759000000, 0x0000000759000000|100%| O|  |TAMS 0x0000000758e00000| PB 0x0000000758e00000| Untracked 
| 200|0x0000000759000000, 0x0000000759200000, 0x0000000759200000|100%| O|  |TAMS 0x0000000759000000| PB 0x0000000759000000| Untracked 
| 201|0x0000000759200000, 0x0000000759400000, 0x0000000759400000|100%| O|  |TAMS 0x0000000759200000| PB 0x0000000759200000| Untracked 
| 202|0x0000000759400000, 0x0000000759600000, 0x0000000759600000|100%| O|  |TAMS 0x0000000759400000| PB 0x0000000759400000| Untracked 
| 203|0x0000000759600000, 0x0000000759800000, 0x0000000759800000|100%| O|  |TAMS 0x0000000759600000| PB 0x0000000759600000| Untracked 
| 204|0x0000000759800000, 0x0000000759a00000, 0x0000000759a00000|100%| O|  |TAMS 0x0000000759800000| PB 0x0000000759800000| Untracked 
| 205|0x0000000759a00000, 0x0000000759c00000, 0x0000000759c00000|100%| O|  |TAMS 0x0000000759a00000| PB 0x0000000759a00000| Untracked 
| 206|0x0000000759c00000, 0x0000000759e00000, 0x0000000759e00000|100%| O|  |TAMS 0x0000000759c00000| PB 0x0000000759c00000| Untracked 
| 207|0x0000000759e00000, 0x000000075a000000, 0x000000075a000000|100%| O|  |TAMS 0x0000000759e00000| PB 0x0000000759e00000| Untracked 
| 208|0x000000075a000000, 0x000000075a200000, 0x000000075a200000|100%| O|  |TAMS 0x000000075a000000| PB 0x000000075a000000| Untracked 
| 209|0x000000075a200000, 0x000000075a400000, 0x000000075a400000|100%| O|  |TAMS 0x000000075a200000| PB 0x000000075a200000| Untracked 
| 210|0x000000075a400000, 0x000000075a600000, 0x000000075a600000|100%| O|  |TAMS 0x000000075a400000| PB 0x000000075a400000| Untracked 
| 211|0x000000075a600000, 0x000000075a800000, 0x000000075a800000|100%| O|  |TAMS 0x000000075a600000| PB 0x000000075a600000| Untracked 
| 212|0x000000075a800000, 0x000000075aa00000, 0x000000075aa00000|100%| O|  |TAMS 0x000000075a800000| PB 0x000000075a800000| Untracked 
| 213|0x000000075aa00000, 0x000000075ac00000, 0x000000075ac00000|100%| O|  |TAMS 0x000000075aa00000| PB 0x000000075aa00000| Untracked 
| 214|0x000000075ac00000, 0x000000075ae00000, 0x000000075ae00000|100%| O|  |TAMS 0x000000075ac00000| PB 0x000000075ac00000| Untracked 
| 215|0x000000075ae00000, 0x000000075b000000, 0x000000075b000000|100%| O|  |TAMS 0x000000075ae00000| PB 0x000000075ae00000| Untracked 
| 216|0x000000075b000000, 0x000000075b200000, 0x000000075b200000|100%| O|  |TAMS 0x000000075b000000| PB 0x000000075b000000| Untracked 
| 217|0x000000075b200000, 0x000000075b400000, 0x000000075b400000|100%| O|  |TAMS 0x000000075b200000| PB 0x000000075b200000| Untracked 
| 218|0x000000075b400000, 0x000000075b600000, 0x000000075b600000|100%| O|  |TAMS 0x000000075b400000| PB 0x000000075b400000| Untracked 
| 219|0x000000075b600000, 0x000000075b800000, 0x000000075b800000|100%| O|  |TAMS 0x000000075b600000| PB 0x000000075b600000| Untracked 
| 220|0x000000075b800000, 0x000000075ba00000, 0x000000075ba00000|100%| O|  |TAMS 0x000000075b800000| PB 0x000000075b800000| Untracked 
| 221|0x000000075ba00000, 0x000000075bc00000, 0x000000075bc00000|100%| O|  |TAMS 0x000000075ba00000| PB 0x000000075ba00000| Untracked 
| 222|0x000000075bc00000, 0x000000075be00000, 0x000000075be00000|100%| O|  |TAMS 0x000000075bc00000| PB 0x000000075bc00000| Untracked 
| 223|0x000000075be00000, 0x000000075c000000, 0x000000075c000000|100%| O|  |TAMS 0x000000075be00000| PB 0x000000075be00000| Untracked 
| 224|0x000000075c000000, 0x000000075c200000, 0x000000075c200000|100%| O|  |TAMS 0x000000075c000000| PB 0x000000075c000000| Untracked 
| 225|0x000000075c200000, 0x000000075c400000, 0x000000075c400000|100%| O|  |TAMS 0x000000075c200000| PB 0x000000075c200000| Untracked 
| 226|0x000000075c400000, 0x000000075c600000, 0x000000075c600000|100%| O|  |TAMS 0x000000075c400000| PB 0x000000075c400000| Untracked 
| 227|0x000000075c600000, 0x000000075c800000, 0x000000075c800000|100%| O|  |TAMS 0x000000075c600000| PB 0x000000075c600000| Untracked 
| 228|0x000000075c800000, 0x000000075ca00000, 0x000000075ca00000|100%| O|  |TAMS 0x000000075c800000| PB 0x000000075c800000| Untracked 
| 229|0x000000075ca00000, 0x000000075cc00000, 0x000000075cc00000|100%| O|  |TAMS 0x000000075ca00000| PB 0x000000075ca00000| Untracked 
| 230|0x000000075cc00000, 0x000000075ce00000, 0x000000075ce00000|100%| O|  |TAMS 0x000000075cc00000| PB 0x000000075cc00000| Untracked 
| 231|0x000000075ce00000, 0x000000075d000000, 0x000000075d000000|100%| O|  |TAMS 0x000000075ce00000| PB 0x000000075ce00000| Untracked 
| 232|0x000000075d000000, 0x000000075d200000, 0x000000075d200000|100%| O|  |TAMS 0x000000075d000000| PB 0x000000075d000000| Untracked 
| 233|0x000000075d200000, 0x000000075d400000, 0x000000075d400000|100%| O|  |TAMS 0x000000075d200000| PB 0x000000075d200000| Untracked 
| 234|0x000000075d400000, 0x000000075d600000, 0x000000075d600000|100%| O|  |TAMS 0x000000075d400000| PB 0x000000075d400000| Untracked 
| 235|0x000000075d600000, 0x000000075d800000, 0x000000075d800000|100%| O|  |TAMS 0x000000075d600000| PB 0x000000075d600000| Untracked 
| 236|0x000000075d800000, 0x000000075da00000, 0x000000075da00000|100%| O|  |TAMS 0x000000075d800000| PB 0x000000075d800000| Untracked 
| 237|0x000000075da00000, 0x000000075dc00000, 0x000000075dc00000|100%| O|  |TAMS 0x000000075da00000| PB 0x000000075da00000| Untracked 
| 238|0x000000075dc00000, 0x000000075de00000, 0x000000075de00000|100%| O|  |TAMS 0x000000075dc00000| PB 0x000000075dc00000| Untracked 
| 239|0x000000075de00000, 0x000000075de00000, 0x000000075e000000|  0%| F|  |TAMS 0x000000075de00000| PB 0x000000075de00000| Untracked 
| 240|0x000000075e000000, 0x000000075e000000, 0x000000075e200000|  0%| F|  |TAMS 0x000000075e000000| PB 0x000000075e000000| Untracked 
| 241|0x000000075e200000, 0x000000075e200000, 0x000000075e400000|  0%| F|  |TAMS 0x000000075e200000| PB 0x000000075e200000| Untracked 
| 242|0x000000075e400000, 0x000000075e400000, 0x000000075e600000|  0%| F|  |TAMS 0x000000075e400000| PB 0x000000075e400000| Untracked 
| 243|0x000000075e600000, 0x000000075e600000, 0x000000075e800000|  0%| F|  |TAMS 0x000000075e600000| PB 0x000000075e600000| Untracked 
| 244|0x000000075e800000, 0x000000075e800000, 0x000000075ea00000|  0%| F|  |TAMS 0x000000075e800000| PB 0x000000075e800000| Untracked 
| 245|0x000000075ea00000, 0x000000075ea00000, 0x000000075ec00000|  0%| F|  |TAMS 0x000000075ea00000| PB 0x000000075ea00000| Untracked 
| 246|0x000000075ec00000, 0x000000075ec00000, 0x000000075ee00000|  0%| F|  |TAMS 0x000000075ec00000| PB 0x000000075ec00000| Untracked 
| 247|0x000000075ee00000, 0x000000075ee00000, 0x000000075f000000|  0%| F|  |TAMS 0x000000075ee00000| PB 0x000000075ee00000| Untracked 
| 248|0x000000075f000000, 0x000000075f000000, 0x000000075f200000|  0%| F|  |TAMS 0x000000075f000000| PB 0x000000075f000000| Untracked 
| 249|0x000000075f200000, 0x000000075f200000, 0x000000075f400000|  0%| F|  |TAMS 0x000000075f200000| PB 0x000000075f200000| Untracked 
| 250|0x000000075f400000, 0x000000075f400000, 0x000000075f600000|  0%| F|  |TAMS 0x000000075f400000| PB 0x000000075f400000| Untracked 
| 251|0x000000075f600000, 0x000000075f600000, 0x000000075f800000|  0%| F|  |TAMS 0x000000075f600000| PB 0x000000075f600000| Untracked 
| 252|0x000000075f800000, 0x000000075f800000, 0x000000075fa00000|  0%| F|  |TAMS 0x000000075f800000| PB 0x000000075f800000| Untracked 
| 253|0x000000075fa00000, 0x000000075fa00000, 0x000000075fc00000|  0%| F|  |TAMS 0x000000075fa00000| PB 0x000000075fa00000| Untracked 
| 254|0x000000075fc00000, 0x000000075fc00000, 0x000000075fe00000|  0%| F|  |TAMS 0x000000075fc00000| PB 0x000000075fc00000| Untracked 
| 255|0x000000075fe00000, 0x000000075fe00000, 0x0000000760000000|  0%| F|  |TAMS 0x000000075fe00000| PB 0x000000075fe00000| Untracked 
| 256|0x0000000760000000, 0x0000000760000000, 0x0000000760200000|  0%| F|  |TAMS 0x0000000760000000| PB 0x0000000760000000| Untracked 
| 257|0x0000000760200000, 0x0000000760200000, 0x0000000760400000|  0%| F|  |TAMS 0x0000000760200000| PB 0x0000000760200000| Untracked 
| 258|0x0000000760400000, 0x0000000760400000, 0x0000000760600000|  0%| F|  |TAMS 0x0000000760400000| PB 0x0000000760400000| Untracked 
| 259|0x0000000760600000, 0x0000000760600000, 0x0000000760800000|  0%| F|  |TAMS 0x0000000760600000| PB 0x0000000760600000| Untracked 
| 260|0x0000000760800000, 0x0000000760800000, 0x0000000760a00000|  0%| F|  |TAMS 0x0000000760800000| PB 0x0000000760800000| Untracked 
| 261|0x0000000760a00000, 0x0000000760a00000, 0x0000000760c00000|  0%| F|  |TAMS 0x0000000760a00000| PB 0x0000000760a00000| Untracked 
| 262|0x0000000760c00000, 0x0000000760c00000, 0x0000000760e00000|  0%| F|  |TAMS 0x0000000760c00000| PB 0x0000000760c00000| Untracked 
| 263|0x0000000760e00000, 0x0000000760e00000, 0x0000000761000000|  0%| F|  |TAMS 0x0000000760e00000| PB 0x0000000760e00000| Untracked 
| 264|0x0000000761000000, 0x0000000761000000, 0x0000000761200000|  0%| F|  |TAMS 0x0000000761000000| PB 0x0000000761000000| Untracked 
| 265|0x0000000761200000, 0x0000000761200000, 0x0000000761400000|  0%| F|  |TAMS 0x0000000761200000| PB 0x0000000761200000| Untracked 
| 266|0x0000000761400000, 0x0000000761400000, 0x0000000761600000|  0%| F|  |TAMS 0x0000000761400000| PB 0x0000000761400000| Untracked 
| 267|0x0000000761600000, 0x0000000761600000, 0x0000000761800000|  0%| F|  |TAMS 0x0000000761600000| PB 0x0000000761600000| Untracked 
| 268|0x0000000761800000, 0x0000000761800000, 0x0000000761a00000|  0%| F|  |TAMS 0x0000000761800000| PB 0x0000000761800000| Untracked 
| 269|0x0000000761a00000, 0x0000000761a00000, 0x0000000761c00000|  0%| F|  |TAMS 0x0000000761a00000| PB 0x0000000761a00000| Untracked 
| 270|0x0000000761c00000, 0x0000000761c00000, 0x0000000761e00000|  0%| F|  |TAMS 0x0000000761c00000| PB 0x0000000761c00000| Untracked 
| 271|0x0000000761e00000, 0x0000000761e00000, 0x0000000762000000|  0%| F|  |TAMS 0x0000000761e00000| PB 0x0000000761e00000| Untracked 
| 272|0x0000000762000000, 0x0000000762000000, 0x0000000762200000|  0%| F|  |TAMS 0x0000000762000000| PB 0x0000000762000000| Untracked 
| 273|0x0000000762200000, 0x0000000762200000, 0x0000000762400000|  0%| F|  |TAMS 0x0000000762200000| PB 0x0000000762200000| Untracked 
| 274|0x0000000762400000, 0x0000000762400000, 0x0000000762600000|  0%| F|  |TAMS 0x0000000762400000| PB 0x0000000762400000| Untracked 
| 275|0x0000000762600000, 0x0000000762600000, 0x0000000762800000|  0%| F|  |TAMS 0x0000000762600000| PB 0x0000000762600000| Untracked 
| 276|0x0000000762800000, 0x0000000762800000, 0x0000000762a00000|  0%| F|  |TAMS 0x0000000762800000| PB 0x0000000762800000| Untracked 
| 277|0x0000000762a00000, 0x0000000762a00000, 0x0000000762c00000|  0%| F|  |TAMS 0x0000000762a00000| PB 0x0000000762a00000| Untracked 
| 278|0x0000000762c00000, 0x0000000762c00000, 0x0000000762e00000|  0%| F|  |TAMS 0x0000000762c00000| PB 0x0000000762c00000| Untracked 
| 279|0x0000000762e00000, 0x0000000762e00000, 0x0000000763000000|  0%| F|  |TAMS 0x0000000762e00000| PB 0x0000000762e00000| Untracked 
| 280|0x0000000763000000, 0x0000000763000000, 0x0000000763200000|  0%| F|  |TAMS 0x0000000763000000| PB 0x0000000763000000| Untracked 
| 281|0x0000000763200000, 0x0000000763200000, 0x0000000763400000|  0%| F|  |TAMS 0x0000000763200000| PB 0x0000000763200000| Untracked 
| 282|0x0000000763400000, 0x0000000763400000, 0x0000000763600000|  0%| F|  |TAMS 0x0000000763400000| PB 0x0000000763400000| Untracked 
| 283|0x0000000763600000, 0x0000000763600000, 0x0000000763800000|  0%| F|  |TAMS 0x0000000763600000| PB 0x0000000763600000| Untracked 
| 284|0x0000000763800000, 0x0000000763800000, 0x0000000763a00000|  0%| F|  |TAMS 0x0000000763800000| PB 0x0000000763800000| Untracked 
| 285|0x0000000763a00000, 0x0000000763a00000, 0x0000000763c00000|  0%| F|  |TAMS 0x0000000763a00000| PB 0x0000000763a00000| Untracked 
| 286|0x0000000763c00000, 0x0000000763c00000, 0x0000000763e00000|  0%| F|  |TAMS 0x0000000763c00000| PB 0x0000000763c00000| Untracked 
| 287|0x0000000763e00000, 0x0000000763e00000, 0x0000000764000000|  0%| F|  |TAMS 0x0000000763e00000| PB 0x0000000763e00000| Untracked 
| 288|0x0000000764000000, 0x0000000764000000, 0x0000000764200000|  0%| F|  |TAMS 0x0000000764000000| PB 0x0000000764000000| Untracked 
| 289|0x0000000764200000, 0x0000000764200000, 0x0000000764400000|  0%| F|  |TAMS 0x0000000764200000| PB 0x0000000764200000| Untracked 
| 290|0x0000000764400000, 0x0000000764400000, 0x0000000764600000|  0%| F|  |TAMS 0x0000000764400000| PB 0x0000000764400000| Untracked 
| 291|0x0000000764600000, 0x0000000764600000, 0x0000000764800000|  0%| F|  |TAMS 0x0000000764600000| PB 0x0000000764600000| Untracked 
| 292|0x0000000764800000, 0x0000000764800000, 0x0000000764a00000|  0%| F|  |TAMS 0x0000000764800000| PB 0x0000000764800000| Untracked 
| 293|0x0000000764a00000, 0x0000000764a00000, 0x0000000764c00000|  0%| F|  |TAMS 0x0000000764a00000| PB 0x0000000764a00000| Untracked 
| 294|0x0000000764c00000, 0x0000000764c00000, 0x0000000764e00000|  0%| F|  |TAMS 0x0000000764c00000| PB 0x0000000764c00000| Untracked 
| 295|0x0000000764e00000, 0x0000000764e00000, 0x0000000765000000|  0%| F|  |TAMS 0x0000000764e00000| PB 0x0000000764e00000| Untracked 
| 296|0x0000000765000000, 0x0000000765000000, 0x0000000765200000|  0%| F|  |TAMS 0x0000000765000000| PB 0x0000000765000000| Untracked 
| 297|0x0000000765200000, 0x0000000765200000, 0x0000000765400000|  0%| F|  |TAMS 0x0000000765200000| PB 0x0000000765200000| Untracked 
| 298|0x0000000765400000, 0x0000000765400000, 0x0000000765600000|  0%| F|  |TAMS 0x0000000765400000| PB 0x0000000765400000| Untracked 
| 299|0x0000000765600000, 0x0000000765600000, 0x0000000765800000|  0%| F|  |TAMS 0x0000000765600000| PB 0x0000000765600000| Untracked 
| 300|0x0000000765800000, 0x0000000765800000, 0x0000000765a00000|  0%| F|  |TAMS 0x0000000765800000| PB 0x0000000765800000| Untracked 
| 301|0x0000000765a00000, 0x0000000765a00000, 0x0000000765c00000|  0%| F|  |TAMS 0x0000000765a00000| PB 0x0000000765a00000| Untracked 
| 302|0x0000000765c00000, 0x0000000765c00000, 0x0000000765e00000|  0%| F|  |TAMS 0x0000000765c00000| PB 0x0000000765c00000| Untracked 
| 303|0x0000000765e00000, 0x0000000765e00000, 0x0000000766000000|  0%| F|  |TAMS 0x0000000765e00000| PB 0x0000000765e00000| Untracked 
| 304|0x0000000766000000, 0x0000000766000000, 0x0000000766200000|  0%| F|  |TAMS 0x0000000766000000| PB 0x0000000766000000| Untracked 
| 305|0x0000000766200000, 0x0000000766200000, 0x0000000766400000|  0%| F|  |TAMS 0x0000000766200000| PB 0x0000000766200000| Untracked 
| 306|0x0000000766400000, 0x0000000766400000, 0x0000000766600000|  0%| F|  |TAMS 0x0000000766400000| PB 0x0000000766400000| Untracked 
| 307|0x0000000766600000, 0x0000000766600000, 0x0000000766800000|  0%| F|  |TAMS 0x0000000766600000| PB 0x0000000766600000| Untracked 
| 308|0x0000000766800000, 0x0000000766800000, 0x0000000766a00000|  0%| F|  |TAMS 0x0000000766800000| PB 0x0000000766800000| Untracked 
| 309|0x0000000766a00000, 0x0000000766a00000, 0x0000000766c00000|  0%| F|  |TAMS 0x0000000766a00000| PB 0x0000000766a00000| Untracked 
| 310|0x0000000766c00000, 0x0000000766e00000, 0x0000000766e00000|100%| S|CS|TAMS 0x0000000766c00000| PB 0x0000000766c00000| Complete 
| 311|0x0000000766e00000, 0x0000000767000000, 0x0000000767000000|100%| S|CS|TAMS 0x0000000766e00000| PB 0x0000000766e00000| Complete 
| 312|0x0000000767000000, 0x0000000767200000, 0x0000000767200000|100%| S|CS|TAMS 0x0000000767000000| PB 0x0000000767000000| Complete 
| 313|0x0000000767200000, 0x0000000767400000, 0x0000000767400000|100%| S|CS|TAMS 0x0000000767200000| PB 0x0000000767200000| Complete 
| 314|0x0000000767400000, 0x0000000767600000, 0x0000000767600000|100%| S|CS|TAMS 0x0000000767400000| PB 0x0000000767400000| Complete 
| 315|0x0000000767600000, 0x0000000767800000, 0x0000000767800000|100%| S|CS|TAMS 0x0000000767600000| PB 0x0000000767600000| Complete 
| 316|0x0000000767800000, 0x0000000767a00000, 0x0000000767a00000|100%| S|CS|TAMS 0x0000000767800000| PB 0x0000000767800000| Complete 
| 317|0x0000000767a00000, 0x0000000767c00000, 0x0000000767c00000|100%| S|CS|TAMS 0x0000000767a00000| PB 0x0000000767a00000| Complete 
| 318|0x0000000767c00000, 0x0000000767e00000, 0x0000000767e00000|100%| S|CS|TAMS 0x0000000767c00000| PB 0x0000000767c00000| Complete 
| 319|0x0000000767e00000, 0x0000000768000000, 0x0000000768000000|100%| S|CS|TAMS 0x0000000767e00000| PB 0x0000000767e00000| Complete 
| 320|0x0000000768000000, 0x0000000768200000, 0x0000000768200000|100%| S|CS|TAMS 0x0000000768000000| PB 0x0000000768000000| Complete 
| 321|0x0000000768200000, 0x0000000768400000, 0x0000000768400000|100%| S|CS|TAMS 0x0000000768200000| PB 0x0000000768200000| Complete 
| 322|0x0000000768400000, 0x0000000768600000, 0x0000000768600000|100%| S|CS|TAMS 0x0000000768400000| PB 0x0000000768400000| Complete 
| 323|0x0000000768600000, 0x0000000768800000, 0x0000000768800000|100%| S|CS|TAMS 0x0000000768600000| PB 0x0000000768600000| Complete 
| 324|0x0000000768800000, 0x0000000768a00000, 0x0000000768a00000|100%| S|CS|TAMS 0x0000000768800000| PB 0x0000000768800000| Complete 
| 325|0x0000000768a00000, 0x0000000768c00000, 0x0000000768c00000|100%| S|CS|TAMS 0x0000000768a00000| PB 0x0000000768a00000| Complete 
| 326|0x0000000768c00000, 0x0000000768e00000, 0x0000000768e00000|100%| S|CS|TAMS 0x0000000768c00000| PB 0x0000000768c00000| Complete 
| 327|0x0000000768e00000, 0x0000000769000000, 0x0000000769000000|100%| S|CS|TAMS 0x0000000768e00000| PB 0x0000000768e00000| Complete 
| 328|0x0000000769000000, 0x0000000769200000, 0x0000000769200000|100%| S|CS|TAMS 0x0000000769000000| PB 0x0000000769000000| Complete 
| 329|0x0000000769200000, 0x0000000769400000, 0x0000000769400000|100%| S|CS|TAMS 0x0000000769200000| PB 0x0000000769200000| Complete 
| 330|0x0000000769400000, 0x0000000769600000, 0x0000000769600000|100%| S|CS|TAMS 0x0000000769400000| PB 0x0000000769400000| Complete 
| 331|0x0000000769600000, 0x0000000769600000, 0x0000000769800000|  0%| F|  |TAMS 0x0000000769600000| PB 0x0000000769600000| Untracked 
| 332|0x0000000769800000, 0x0000000769800000, 0x0000000769a00000|  0%| F|  |TAMS 0x0000000769800000| PB 0x0000000769800000| Untracked 
| 333|0x0000000769a00000, 0x0000000769a00000, 0x0000000769c00000|  0%| F|  |TAMS 0x0000000769a00000| PB 0x0000000769a00000| Untracked 
| 334|0x0000000769c00000, 0x0000000769c00000, 0x0000000769e00000|  0%| F|  |TAMS 0x0000000769c00000| PB 0x0000000769c00000| Untracked 
| 335|0x0000000769e00000, 0x0000000769e00000, 0x000000076a000000|  0%| F|  |TAMS 0x0000000769e00000| PB 0x0000000769e00000| Untracked 
| 336|0x000000076a000000, 0x000000076a000000, 0x000000076a200000|  0%| F|  |TAMS 0x000000076a000000| PB 0x000000076a000000| Untracked 
| 337|0x000000076a200000, 0x000000076a200000, 0x000000076a400000|  0%| F|  |TAMS 0x000000076a200000| PB 0x000000076a200000| Untracked 
| 338|0x000000076a400000, 0x000000076a400000, 0x000000076a600000|  0%| F|  |TAMS 0x000000076a400000| PB 0x000000076a400000| Untracked 
| 339|0x000000076a600000, 0x000000076a600000, 0x000000076a800000|  0%| F|  |TAMS 0x000000076a600000| PB 0x000000076a600000| Untracked 
| 340|0x000000076a800000, 0x000000076a800000, 0x000000076aa00000|  0%| F|  |TAMS 0x000000076a800000| PB 0x000000076a800000| Untracked 
| 341|0x000000076aa00000, 0x000000076aa00000, 0x000000076ac00000|  0%| F|  |TAMS 0x000000076aa00000| PB 0x000000076aa00000| Untracked 
| 342|0x000000076ac00000, 0x000000076ac00000, 0x000000076ae00000|  0%| F|  |TAMS 0x000000076ac00000| PB 0x000000076ac00000| Untracked 
| 343|0x000000076ae00000, 0x000000076ae00000, 0x000000076b000000|  0%| F|  |TAMS 0x000000076ae00000| PB 0x000000076ae00000| Untracked 
| 344|0x000000076b000000, 0x000000076b000000, 0x000000076b200000|  0%| F|  |TAMS 0x000000076b000000| PB 0x000000076b000000| Untracked 
| 345|0x000000076b200000, 0x000000076b200000, 0x000000076b400000|  0%| F|  |TAMS 0x000000076b200000| PB 0x000000076b200000| Untracked 
| 346|0x000000076b400000, 0x000000076b400000, 0x000000076b600000|  0%| F|  |TAMS 0x000000076b400000| PB 0x000000076b400000| Untracked 
| 347|0x000000076b600000, 0x000000076b600000, 0x000000076b800000|  0%| F|  |TAMS 0x000000076b600000| PB 0x000000076b600000| Untracked 
| 348|0x000000076b800000, 0x000000076b800000, 0x000000076ba00000|  0%| F|  |TAMS 0x000000076b800000| PB 0x000000076b800000| Untracked 
| 349|0x000000076ba00000, 0x000000076ba00000, 0x000000076bc00000|  0%| F|  |TAMS 0x000000076ba00000| PB 0x000000076ba00000| Untracked 
| 350|0x000000076bc00000, 0x000000076bc00000, 0x000000076be00000|  0%| F|  |TAMS 0x000000076bc00000| PB 0x000000076bc00000| Untracked 
| 351|0x000000076be00000, 0x000000076be00000, 0x000000076c000000|  0%| F|  |TAMS 0x000000076be00000| PB 0x000000076be00000| Untracked 
| 352|0x000000076c000000, 0x000000076c000000, 0x000000076c200000|  0%| F|  |TAMS 0x000000076c000000| PB 0x000000076c000000| Untracked 
| 353|0x000000076c200000, 0x000000076c200000, 0x000000076c400000|  0%| F|  |TAMS 0x000000076c200000| PB 0x000000076c200000| Untracked 
| 354|0x000000076c400000, 0x000000076c400000, 0x000000076c600000|  0%| F|  |TAMS 0x000000076c400000| PB 0x000000076c400000| Untracked 
| 355|0x000000076c600000, 0x000000076c600000, 0x000000076c800000|  0%| F|  |TAMS 0x000000076c600000| PB 0x000000076c600000| Untracked 
| 356|0x000000076c800000, 0x000000076c800000, 0x000000076ca00000|  0%| F|  |TAMS 0x000000076c800000| PB 0x000000076c800000| Untracked 
| 357|0x000000076ca00000, 0x000000076ca00000, 0x000000076cc00000|  0%| F|  |TAMS 0x000000076ca00000| PB 0x000000076ca00000| Untracked 
| 358|0x000000076cc00000, 0x000000076cc00000, 0x000000076ce00000|  0%| F|  |TAMS 0x000000076cc00000| PB 0x000000076cc00000| Untracked 
| 359|0x000000076ce00000, 0x000000076ce00000, 0x000000076d000000|  0%| F|  |TAMS 0x000000076ce00000| PB 0x000000076ce00000| Untracked 
| 360|0x000000076d000000, 0x000000076d000000, 0x000000076d200000|  0%| F|  |TAMS 0x000000076d000000| PB 0x000000076d000000| Untracked 
| 361|0x000000076d200000, 0x000000076d200000, 0x000000076d400000|  0%| F|  |TAMS 0x000000076d200000| PB 0x000000076d200000| Untracked 
| 362|0x000000076d400000, 0x000000076d400000, 0x000000076d600000|  0%| F|  |TAMS 0x000000076d400000| PB 0x000000076d400000| Untracked 
| 363|0x000000076d600000, 0x000000076d600000, 0x000000076d800000|  0%| F|  |TAMS 0x000000076d600000| PB 0x000000076d600000| Untracked 
| 364|0x000000076d800000, 0x000000076d800000, 0x000000076da00000|  0%| F|  |TAMS 0x000000076d800000| PB 0x000000076d800000| Untracked 
| 365|0x000000076da00000, 0x000000076da00000, 0x000000076dc00000|  0%| F|  |TAMS 0x000000076da00000| PB 0x000000076da00000| Untracked 
| 366|0x000000076dc00000, 0x000000076dc00000, 0x000000076de00000|  0%| F|  |TAMS 0x000000076dc00000| PB 0x000000076dc00000| Untracked 
| 367|0x000000076de00000, 0x000000076de00000, 0x000000076e000000|  0%| F|  |TAMS 0x000000076de00000| PB 0x000000076de00000| Untracked 
| 368|0x000000076e000000, 0x000000076e000000, 0x000000076e200000|  0%| F|  |TAMS 0x000000076e000000| PB 0x000000076e000000| Untracked 
| 369|0x000000076e200000, 0x000000076e200000, 0x000000076e400000|  0%| F|  |TAMS 0x000000076e200000| PB 0x000000076e200000| Untracked 
| 370|0x000000076e400000, 0x000000076e400000, 0x000000076e600000|  0%| F|  |TAMS 0x000000076e400000| PB 0x000000076e400000| Untracked 
| 371|0x000000076e600000, 0x000000076e600000, 0x000000076e800000|  0%| F|  |TAMS 0x000000076e600000| PB 0x000000076e600000| Untracked 
| 372|0x000000076e800000, 0x000000076e800000, 0x000000076ea00000|  0%| F|  |TAMS 0x000000076e800000| PB 0x000000076e800000| Untracked 
| 373|0x000000076ea00000, 0x000000076ea00000, 0x000000076ec00000|  0%| F|  |TAMS 0x000000076ea00000| PB 0x000000076ea00000| Untracked 
| 374|0x000000076ec00000, 0x000000076ec00000, 0x000000076ee00000|  0%| F|  |TAMS 0x000000076ec00000| PB 0x000000076ec00000| Untracked 
| 375|0x000000076ee00000, 0x000000076ee00000, 0x000000076f000000|  0%| F|  |TAMS 0x000000076ee00000| PB 0x000000076ee00000| Untracked 
| 376|0x000000076f000000, 0x000000076f000000, 0x000000076f200000|  0%| F|  |TAMS 0x000000076f000000| PB 0x000000076f000000| Untracked 
| 377|0x000000076f200000, 0x000000076f200000, 0x000000076f400000|  0%| F|  |TAMS 0x000000076f200000| PB 0x000000076f200000| Untracked 
| 378|0x000000076f400000, 0x000000076f400000, 0x000000076f600000|  0%| F|  |TAMS 0x000000076f400000| PB 0x000000076f400000| Untracked 
| 379|0x000000076f600000, 0x000000076f600000, 0x000000076f800000|  0%| F|  |TAMS 0x000000076f600000| PB 0x000000076f600000| Untracked 
| 380|0x000000076f800000, 0x000000076f800000, 0x000000076fa00000|  0%| F|  |TAMS 0x000000076f800000| PB 0x000000076f800000| Untracked 
| 381|0x000000076fa00000, 0x000000076fa00000, 0x000000076fc00000|  0%| F|  |TAMS 0x000000076fa00000| PB 0x000000076fa00000| Untracked 
| 382|0x000000076fc00000, 0x000000076fc00000, 0x000000076fe00000|  0%| F|  |TAMS 0x000000076fc00000| PB 0x000000076fc00000| Untracked 
| 383|0x000000076fe00000, 0x000000076fe00000, 0x0000000770000000|  0%| F|  |TAMS 0x000000076fe00000| PB 0x000000076fe00000| Untracked 
| 384|0x0000000770000000, 0x0000000770000000, 0x0000000770200000|  0%| F|  |TAMS 0x0000000770000000| PB 0x0000000770000000| Untracked 
| 385|0x0000000770200000, 0x0000000770200000, 0x0000000770400000|  0%| F|  |TAMS 0x0000000770200000| PB 0x0000000770200000| Untracked 
| 386|0x0000000770400000, 0x0000000770400000, 0x0000000770600000|  0%| F|  |TAMS 0x0000000770400000| PB 0x0000000770400000| Untracked 
| 387|0x0000000770600000, 0x0000000770600000, 0x0000000770800000|  0%| F|  |TAMS 0x0000000770600000| PB 0x0000000770600000| Untracked 
| 388|0x0000000770800000, 0x0000000770800000, 0x0000000770a00000|  0%| F|  |TAMS 0x0000000770800000| PB 0x0000000770800000| Untracked 
| 389|0x0000000770a00000, 0x0000000770a00000, 0x0000000770c00000|  0%| F|  |TAMS 0x0000000770a00000| PB 0x0000000770a00000| Untracked 
| 390|0x0000000770c00000, 0x0000000770c00000, 0x0000000770e00000|  0%| F|  |TAMS 0x0000000770c00000| PB 0x0000000770c00000| Untracked 
| 391|0x0000000770e00000, 0x0000000770e00000, 0x0000000771000000|  0%| F|  |TAMS 0x0000000770e00000| PB 0x0000000770e00000| Untracked 
| 392|0x0000000771000000, 0x0000000771000000, 0x0000000771200000|  0%| F|  |TAMS 0x0000000771000000| PB 0x0000000771000000| Untracked 
| 393|0x0000000771200000, 0x0000000771200000, 0x0000000771400000|  0%| F|  |TAMS 0x0000000771200000| PB 0x0000000771200000| Untracked 
| 394|0x0000000771400000, 0x0000000771400000, 0x0000000771600000|  0%| F|  |TAMS 0x0000000771400000| PB 0x0000000771400000| Untracked 
| 395|0x0000000771600000, 0x0000000771600000, 0x0000000771800000|  0%| F|  |TAMS 0x0000000771600000| PB 0x0000000771600000| Untracked 
| 396|0x0000000771800000, 0x0000000771800000, 0x0000000771a00000|  0%| F|  |TAMS 0x0000000771800000| PB 0x0000000771800000| Untracked 
| 397|0x0000000771a00000, 0x0000000771a00000, 0x0000000771c00000|  0%| F|  |TAMS 0x0000000771a00000| PB 0x0000000771a00000| Untracked 
| 398|0x0000000771c00000, 0x0000000771c00000, 0x0000000771e00000|  0%| F|  |TAMS 0x0000000771c00000| PB 0x0000000771c00000| Untracked 
| 399|0x0000000771e00000, 0x0000000771e00000, 0x0000000772000000|  0%| F|  |TAMS 0x0000000771e00000| PB 0x0000000771e00000| Untracked 
| 400|0x0000000772000000, 0x0000000772000000, 0x0000000772200000|  0%| F|  |TAMS 0x0000000772000000| PB 0x0000000772000000| Untracked 
| 401|0x0000000772200000, 0x0000000772200000, 0x0000000772400000|  0%| F|  |TAMS 0x0000000772200000| PB 0x0000000772200000| Untracked 
| 402|0x0000000772400000, 0x0000000772400000, 0x0000000772600000|  0%| F|  |TAMS 0x0000000772400000| PB 0x0000000772400000| Untracked 
| 403|0x0000000772600000, 0x0000000772600000, 0x0000000772800000|  0%| F|  |TAMS 0x0000000772600000| PB 0x0000000772600000| Untracked 
| 404|0x0000000772800000, 0x0000000772800000, 0x0000000772a00000|  0%| F|  |TAMS 0x0000000772800000| PB 0x0000000772800000| Untracked 
| 405|0x0000000772a00000, 0x0000000772a00000, 0x0000000772c00000|  0%| F|  |TAMS 0x0000000772a00000| PB 0x0000000772a00000| Untracked 
| 406|0x0000000772c00000, 0x0000000772c00000, 0x0000000772e00000|  0%| F|  |TAMS 0x0000000772c00000| PB 0x0000000772c00000| Untracked 
| 407|0x0000000772e00000, 0x0000000772e00000, 0x0000000773000000|  0%| F|  |TAMS 0x0000000772e00000| PB 0x0000000772e00000| Untracked 
| 408|0x0000000773000000, 0x0000000773000000, 0x0000000773200000|  0%| F|  |TAMS 0x0000000773000000| PB 0x0000000773000000| Untracked 
| 409|0x0000000773200000, 0x0000000773200000, 0x0000000773400000|  0%| F|  |TAMS 0x0000000773200000| PB 0x0000000773200000| Untracked 
| 410|0x0000000773400000, 0x0000000773400000, 0x0000000773600000|  0%| F|  |TAMS 0x0000000773400000| PB 0x0000000773400000| Untracked 
| 411|0x0000000773600000, 0x0000000773600000, 0x0000000773800000|  0%| F|  |TAMS 0x0000000773600000| PB 0x0000000773600000| Untracked 
| 412|0x0000000773800000, 0x0000000773800000, 0x0000000773a00000|  0%| F|  |TAMS 0x0000000773800000| PB 0x0000000773800000| Untracked 
| 413|0x0000000773a00000, 0x0000000773a00000, 0x0000000773c00000|  0%| F|  |TAMS 0x0000000773a00000| PB 0x0000000773a00000| Untracked 
| 414|0x0000000773c00000, 0x0000000773c00000, 0x0000000773e00000|  0%| F|  |TAMS 0x0000000773c00000| PB 0x0000000773c00000| Untracked 
| 415|0x0000000773e00000, 0x0000000773e00000, 0x0000000774000000|  0%| F|  |TAMS 0x0000000773e00000| PB 0x0000000773e00000| Untracked 
| 416|0x0000000774000000, 0x0000000774000000, 0x0000000774200000|  0%| F|  |TAMS 0x0000000774000000| PB 0x0000000774000000| Untracked 
| 417|0x0000000774200000, 0x0000000774200000, 0x0000000774400000|  0%| F|  |TAMS 0x0000000774200000| PB 0x0000000774200000| Untracked 
| 418|0x0000000774400000, 0x0000000774400000, 0x0000000774600000|  0%| F|  |TAMS 0x0000000774400000| PB 0x0000000774400000| Untracked 
| 419|0x0000000774600000, 0x0000000774600000, 0x0000000774800000|  0%| F|  |TAMS 0x0000000774600000| PB 0x0000000774600000| Untracked 
| 420|0x0000000774800000, 0x0000000774800000, 0x0000000774a00000|  0%| F|  |TAMS 0x0000000774800000| PB 0x0000000774800000| Untracked 
| 421|0x0000000774a00000, 0x0000000774a00000, 0x0000000774c00000|  0%| F|  |TAMS 0x0000000774a00000| PB 0x0000000774a00000| Untracked 
| 422|0x0000000774c00000, 0x0000000774c00000, 0x0000000774e00000|  0%| F|  |TAMS 0x0000000774c00000| PB 0x0000000774c00000| Untracked 
| 423|0x0000000774e00000, 0x0000000774e00000, 0x0000000775000000|  0%| F|  |TAMS 0x0000000774e00000| PB 0x0000000774e00000| Untracked 
| 424|0x0000000775000000, 0x0000000775000000, 0x0000000775200000|  0%| F|  |TAMS 0x0000000775000000| PB 0x0000000775000000| Untracked 
| 425|0x0000000775200000, 0x0000000775200000, 0x0000000775400000|  0%| F|  |TAMS 0x0000000775200000| PB 0x0000000775200000| Untracked 
| 426|0x0000000775400000, 0x0000000775400000, 0x0000000775600000|  0%| F|  |TAMS 0x0000000775400000| PB 0x0000000775400000| Untracked 
| 427|0x0000000775600000, 0x0000000775600000, 0x0000000775800000|  0%| F|  |TAMS 0x0000000775600000| PB 0x0000000775600000| Untracked 
| 428|0x0000000775800000, 0x0000000775800000, 0x0000000775a00000|  0%| F|  |TAMS 0x0000000775800000| PB 0x0000000775800000| Untracked 
| 429|0x0000000775a00000, 0x0000000775a00000, 0x0000000775c00000|  0%| F|  |TAMS 0x0000000775a00000| PB 0x0000000775a00000| Untracked 
| 430|0x0000000775c00000, 0x0000000775c00000, 0x0000000775e00000|  0%| F|  |TAMS 0x0000000775c00000| PB 0x0000000775c00000| Untracked 
| 431|0x0000000775e00000, 0x0000000775e00000, 0x0000000776000000|  0%| F|  |TAMS 0x0000000775e00000| PB 0x0000000775e00000| Untracked 
| 432|0x0000000776000000, 0x0000000776000000, 0x0000000776200000|  0%| F|  |TAMS 0x0000000776000000| PB 0x0000000776000000| Untracked 
| 433|0x0000000776200000, 0x0000000776200000, 0x0000000776400000|  0%| F|  |TAMS 0x0000000776200000| PB 0x0000000776200000| Untracked 
| 434|0x0000000776400000, 0x0000000776400000, 0x0000000776600000|  0%| F|  |TAMS 0x0000000776400000| PB 0x0000000776400000| Untracked 
| 435|0x0000000776600000, 0x0000000776600000, 0x0000000776800000|  0%| F|  |TAMS 0x0000000776600000| PB 0x0000000776600000| Untracked 
| 436|0x0000000776800000, 0x0000000776800000, 0x0000000776a00000|  0%| F|  |TAMS 0x0000000776800000| PB 0x0000000776800000| Untracked 
| 437|0x0000000776a00000, 0x0000000776a00000, 0x0000000776c00000|  0%| F|  |TAMS 0x0000000776a00000| PB 0x0000000776a00000| Untracked 
| 438|0x0000000776c00000, 0x0000000776c00000, 0x0000000776e00000|  0%| F|  |TAMS 0x0000000776c00000| PB 0x0000000776c00000| Untracked 
| 439|0x0000000776e00000, 0x0000000776e00000, 0x0000000777000000|  0%| F|  |TAMS 0x0000000776e00000| PB 0x0000000776e00000| Untracked 
| 440|0x0000000777000000, 0x0000000777000000, 0x0000000777200000|  0%| F|  |TAMS 0x0000000777000000| PB 0x0000000777000000| Untracked 
| 441|0x0000000777200000, 0x0000000777200000, 0x0000000777400000|  0%| F|  |TAMS 0x0000000777200000| PB 0x0000000777200000| Untracked 
| 442|0x0000000777400000, 0x0000000777400000, 0x0000000777600000|  0%| F|  |TAMS 0x0000000777400000| PB 0x0000000777400000| Untracked 
| 443|0x0000000777600000, 0x0000000777600000, 0x0000000777800000|  0%| F|  |TAMS 0x0000000777600000| PB 0x0000000777600000| Untracked 
| 444|0x0000000777800000, 0x0000000777800000, 0x0000000777a00000|  0%| F|  |TAMS 0x0000000777800000| PB 0x0000000777800000| Untracked 
| 445|0x0000000777a00000, 0x0000000777a00000, 0x0000000777c00000|  0%| F|  |TAMS 0x0000000777a00000| PB 0x0000000777a00000| Untracked 
| 446|0x0000000777c00000, 0x0000000777c00000, 0x0000000777e00000|  0%| F|  |TAMS 0x0000000777c00000| PB 0x0000000777c00000| Untracked 
| 447|0x0000000777e00000, 0x0000000777e00000, 0x0000000778000000|  0%| F|  |TAMS 0x0000000777e00000| PB 0x0000000777e00000| Untracked 
| 448|0x0000000778000000, 0x0000000778000000, 0x0000000778200000|  0%| F|  |TAMS 0x0000000778000000| PB 0x0000000778000000| Untracked 
| 449|0x0000000778200000, 0x0000000778200000, 0x0000000778400000|  0%| F|  |TAMS 0x0000000778200000| PB 0x0000000778200000| Untracked 
| 450|0x0000000778400000, 0x0000000778400000, 0x0000000778600000|  0%| F|  |TAMS 0x0000000778400000| PB 0x0000000778400000| Untracked 
| 451|0x0000000778600000, 0x0000000778600000, 0x0000000778800000|  0%| F|  |TAMS 0x0000000778600000| PB 0x0000000778600000| Untracked 
| 452|0x0000000778800000, 0x0000000778800000, 0x0000000778a00000|  0%| F|  |TAMS 0x0000000778800000| PB 0x0000000778800000| Untracked 
| 453|0x0000000778a00000, 0x0000000778a00000, 0x0000000778c00000|  0%| F|  |TAMS 0x0000000778a00000| PB 0x0000000778a00000| Untracked 
| 454|0x0000000778c00000, 0x0000000778c00000, 0x0000000778e00000|  0%| F|  |TAMS 0x0000000778c00000| PB 0x0000000778c00000| Untracked 
| 455|0x0000000778e00000, 0x0000000778e00000, 0x0000000779000000|  0%| F|  |TAMS 0x0000000778e00000| PB 0x0000000778e00000| Untracked 
| 456|0x0000000779000000, 0x0000000779000000, 0x0000000779200000|  0%| F|  |TAMS 0x0000000779000000| PB 0x0000000779000000| Untracked 
| 457|0x0000000779200000, 0x0000000779200000, 0x0000000779400000|  0%| F|  |TAMS 0x0000000779200000| PB 0x0000000779200000| Untracked 
| 458|0x0000000779400000, 0x0000000779400000, 0x0000000779600000|  0%| F|  |TAMS 0x0000000779400000| PB 0x0000000779400000| Untracked 
| 459|0x0000000779600000, 0x0000000779600000, 0x0000000779800000|  0%| F|  |TAMS 0x0000000779600000| PB 0x0000000779600000| Untracked 
| 460|0x0000000779800000, 0x0000000779800000, 0x0000000779a00000|  0%| F|  |TAMS 0x0000000779800000| PB 0x0000000779800000| Untracked 
| 461|0x0000000779a00000, 0x0000000779a00000, 0x0000000779c00000|  0%| F|  |TAMS 0x0000000779a00000| PB 0x0000000779a00000| Untracked 
| 462|0x0000000779c00000, 0x0000000779c00000, 0x0000000779e00000|  0%| F|  |TAMS 0x0000000779c00000| PB 0x0000000779c00000| Untracked 
| 463|0x0000000779e00000, 0x0000000779e00000, 0x000000077a000000|  0%| F|  |TAMS 0x0000000779e00000| PB 0x0000000779e00000| Untracked 
| 464|0x000000077a000000, 0x000000077a000000, 0x000000077a200000|  0%| F|  |TAMS 0x000000077a000000| PB 0x000000077a000000| Untracked 
| 465|0x000000077a200000, 0x000000077a200000, 0x000000077a400000|  0%| F|  |TAMS 0x000000077a200000| PB 0x000000077a200000| Untracked 
| 466|0x000000077a400000, 0x000000077a400000, 0x000000077a600000|  0%| F|  |TAMS 0x000000077a400000| PB 0x000000077a400000| Untracked 
| 467|0x000000077a600000, 0x000000077a6b69e8, 0x000000077a800000| 35%| E|  |TAMS 0x000000077a600000| PB 0x000000077a600000| Complete 
| 468|0x000000077a800000, 0x000000077aa00000, 0x000000077aa00000|100%| E|CS|TAMS 0x000000077a800000| PB 0x000000077a800000| Complete 
| 469|0x000000077aa00000, 0x000000077ac00000, 0x000000077ac00000|100%| E|CS|TAMS 0x000000077aa00000| PB 0x000000077aa00000| Complete 
| 470|0x000000077ac00000, 0x000000077ae00000, 0x000000077ae00000|100%| E|CS|TAMS 0x000000077ac00000| PB 0x000000077ac00000| Complete 
| 471|0x000000077ae00000, 0x000000077b000000, 0x000000077b000000|100%| E|CS|TAMS 0x000000077ae00000| PB 0x000000077ae00000| Complete 
| 472|0x000000077b000000, 0x000000077b200000, 0x000000077b200000|100%| E|CS|TAMS 0x000000077b000000| PB 0x000000077b000000| Complete 
| 473|0x000000077b200000, 0x000000077b400000, 0x000000077b400000|100%| E|CS|TAMS 0x000000077b200000| PB 0x000000077b200000| Complete 
| 474|0x000000077b400000, 0x000000077b600000, 0x000000077b600000|100%| E|CS|TAMS 0x000000077b400000| PB 0x000000077b400000| Complete 
| 475|0x000000077b600000, 0x000000077b800000, 0x000000077b800000|100%| E|CS|TAMS 0x000000077b600000| PB 0x000000077b600000| Complete 
| 476|0x000000077b800000, 0x000000077ba00000, 0x000000077ba00000|100%| E|CS|TAMS 0x000000077b800000| PB 0x000000077b800000| Complete 
| 477|0x000000077ba00000, 0x000000077bc00000, 0x000000077bc00000|100%| E|CS|TAMS 0x000000077ba00000| PB 0x000000077ba00000| Complete 
| 478|0x000000077bc00000, 0x000000077be00000, 0x000000077be00000|100%| E|CS|TAMS 0x000000077bc00000| PB 0x000000077bc00000| Complete 
| 479|0x000000077be00000, 0x000000077c000000, 0x000000077c000000|100%| E|CS|TAMS 0x000000077be00000| PB 0x000000077be00000| Complete 
| 480|0x000000077c000000, 0x000000077c200000, 0x000000077c200000|100%| E|CS|TAMS 0x000000077c000000| PB 0x000000077c000000| Complete 
| 481|0x000000077c200000, 0x000000077c400000, 0x000000077c400000|100%| E|CS|TAMS 0x000000077c200000| PB 0x000000077c200000| Complete 
| 482|0x000000077c400000, 0x000000077c600000, 0x000000077c600000|100%| E|CS|TAMS 0x000000077c400000| PB 0x000000077c400000| Complete 
| 483|0x000000077c600000, 0x000000077c800000, 0x000000077c800000|100%| E|CS|TAMS 0x000000077c600000| PB 0x000000077c600000| Complete 
|1534|0x00000007ffc00000, 0x00000007ffe00000, 0x00000007ffe00000|100%| O|Cm|TAMS 0x00000007ffc00000| PB 0x00000007ffc00000| Complete 
|1535|0x00000007ffe00000, 0x0000000800000000, 0x0000000800000000|100%| O|Cm|TAMS 0x00000007ffe00000| PB 0x00000007ffe00000| Complete 

Card table byte_map: [0x00000188fc390000,0x00000188fc990000] _byte_map_base: 0x00000188f8990000

Marking Bits: (CMBitMap*) 0x00000188f78db8d0
 Bits: [0x00000188fc990000, 0x00000188ff990000)

Polling page: 0x00000188f6c20000

Metaspace:

Usage:
  Non-class:     65.00 MB used.
      Class:      8.38 MB used.
       Both:     73.38 MB used.

Virtual space:
  Non-class space:      128.00 MB reserved,      66.50 MB ( 52%) committed,  2 nodes.
      Class space:        1.00 GB reserved,       9.38 MB ( <1%) committed,  1 nodes.
             Both:        1.12 GB reserved,      75.88 MB (  7%) committed. 

Chunk freelists:
   Non-Class:  13.14 MB
       Class:  6.52 MB
        Both:  19.66 MB

MaxMetaspaceSize: unlimited
CompressedClassSpaceSize: 1.00 GB
Initial GC threshold: 21.00 MB
Current GC threshold: 113.88 MB
CDS: on
 - commit_granule_bytes: 65536.
 - commit_granule_words: 8192.
 - virtual_space_node_default_size: 8388608.
 - enlarge_chunks_in_place: 1.
 - use_allocation_guard: 0.


Internal statistics:

num_allocs_failed_limit: 15.
num_arena_births: 1752.
num_arena_deaths: 0.
num_vsnodes_births: 3.
num_vsnodes_deaths: 0.
num_space_committed: 1213.
num_space_uncommitted: 0.
num_chunks_returned_to_freelist: 15.
num_chunks_taken_from_freelist: 5070.
num_chunk_merges: 12.
num_chunk_splits: 3190.
num_chunks_enlarged: 1861.
num_inconsistent_stats: 0.

CodeHeap 'non-profiled nmethods': size=118848Kb used=9551Kb max_used=9551Kb free=109296Kb
 bounds [0x0000018887bf0000, 0x0000018888560000, 0x000001888f000000]
CodeHeap 'profiled nmethods': size=118848Kb used=24827Kb max_used=26279Kb free=94021Kb
 bounds [0x0000018880000000, 0x00000188819b0000, 0x0000018887410000]
CodeHeap 'non-nmethods': size=8064Kb used=3316Kb max_used=4404Kb free=4747Kb
 bounds [0x0000018887410000, 0x0000018887870000, 0x0000018887bf0000]
 total_blobs=12936 nmethods=11804 adapters=1031
 compilation: enabled
              stopped_count=0, restarted_count=0
 full_count=0

Compilation events (20 events):
Event: 10.365 Thread 0x00000188925f80a0 14413       2       org.cef.CefApp$6::accept (31 bytes)
Event: 10.365 Thread 0x00000188925f80a0 nmethod 14413 0x0000018880d30b10 code [0x0000018880d30ce0, 0x0000018880d30ea8]
Event: 10.366 Thread 0x00000188925f80a0 14414       3       org.cef.CefApp$6::accept (31 bytes)
Event: 10.366 Thread 0x00000188925f80a0 nmethod 14414 0x00000188815c7b90 code [0x00000188815c7d60, 0x00000188815c7fe8]
Event: 10.366 Thread 0x00000188925f0120 

Event: 10.366 Thread 0x00000188925f0120 14396       4       org.apache.felix.resolver.util.OpenHashMap::getOrCompute (253 bytes)
Event: 10.372 Thread 0x00000188925f0120 nmethod 14396 0x0000018888417a90 code [0x0000018888417ce0, 0x0000018888418a00]
Event: 10.372 Thread 0x00000188925f0120 14358       4       java.util.regex.Matcher::search (154 bytes)
Event: 10.374 Thread 0x00000188925f0120 nmethod 14358 0x0000018888417310 code [0x00000188884174c0, 0x0000018888417760]
Event: 10.374 Thread 0x00000188925f0120 14378       4       java.util.Collections$UnmodifiableMap$UnmodifiableEntrySet$1::next (5 bytes)
Event: 10.378 Thread 0x00000188925f0120 nmethod 14378 0x0000018887cb8290 code [0x0000018887cb8460, 0x0000018887cb8b70]
Event: 10.378 Thread 0x00000188925f0120 14379       4       java.util.Collections$UnmodifiableMap$UnmodifiableEntrySet$UnmodifiableEntry::getKey (10 bytes)
Event: 10.378 Thread 0x00000188925f0120 nmethod 14379 0x0000018887cb7f10 code [0x0000018887cb80a0, 0x0000018887cb8188]
Event: 10.378 Thread 0x00000188925f0120 14393   !   4       java.util.AbstractList$Itr::next (46 bytes)
Event: 10.379 Thread 0x00000188925f0120 nmethod 14393 0x0000018887cb7710 code [0x0000018887cb78e0, 0x0000018887cb7c30]
Event: 10.379 Thread 0x00000188925f0120 14397       4       java.util.Collections$SingletonMap::get (20 bytes)
Event: 10.380 Thread 0x00000188925f0120 nmethod 14397 0x0000018887cb7390 code [0x0000018887cb7520, 0x0000018887cb7618]
Event: 10.380 Thread 0x00000188925f0120 14333 %     4       com.renesas.cdt.ddsc.internal.configurator.model.threads.SwpConfiguration::setConfigForModuleFactories @ 44 (139 bytes)
Event: 10.407 Thread 0x00000188925f0120 nmethod 14333% 0x0000018887cb9e10 code [0x0000018887cba160, 0x0000018887cbc5e0]
Event: 10.407 Thread 0x00000188925f0120 14334 %     4       com.renesas.cdt.ddsc.internal.configurator.model.threads.SwpConfiguration::findModuleConfig @ 13 (47 bytes)

GC Heap History (20 events):
Event: 2.362 GC heap before
{Heap before GC invocations=6 (full 0):
 garbage-first heap   total 524288K, used 324629K [0x0000000740000000, 0x0000000800000000)
  region size 2048K, 153 young (313344K), 13 survivors (26624K)
 Metaspace       used 23038K, committed 24192K, reserved 1114112K
  class space    used 2245K, committed 2752K, reserved 1048576K
}
Event: 2.367 GC heap after
{Heap after GC invocations=7 (full 0):
 garbage-first heap   total 524288K, used 34550K [0x0000000740000000, 0x0000000800000000)
  region size 2048K, 10 young (20480K), 10 survivors (20480K)
 Metaspace       used 23038K, committed 24192K, reserved 1114112K
  class space    used 2245K, committed 2752K, reserved 1048576K
}
Event: 2.780 GC heap before
{Heap before GC invocations=7 (full 0):
 garbage-first heap   total 524288K, used 329462K [0x0000000740000000, 0x0000000800000000)
  region size 2048K, 153 young (313344K), 10 survivors (20480K)
 Metaspace       used 23273K, committed 24448K, reserved 1114112K
  class space    used 2245K, committed 2752K, reserved 1048576K
}
Event: 2.791 GC heap after
{Heap after GC invocations=8 (full 0):
 garbage-first heap   total 524288K, used 52734K [0x0000000740000000, 0x0000000800000000)
  region size 2048K, 19 young (38912K), 19 survivors (38912K)
 Metaspace       used 23273K, committed 24448K, reserved 1114112K
  class space    used 2245K, committed 2752K, reserved 1048576K
}
Event: 3.482 GC heap before
{Heap before GC invocations=8 (full 0):
 garbage-first heap   total 524288K, used 173566K [0x0000000740000000, 0x0000000800000000)
  region size 2048K, 58 young (118784K), 19 survivors (38912K)
 Metaspace       used 34623K, committed 35968K, reserved 1114112K
  class space    used 3736K, committed 4288K, reserved 1048576K
}
Event: 3.490 GC heap after
{Heap after GC invocations=9 (full 0):
 garbage-first heap   total 524288K, used 64882K [0x0000000740000000, 0x0000000800000000)
  region size 2048K, 17 young (34816K), 17 survivors (34816K)
 Metaspace       used 34623K, committed 35968K, reserved 1114112K
  class space    used 3736K, committed 4288K, reserved 1048576K
}
Event: 5.168 GC heap before
{Heap before GC invocations=10 (full 0):
 garbage-first heap   total 524288K, used 198002K [0x0000000740000000, 0x0000000800000000)
  region size 2048K, 84 young (172032K), 17 survivors (34816K)
 Metaspace       used 58283K, committed 60160K, reserved 1114112K
  class space    used 6528K, committed 7296K, reserved 1048576K
}
Event: 5.175 GC heap after
{Heap after GC invocations=11 (full 0):
 garbage-first heap   total 524288K, used 79446K [0x0000000740000000, 0x0000000800000000)
  region size 2048K, 14 young (28672K), 14 survivors (28672K)
 Metaspace       used 58283K, committed 60160K, reserved 1114112K
  class space    used 6528K, committed 7296K, reserved 1048576K
}
Event: 5.194 GC heap before
{Heap before GC invocations=11 (full 0):
 garbage-first heap   total 524288K, used 81494K [0x0000000740000000, 0x0000000800000000)
  region size 2048K, 16 young (32768K), 14 survivors (28672K)
 Metaspace       used 58650K, committed 60480K, reserved 1114112K
  class space    used 6570K, committed 7296K, reserved 1048576K
}
Event: 5.200 GC heap after
{Heap after GC invocations=12 (full 0):
 garbage-first heap   total 524288K, used 79814K [0x0000000740000000, 0x0000000800000000)
  region size 2048K, 9 young (18432K), 9 survivors (18432K)
 Metaspace       used 58650K, committed 60480K, reserved 1114112K
  class space    used 6570K, committed 7296K, reserved 1048576K
}
Event: 5.215 GC heap before
{Heap before GC invocations=12 (full 0):
 garbage-first heap   total 524288K, used 81862K [0x0000000740000000, 0x0000000800000000)
  region size 2048K, 11 young (22528K), 9 survivors (18432K)
 Metaspace       used 58936K, committed 60800K, reserved 1114112K
  class space    used 6601K, committed 7360K, reserved 1048576K
}
Event: 5.220 GC heap after
{Heap after GC invocations=13 (full 0):
 garbage-first heap   total 524288K, used 79008K [0x0000000740000000, 0x0000000800000000)
  region size 2048K, 8 young (16384K), 8 survivors (16384K)
 Metaspace       used 58936K, committed 60800K, reserved 1114112K
  class space    used 6601K, committed 7360K, reserved 1048576K
}
Event: 8.021 GC heap before
{Heap before GC invocations=14 (full 0):
 garbage-first heap   total 524288K, used 373920K [0x0000000740000000, 0x0000000800000000)
  region size 2048K, 153 young (313344K), 8 survivors (16384K)
 Metaspace       used 67673K, committed 69952K, reserved 1114112K
  class space    used 7710K, committed 8640K, reserved 1048576K
}
Event: 8.043 GC heap after
{Heap after GC invocations=15 (full 0):
 garbage-first heap   total 524288K, used 179593K [0x0000000740000000, 0x0000000800000000)
  region size 2048K, 20 young (40960K), 20 survivors (40960K)
 Metaspace       used 67673K, committed 69952K, reserved 1114112K
  class space    used 7710K, committed 8640K, reserved 1048576K
}
Event: 8.632 GC heap before
{Heap before GC invocations=15 (full 0):
 garbage-first heap   total 524288K, used 384393K [0x0000000740000000, 0x0000000800000000)
  region size 2048K, 120 young (245760K), 20 survivors (40960K)
 Metaspace       used 67682K, committed 69952K, reserved 1114112K
  class space    used 7710K, committed 8640K, reserved 1048576K
}
Event: 8.651 GC heap after
{Heap after GC invocations=16 (full 0):
 garbage-first heap   total 528384K, used 277400K [0x0000000740000000, 0x0000000800000000)
  region size 2048K, 15 young (30720K), 15 survivors (30720K)
 Metaspace       used 67682K, committed 69952K, reserved 1114112K
  class space    used 7710K, committed 8640K, reserved 1048576K
}
Event: 9.018 GC heap before
{Heap before GC invocations=16 (full 0):
 garbage-first heap   total 528384K, used 406424K [0x0000000740000000, 0x0000000800000000)
  region size 2048K, 78 young (159744K), 15 survivors (30720K)
 Metaspace       used 67683K, committed 69952K, reserved 1114112K
  class space    used 7710K, committed 8640K, reserved 1048576K
}
Event: 9.030 GC heap after
{Heap after GC invocations=17 (full 0):
 garbage-first heap   total 995328K, used 344847K [0x0000000740000000, 0x0000000800000000)
  region size 2048K, 10 young (20480K), 10 survivors (20480K)
 Metaspace       used 67683K, committed 69952K, reserved 1114112K
  class space    used 7710K, committed 8640K, reserved 1048576K
}
Event: 10.146 GC heap before
{Heap before GC invocations=18 (full 0):
 garbage-first heap   total 995328K, used 658191K [0x0000000740000000, 0x0000000800000000)
  region size 2048K, 163 young (333824K), 10 survivors (20480K)
 Metaspace       used 74498K, committed 77120K, reserved 1179648K
  class space    used 8492K, committed 9536K, reserved 1048576K
}
Event: 10.230 GC heap after
{Heap after GC invocations=19 (full 0):
 garbage-first heap   total 995328K, used 516096K [0x0000000740000000, 0x0000000800000000)
  region size 2048K, 21 young (43008K), 21 survivors (43008K)
 Metaspace       used 74498K, committed 77120K, reserved 1179648K
  class space    used 8492K, committed 9536K, reserved 1048576K
}

Dll operation events (20 events):
Event: 0.003 Loaded shared library C:\Renesas\RA\sc_v2025-12_fsp_v6.3.0\eclipse\plugins\org.eclipse.justj.openjdk.hotspot.jre.full.stripped.win32.x86_64_21.0.7.v20250502-0916\jre\bin\java.dll
Event: 0.016 Loaded shared library C:\Renesas\RA\sc_v2025-12_fsp_v6.3.0\eclipse\plugins\org.eclipse.justj.openjdk.hotspot.jre.full.stripped.win32.x86_64_21.0.7.v20250502-0916\jre\bin\zip.dll
Event: 0.040 Loaded shared library C:\Renesas\RA\sc_v2025-12_fsp_v6.3.0\eclipse\plugins\org.eclipse.justj.openjdk.hotspot.jre.full.stripped.win32.x86_64_21.0.7.v20250502-0916\jre\bin\net.dll
Event: 0.041 Loaded shared library C:\Renesas\RA\sc_v2025-12_fsp_v6.3.0\eclipse\plugins\org.eclipse.justj.openjdk.hotspot.jre.full.stripped.win32.x86_64_21.0.7.v20250502-0916\jre\bin\nio.dll
Event: 0.042 Loaded shared library C:\Renesas\RA\sc_v2025-12_fsp_v6.3.0\eclipse\plugins\org.eclipse.justj.openjdk.hotspot.jre.full.stripped.win32.x86_64_21.0.7.v20250502-0916\jre\bin\zip.dll
Event: 0.059 Loaded shared library C:\Renesas\RA\sc_v2025-12_fsp_v6.3.0\eclipse\plugins\org.eclipse.justj.openjdk.hotspot.jre.full.stripped.win32.x86_64_21.0.7.v20250502-0916\jre\bin\jimage.dll
Event: 0.773 Loaded shared library C:\Renesas\RA\sc_v2025-12_fsp_v6.3.0\eclipse\plugins\org.eclipse.justj.openjdk.hotspot.jre.full.stripped.win32.x86_64_21.0.7.v20250502-0916\jre\bin\verify.dll
Event: 2.896 Loaded shared library C:\Renesas\RA\sc_v2025-12_fsp_v6.3.0\eclipse\configuration\org.eclipse.osgi\366\0\.cp\swt-osversion-win32-4969r18.dll
Event: 2.899 Loaded shared library C:\Renesas\RA\sc_v2025-12_fsp_v6.3.0\eclipse\configuration\org.eclipse.osgi\366\0\.cp\swt-win32-4969r18.dll
Event: 2.948 Loaded shared library C:\Renesas\RA\sc_v2025-12_fsp_v6.3.0\eclipse\configuration\org.eclipse.osgi\366\0\.cp\swt-gdip-win32-4969r18.dll
Event: 3.737 Loaded shared library C:\Renesas\RA\sc_v2025-12_fsp_v6.3.0\eclipse\plugins\org.eclipse.justj.openjdk.hotspot.jre.full.stripped.win32.x86_64_21.0.7.v20250502-0916\jre\bin\awt.dll
Event: 4.231 Loaded shared library C:\Renesas\RA\sc_v2025-12_fsp_v6.3.0\eclipse\plugins\org.eclipse.justj.openjdk.hotspot.jre.full.stripped.win32.x86_64_21.0.7.v20250502-0916\jre\bin\mlib_image.dll
Event: 4.843 Loaded shared library C:\Users\hua\AppData\Local\Temp\jna-36406304\jna18263058981336652367.dll
Event: 5.016 Loaded shared library C:\Renesas\RA\sc_v2025-12_fsp_v6.3.0\eclipse\plugins\org.eclipse.justj.openjdk.hotspot.jre.full.stripped.win32.x86_64_21.0.7.v20250502-0916\jre\bin\sunmscapi.dll
Event: 5.624 Loaded shared library C:\Renesas\RA\sc_v2025-12_fsp_v6.3.0\eclipse\plugins\org.eclipse.justj.openjdk.hotspot.jre.full.stripped.win32.x86_64_21.0.7.v20250502-0916\jre\bin\extnet.dll
Event: 7.239 Loaded shared library C:\Renesas\RA\sc_v2025-12_fsp_v6.3.0\eclipse\plugins\org.eclipse.justj.openjdk.hotspot.jre.full.stripped.win32.x86_64_21.0.7.v20250502-0916\jre\bin\management.dll
Event: 7.241 Loaded shared library C:\Renesas\RA\sc_v2025-12_fsp_v6.3.0\eclipse\plugins\org.eclipse.justj.openjdk.hotspot.jre.full.stripped.win32.x86_64_21.0.7.v20250502-0916\jre\bin\management_ext.dll
Event: 10.354 Loaded shared library C:\Renesas\RA\sc_v2025-12_fsp_v6.3.0\eclipse\plugins\com.equo.chromium.cef.win32.win32.x86_64_128.0.20\chromium-6613\chrome_elf.dll
Event: 10.357 Loaded shared library C:\Renesas\RA\sc_v2025-12_fsp_v6.3.0\eclipse\plugins\com.equo.chromium.cef.win32.win32.x86_64_128.0.20\chromium-6613\libcef.dll
Event: 10.359 Loaded shared library C:\Renesas\RA\sc_v2025-12_fsp_v6.3.0\eclipse\plugins\com.equo.chromium.cef.win32.win32.x86_64_128.0.20\chromium-6613\equochro.dll

Deoptimization events (20 events):
Event: 10.325 Thread 0x00000188f51f74b0 Uncommon trap: trap_request=0xffffffc6 fr.pc=0x000001888829fba4 relative=0x0000000000000a24
Event: 10.325 Thread 0x00000188f51f74b0 Uncommon trap: reason=bimorphic_or_optimized_type_check action=maybe_recompile pc=0x000001888829fba4 method=org.apache.felix.resolver.util.OpenHashMap.getOrCompute(Ljava/lang/Object;)Ljava/lang/Object; @ 122 c2
Event: 10.325 Thread 0x00000188f51f74b0 DEOPT PACKING pc=0x000001888829fba4 sp=0x0000006088afa450
Event: 10.325 Thread 0x00000188f51f74b0 DEOPT UNPACKING pc=0x00000188874646a2 sp=0x0000006088afa3f0 mode 2
Event: 10.360 Thread 0x00000188f51f74b0 Uncommon trap: trap_request=0xffffff45 fr.pc=0x00000188884b77c8 relative=0x0000000000000928
Event: 10.360 Thread 0x00000188f51f74b0 Uncommon trap: reason=unstable_if action=reinterpret pc=0x00000188884b77c8 method=java.util.Properties.load0(Ljava/util/Properties$LineReader;)V @ 32 c2
Event: 10.360 Thread 0x00000188f51f74b0 DEOPT PACKING pc=0x00000188884b77c8 sp=0x0000006088afb650
Event: 10.360 Thread 0x00000188f51f74b0 DEOPT UNPACKING pc=0x00000188874646a2 sp=0x0000006088afb5e8 mode 2
Event: 10.369 Thread 0x00000188f51f74b0 Uncommon trap: trap_request=0xffffff45 fr.pc=0x00000188884d8b44 relative=0x0000000000000684
Event: 10.369 Thread 0x00000188f51f74b0 Uncommon trap: reason=unstable_if action=reinterpret pc=0x00000188884d8b44 method=java.io.WinNTFileSystem.prefixLength(Ljava/lang/String;)I @ 42 c2
Event: 10.369 Thread 0x00000188f51f74b0 DEOPT PACKING pc=0x00000188884d8b44 sp=0x0000006088afb4e0
Event: 10.369 Thread 0x00000188f51f74b0 DEOPT UNPACKING pc=0x00000188874646a2 sp=0x0000006088afb438 mode 2
Event: 10.371 Thread 0x00000188f51f74b0 Uncommon trap: trap_request=0xffffff45 fr.pc=0x0000018887fd2fac relative=0x00000000000002cc
Event: 10.371 Thread 0x00000188f51f74b0 Uncommon trap: reason=unstable_if action=reinterpret pc=0x0000018887fd2fac method=java.io.WinNTFileSystem.prefixLength(Ljava/lang/String;)I @ 42 c2
Event: 10.371 Thread 0x00000188f51f74b0 DEOPT PACKING pc=0x0000018887fd2fac sp=0x0000006088afb4b0
Event: 10.371 Thread 0x00000188f51f74b0 DEOPT UNPACKING pc=0x00000188874646a2 sp=0x0000006088afb438 mode 2
Event: 10.378 Thread 0x00000188f51f74b0 Uncommon trap: trap_request=0xffffff45 fr.pc=0x0000018887c2f774 relative=0x0000000000000334
Event: 10.378 Thread 0x00000188f51f74b0 Uncommon trap: reason=unstable_if action=reinterpret pc=0x0000018887c2f774 method=java.lang.String.regionMatches(ZILjava/lang/String;II)Z @ 81 c2
Event: 10.378 Thread 0x00000188f51f74b0 DEOPT PACKING pc=0x0000018887c2f774 sp=0x0000006088afb440
Event: 10.378 Thread 0x00000188f51f74b0 DEOPT UNPACKING pc=0x00000188874646a2 sp=0x0000006088afb3a0 mode 2

Classes loaded (20 events):
Event: 10.094 Loading class com/sun/org/apache/xalan/internal/xsltc/trax/SAX2DOM
Event: 10.094 Loading class com/sun/org/apache/xalan/internal/xsltc/runtime/Constants
Event: 10.094 Loading class com/sun/org/apache/xalan/internal/xsltc/runtime/Constants done
Event: 10.094 Loading class com/sun/org/apache/xalan/internal/xsltc/trax/SAX2DOM done
Event: 10.094 Loading class com/sun/org/apache/xml/internal/serializer/ToXMLSAXHandler
Event: 10.094 Loading class com/sun/org/apache/xml/internal/serializer/ToSAXHandler
Event: 10.094 Loading class com/sun/org/apache/xml/internal/serializer/ToSAXHandler done
Event: 10.094 Loading class com/sun/org/apache/xml/internal/serializer/ToXMLSAXHandler done
Event: 10.342 Loading class java/nio/file/SimpleFileVisitor
Event: 10.342 Loading class java/nio/file/SimpleFileVisitor done
Event: 10.342 Loading class java/nio/file/Files$3
Event: 10.342 Loading class java/nio/file/Files$3 done
Event: 10.342 Loading class java/nio/file/FileVisitResult
Event: 10.342 Loading class java/nio/file/FileVisitResult done
Event: 10.343 Loading class java/nio/file/FileAlreadyExistsException
Event: 10.343 Loading class java/nio/file/FileAlreadyExistsException done
Event: 10.343 Loading class sun/nio/fs/WindowsFileCopy
Event: 10.344 Loading class sun/nio/fs/WindowsFileCopy done
Event: 10.345 Loading class sun/nio/fs/WindowsPath$1
Event: 10.345 Loading class sun/nio/fs/WindowsPath$1 done

Classes unloaded (0 events):
No events

Classes redefined (0 events):
No events

Internal exceptions (20 events):
Event: 9.703 Thread 0x00000188f51f74b0 Exception <a 'java/lang/NoSuchMethodError'{0x00000007700657a0}: 'java.lang.Object java.lang.invoke.DirectMethodHandle$Holder.invokeStatic(java.lang.Object, java.lang.Object, java.lang.Object, java.lang.Object, java.lang.Object, int, java.lang.Object, java.lang.Object)'> (0x00000007700657a0) 
thrown [s\src\hotspot\share\interpreter\linkResolver.cpp, line 773]
Event: 9.706 Thread 0x00000188f51f74b0 Exception <a 'java/lang/NoSuchMethodError'{0x000000077009e3a0}: 'void java.lang.invoke.DirectMethodHandle$Holder.invokeSpecial(java.lang.Object, java.lang.Object, int, java.lang.Object)'> (0x000000077009e3a0) 
thrown [s\src\hotspot\share\interpreter\linkResolver.cpp, line 773]
Event: 9.707 Thread 0x00000188f51f74b0 Exception <a 'java/lang/NoSuchMethodError'{0x00000007700ac728}: 'java.lang.Object java.lang.invoke.DirectMethodHandle$Holder.newInvokeSpecial(java.lang.Object, java.lang.Object, int, java.lang.Object, java.lang.Object, java.lang.Object)'> (0x00000007700ac728) 
thrown [s\src\hotspot\share\interpreter\linkResolver.cpp, line 773]
Event: 9.707 Thread 0x00000188f51f74b0 Exception <a 'java/lang/NoSuchMethodError'{0x00000007700b0db8}: 'java.lang.Object java.lang.invoke.DirectMethodHandle$Holder.invokeSpecial(java.lang.Object, java.lang.Object, java.lang.Object, int, java.lang.Object, java.lang.Object, java.lang.Object)'> (0x00000007700b0db8) 
thrown [s\src\hotspot\share\interpreter\linkResolver.cpp, line 773]
Event: 9.737 Thread 0x00000188f51f74b0 Exception <a 'java/lang/NoSuchMethodError'{0x000000076ff63b18}: 'java.lang.Class sun.misc.Unsafe.defineAnonymousClass(java.lang.Class, byte[], java.lang.Object[])'> (0x000000076ff63b18) 
thrown [s\src\hotspot\share\interpreter\linkResolver.cpp, line 773]
Event: 9.761 Thread 0x00000188f51f74b0 Exception <a 'java/lang/NoSuchMethodError'{0x000000076fdd9428}: 'java.lang.Object java.lang.invoke.DirectMethodHandle$Holder.invokeStatic(java.lang.Object, java.lang.Object, int, java.lang.Object)'> (0x000000076fdd9428) 
thrown [s\src\hotspot\share\interpreter\linkResolver.cpp, line 773]
Event: 9.761 Thread 0x00000188f51f74b0 Exception <a 'java/lang/NoSuchMethodError'{0x000000076fddd440}: 'java.lang.Object java.lang.invoke.DirectMethodHandle$Holder.invokeStaticInit(java.lang.Object, java.lang.Object, int, java.lang.Object)'> (0x000000076fddd440) 
thrown [s\src\hotspot\share\interpreter\linkResolver.cpp, line 773]
Event: 9.763 Thread 0x00000188f51f74b0 Implicit null exception at 0x00000188884904a4 to 0x000001888849155c
Event: 9.766 Thread 0x00000188f51f74b0 Implicit null exception at 0x0000018888225e86 to 0x0000018888225fc8
Event: 9.766 Thread 0x00000188f51f74b0 Exception <a 'java/lang/NoSuchMethodError'{0x000000076fa515e0}: 'java.lang.Object java.lang.invoke.Invokers$Holder.invoke_MT(java.lang.Object, java.lang.Object, java.lang.Object, java.lang.Object, java.lang.Object, java.lang.Object)'> (0x000000076fa515e0) 
thrown [s\src\hotspot\share\interpreter\linkResolver.cpp, line 773]
Event: 9.766 Thread 0x00000188f51f74b0 Exception <a 'java/lang/NoSuchMethodError'{0x000000076fa55560}: 'java.lang.Object java.lang.invoke.DelegatingMethodHandle$Holder.reinvoke_L(java.lang.Object, java.lang.Object, java.lang.Object, java.lang.Object, int)'> (0x000000076fa55560) 
thrown [s\src\hotspot\share\interpreter\linkResolver.cpp, line 773]
Event: 9.766 Thread 0x00000188f51f74b0 Exception <a 'java/lang/NoSuchMethodError'{0x000000076fa60078}: 'void java.lang.invoke.Invokers$Holder.exactInvoker(java.lang.Object, java.lang.Object, java.lang.Object, java.lang.Object)'> (0x000000076fa60078) 
thrown [s\src\hotspot\share\interpreter\linkResolver.cpp, line 773]
Event: 9.766 Thread 0x00000188f51f74b0 Exception <a 'java/lang/NoSuchMethodError'{0x000000076fa67c68}: 'void java.lang.invoke.Invokers$Holder.linkToCallSite(java.lang.Object, java.lang.Object, java.lang.Object)'> (0x000000076fa67c68) 
thrown [s\src\hotspot\share\interpreter\linkResolver.cpp, line 773]
Event: 9.767 Thread 0x00000188f51f74b0 Implicit null exception at 0x0000018888285f77 to 0x0000018888286314
Event: 10.094 Thread 0x00000188f51f74b0 Implicit null exception at 0x00000188881d2160 to 0x00000188881d23ca
Event: 10.290 Thread 0x00000188f51f74b0 Implicit null exception at 0x0000018888498c03 to 0x0000018888499bce
Event: 10.321 Thread 0x00000188f51f74b0 Exception <a 'java/io/FileNotFoundException'{0x000000077af2a120}> (0x000000077af2a120) 
thrown [s\src\hotspot\share\prims\jni.cpp, line 520]
Event: 10.331 Thread 0x00000188f51f74b0 Exception <a 'sun/nio/fs/WindowsException'{0x000000077aa7dbd8}> (0x000000077aa7dbd8) 
thrown [s\src\hotspot\share\prims\jni.cpp, line 520]
Event: 10.347 Thread 0x00000188f51f74b0 Exception <a 'sun/nio/fs/WindowsException'{0x000000077ab65408}> (0x000000077ab65408) 
thrown [s\src\hotspot\share\prims\jni.cpp, line 520]
Event: 10.349 Thread 0x00000188f51f74b0 Exception <a 'java/lang/NoSuchMethodError'{0x000000077ab7e430}: 'int java.lang.invoke.DelegatingMethodHandle$Holder.reinvoke_L(java.lang.Object)'> (0x000000077ab7e430) 
thrown [s\src\hotspot\share\interpreter\linkResolver.cpp, line 773]

ZGC Phase Switch (0 events):
No events

VM Operations (20 events):
Event: 9.058 Executing VM operation: G1PauseRemark
Event: 9.065 Executing VM operation: G1PauseRemark done
Event: 9.103 Executing VM operation: G1PauseCleanup
Event: 9.104 Executing VM operation: G1PauseCleanup done
Event: 9.619 Executing VM operation: HandshakeAllThreads (Deoptimize)
Event: 9.619 Executing VM operation: HandshakeAllThreads (Deoptimize) done
Event: 9.653 Executing VM operation: HandshakeAllThreads (Deoptimize)
Event: 9.653 Executing VM operation: HandshakeAllThreads (Deoptimize) done
Event: 9.668 Executing VM operation: HandshakeAllThreads (Deoptimize)
Event: 9.668 Executing VM operation: HandshakeAllThreads (Deoptimize) done
Event: 9.840 Executing VM operation: ICBufferFull
Event: 9.840 Executing VM operation: ICBufferFull done
Event: 10.146 Executing VM operation: G1CollectForAllocation (G1 Evacuation Pause)
Event: 10.230 Executing VM operation: G1CollectForAllocation (G1 Evacuation Pause) done
Event: 10.287 Executing VM operation: HandshakeAllThreads (Deoptimize)
Event: 10.288 Executing VM operation: HandshakeAllThreads (Deoptimize) done
Event: 10.323 Executing VM operation: HandshakeAllThreads (Deoptimize)
Event: 10.324 Executing VM operation: HandshakeAllThreads (Deoptimize) done
Event: 10.332 Executing VM operation: HandshakeAllThreads (Deoptimize)
Event: 10.332 Executing VM operation: HandshakeAllThreads (Deoptimize) done

Memory protections (0 events):
No events

Nmethod flushes (20 events):
Event: 9.065 Thread 0x00000188fffbe560 flushing  nmethod 0x00000188813e4c10
Event: 9.065 Thread 0x00000188fffbe560 flushing  nmethod 0x00000188813e8590
Event: 9.065 Thread 0x00000188fffbe560 flushing  nmethod 0x00000188880c5d10
Event: 9.065 Thread 0x00000188fffbe560 flushing  nmethod 0x00000188883e1990
Event: 9.065 Thread 0x00000188fffbe560 flushing  nmethod 0x000001888039c190
Event: 9.065 Thread 0x00000188fffbe560 flushing  nmethod 0x000001888039cb90
Event: 9.065 Thread 0x00000188fffbe560 flushing  nmethod 0x000001888039ea10
Event: 9.065 Thread 0x00000188fffbe560 flushing  nmethod 0x000001888039f390
Event: 9.065 Thread 0x00000188fffbe560 flushing  nmethod 0x000001888039fb90
Event: 9.065 Thread 0x00000188fffbe560 flushing  nmethod 0x00000188803a0090
Event: 9.065 Thread 0x00000188fffbe560 flushing  nmethod 0x00000188803b2390
Event: 9.065 Thread 0x00000188fffbe560 flushing  nmethod 0x000001888073c710
Event: 9.065 Thread 0x00000188fffbe560 flushing  nmethod 0x000001888073e290
Event: 9.065 Thread 0x00000188fffbe560 flushing  nmethod 0x000001888073e790
Event: 9.065 Thread 0x00000188fffbe560 flushing  nmethod 0x0000018880742710
Event: 9.065 Thread 0x00000188fffbe560 flushing  nmethod 0x000001888075b790
Event: 9.065 Thread 0x00000188fffbe560 flushing  nmethod 0x000001888076ef10
Event: 9.065 Thread 0x00000188fffbe560 flushing  nmethod 0x000001888125eb90
Event: 9.065 Thread 0x00000188fffbe560 flushing  nmethod 0x0000018881261c10
Event: 9.065 Thread 0x00000188fffbe560 flushing  nmethod 0x0000018881268710

Events (20 events):
Event: 4.689 Thread 0x00000188db47e3e0 Thread added: 0x00000188db480b40
Event: 4.857 Thread 0x00000188db4811d0 Thread added: 0x00000188db481860
Event: 4.942 Thread 0x00000188f51f74b0 Thread added: 0x000001889260fc80
Event: 5.030 Thread 0x00000188db4832a0 Thread added: 0x00000188db2759d0
Event: 5.031 Thread 0x00000188db4811d0 Thread added: 0x00000188db27a890
Event: 5.031 Thread 0x00000188db27a890 Thread added: 0x00000188db27af20
Event: 5.243 Thread 0x00000188db47dd50 Thread exited: 0x00000188db47dd50
Event: 5.275 Thread 0x00000188db27af20 Thread added: 0x00000188db2787c0
Event: 5.275 Thread 0x00000188db2787c0 Thread added: 0x00000188db275340
Event: 5.338 Thread 0x000001889260fc80 Thread exited: 0x000001889260fc80
Event: 5.342 Thread 0x00000188d94701c0 Thread exited: 0x00000188d94701c0
Event: 5.948 Thread 0x00000188d8538650 Thread exited: 0x00000188d8538650
Event: 5.948 Thread 0x0000018892797010 Thread exited: 0x0000018892797010
Event: 6.683 Thread 0x00000188d80b2d80 Thread exited: 0x00000188d80b2d80
Event: 6.797 Thread 0x00000188926ca0e0 Thread exited: 0x00000188926ca0e0
Event: 6.797 Thread 0x00000188926d3c00 Thread exited: 0x00000188926d3c00
Event: 7.102 Thread 0x00000188926bdec0 Thread added: 0x00000188926d3c00
Event: 7.277 Thread 0x00000188f51f74b0 Thread added: 0x00000188db27c2d0
Event: 7.494 Thread 0x00000188db27c2d0 Thread exited: 0x00000188db27c2d0
Event: 10.405 Thread 0x00000188f51f74b0 Thread added: 0x00000188ddcf6690


Dynamic libraries:
0x00007ff69a480000 - 0x00007ff69a509000 	C:\Renesas\RA\sc_v2025-12_fsp_v6.3.0\eclipse\rasc.exe
0x00007ffd21230000 - 0x00007ffd21444000 	C:\Windows\SYSTEM32\ntdll.dll
0x00007ffd20010000 - 0x00007ffd200d4000 	C:\Windows\System32\KERNEL32.DLL
0x00007ffd1e8e0000 - 0x00007ffd1ec84000 	C:\Windows\System32\KERNELBASE.dll
0x00007ffd1eff0000 - 0x00007ffd1f19a000 	C:\Windows\System32\USER32.dll
0x00007ffd1ef20000 - 0x00007ffd1ef46000 	C:\Windows\System32\win32u.dll
0x00007ffd1f2a0000 - 0x00007ffd1f2c9000 	C:\Windows\System32\GDI32.dll
0x00007ffd1ee00000 - 0x00007ffd1ef19000 	C:\Windows\System32\gdi32full.dll
0x00007ffd1ef50000 - 0x00007ffd1efea000 	C:\Windows\System32\msvcp_win.dll
0x00007ffd1e7c0000 - 0x00007ffd1e8d1000 	C:\Windows\System32\ucrtbase.dll
0x00007ffd0be80000 - 0x00007ffd0c10f000 	C:\Windows\WinSxS\amd64_microsoft.windows.common-controls_6595b64144ccf1df_6.0.22621.2070_none_2713e6537381f706\COMCTL32.dll
0x00007ffd1fcc0000 - 0x00007ffd1fd67000 	C:\Windows\System32\msvcrt.dll
0x00007ffd20270000 - 0x00007ffd202a1000 	C:\Windows\System32\IMM32.DLL
0x00007ffcbebf0000 - 0x00007ffcbec35000 	C:\Renesas\RA\sc_v2025-12_fsp_v6.3.0\eclipse\plugins\org.eclipse.equinox.launcher.win32.win32.x86_64_1.2.1300.v20250331-1702\eclipse_11911.dll
0x00007ffd209b0000 - 0x00007ffd20a60000 	C:\Windows\System32\ADVAPI32.dll
0x00007ffd201c0000 - 0x00007ffd20266000 	C:\Windows\System32\sechost.dll
0x00007ffd21050000 - 0x00007ffd21167000 	C:\Windows\System32\RPCRT4.dll
0x00007ffd1fe70000 - 0x00007ffd2000c000 	C:\Windows\System32\ole32.dll
0x00007ffd20cc0000 - 0x00007ffd2104a000 	C:\Windows\System32\combase.dll
0x00007ffd12da0000 - 0x00007ffd12daa000 	C:\Windows\SYSTEM32\VERSION.dll
0x00007ffc62dd0000 - 0x00007ffc63b60000 	C:\Renesas\RA\sc_v2025-12_fsp_v6.3.0\eclipse\plugins\org.eclipse.justj.openjdk.hotspot.jre.full.stripped.win32.x86_64_21.0.7.v20250502-0916\jre\bin\server\jvm.dll
0x00007ffd20140000 - 0x00007ffd201b1000 	C:\Windows\System32\WS2_32.dll
0x00007ffd1d500000 - 0x00007ffd1d54d000 	C:\Windows\SYSTEM32\POWRPROF.dll
0x00007ffcfb270000 - 0x00007ffcfb28e000 	C:\Windows\SYSTEM32\VCRUNTIME140.dll
0x00007ffd141c0000 - 0x00007ffd141f4000 	C:\Windows\SYSTEM32\WINMM.dll
0x00007ffcfc250000 - 0x00007ffcfc25c000 	C:\Windows\SYSTEM32\VCRUNTIME140_1.dll
0x00007ffd1d4e0000 - 0x00007ffd1d4f3000 	C:\Windows\SYSTEM32\UMPDC.dll
0x00007ffd16c60000 - 0x00007ffd16c6a000 	C:\Renesas\RA\sc_v2025-12_fsp_v6.3.0\eclipse\plugins\org.eclipse.justj.openjdk.hotspot.jre.full.stripped.win32.x86_64_21.0.7.v20250502-0916\jre\bin\jimage.dll
0x00007ffd1bd80000 - 0x00007ffd1bfae000 	C:\Windows\SYSTEM32\DBGHELP.DLL
0x00007ffd1f1c0000 - 0x00007ffd1f297000 	C:\Windows\System32\OLEAUT32.dll
0x00007ffcf97d0000 - 0x00007ffcf9802000 	C:\Windows\SYSTEM32\dbgcore.DLL
0x00007ffd1e740000 - 0x00007ffd1e7ba000 	C:\Windows\System32\bcryptPrimitives.dll
0x00007ffd123e0000 - 0x00007ffd123ff000 	C:\Renesas\RA\sc_v2025-12_fsp_v6.3.0\eclipse\plugins\org.eclipse.justj.openjdk.hotspot.jre.full.stripped.win32.x86_64_21.0.7.v20250502-0916\jre\bin\java.dll
0x00007ffd1d6b0000 - 0x00007ffd1d6c8000 	C:\Windows\SYSTEM32\kernel.appcore.dll
0x00007ffd1f4a0000 - 0x00007ffd1fcb6000 	C:\Windows\System32\SHELL32.dll
0x00007ffd1c5f0000 - 0x00007ffd1ceda000 	C:\Windows\SYSTEM32\windows.storage.dll
0x00007ffd1c4b0000 - 0x00007ffd1c5ee000 	C:\Windows\SYSTEM32\wintypes.dll
0x00007ffd20820000 - 0x00007ffd20913000 	C:\Windows\System32\SHCORE.dll
0x00007ffd20730000 - 0x00007ffd2078e000 	C:\Windows\System32\shlwapi.dll
0x00007ffd1e540000 - 0x00007ffd1e566000 	C:\Windows\SYSTEM32\profapi.dll
0x00007ffcf2030000 - 0x00007ffcf2048000 	C:\Renesas\RA\sc_v2025-12_fsp_v6.3.0\eclipse\plugins\org.eclipse.justj.openjdk.hotspot.jre.full.stripped.win32.x86_64_21.0.7.v20250502-0916\jre\bin\zip.dll
0x00007ffd16b90000 - 0x00007ffd16ba0000 	C:\Renesas\RA\sc_v2025-12_fsp_v6.3.0\eclipse\plugins\org.eclipse.justj.openjdk.hotspot.jre.full.stripped.win32.x86_64_21.0.7.v20250502-0916\jre\bin\net.dll
0x00007ffd138b0000 - 0x00007ffd139e7000 	C:\Windows\SYSTEM32\WINHTTP.dll
0x00007ffd1dbc0000 - 0x00007ffd1dc29000 	C:\Windows\system32\mswsock.dll
0x00007ffcf18e0000 - 0x00007ffcf18f6000 	C:\Renesas\RA\sc_v2025-12_fsp_v6.3.0\eclipse\plugins\org.eclipse.justj.openjdk.hotspot.jre.full.stripped.win32.x86_64_21.0.7.v20250502-0916\jre\bin\nio.dll
0x00007ffd182b0000 - 0x00007ffd1835b000 	C:\Windows\system32\uxtheme.dll
0x00007ffd20ae0000 - 0x00007ffd20c07000 	C:\Windows\System32\MSCTF.dll
0x00007ffd20c10000 - 0x00007ffd20cc0000 	C:\Windows\System32\clbcatq.dll
0x00007ffd09830000 - 0x00007ffd0995d000 	C:\Windows\SYSTEM32\textinputframework.dll
0x00007ffd17aa0000 - 0x00007ffd17bd3000 	C:\Windows\SYSTEM32\CoreMessaging.dll
0x00007ffd13010000 - 0x00007ffd1337c000 	C:\Windows\SYSTEM32\CoreUIComponents.dll
0x00007ffd1de30000 - 0x00007ffd1de3c000 	C:\Windows\SYSTEM32\CRYPTBASE.DLL
0x00007ffd16ca0000 - 0x00007ffd16cb0000 	C:\Renesas\RA\sc_v2025-12_fsp_v6.3.0\eclipse\plugins\org.eclipse.justj.openjdk.hotspot.jre.full.stripped.win32.x86_64_21.0.7.v20250502-0916\jre\bin\verify.dll
0x00007ffcbecb0000 - 0x00007ffcbecd1000 	C:\Renesas\RA\sc_v2025-12_fsp_v6.3.0\eclipse\configuration\org.eclipse.osgi\366\0\.cp\swt-osversion-win32-4969r18.dll
0x00007ffcb24b0000 - 0x00007ffcb257a000 	C:\Renesas\RA\sc_v2025-12_fsp_v6.3.0\eclipse\configuration\org.eclipse.osgi\366\0\.cp\swt-win32-4969r18.dll
0x00007ffd1fd70000 - 0x00007ffd1fe67000 	C:\Windows\System32\COMDLG32.dll
0x00007ffd00740000 - 0x00007ffd00759000 	C:\Windows\SYSTEM32\USP10.dll
0x00007ffd0c110000 - 0x00007ffd0c1af000 	C:\Windows\SYSTEM32\WINSPOOL.DRV
0x00007ffd0be10000 - 0x00007ffd0be79000 	C:\Windows\SYSTEM32\OLEACC.dll
0x00007ffd16d60000 - 0x00007ffd16e61000 	C:\Windows\SYSTEM32\PROPSYS.dll
0x00007ffd01200000 - 0x00007ffd016f4000 	C:\Windows\SYSTEM32\WININET.dll
0x00007ffd0aea0000 - 0x00007ffd0b090000 	C:\Windows\SYSTEM32\urlmon.dll
0x00007ffd0ca10000 - 0x00007ffd0ca17000 	C:\Windows\SYSTEM32\MSIMG32.dll
0x00007ffd1aba0000 - 0x00007ffd1abcb000 	C:\Windows\SYSTEM32\dwmapi.dll
0x00007ffd0ab30000 - 0x00007ffd0adec000 	C:\Windows\SYSTEM32\iertutil.dll
0x00007ffd0b480000 - 0x00007ffd0b4a9000 	C:\Windows\SYSTEM32\srvcli.dll
0x00007ffd1d1a0000 - 0x00007ffd1d1ac000 	C:\Windows\SYSTEM32\netutils.dll
0x00007ffc6a880000 - 0x00007ffc6aa36000 	C:\Windows\System32\TaskFlowDataEngine.dll
0x00007ffd09370000 - 0x00007ffd09416000 	C:\Windows\System32\OneCoreCommonProxyStub.dll
0x00007ffcb3e00000 - 0x00007ffcb3e2c000 	C:\Renesas\RA\sc_v2025-12_fsp_v6.3.0\eclipse\configuration\org.eclipse.osgi\366\0\.cp\swt-gdip-win32-4969r18.dll
0x00007ffd0bc50000 - 0x00007ffd0be09000 	C:\Windows\WinSxS\amd64_microsoft.windows.gdiplus_6595b64144ccf1df_1.1.22621.1778_none_57fe2016ce1542ec\gdiplus.dll
0x00007ffd170f0000 - 0x00007ffd172a0000 	C:\Windows\SYSTEM32\WindowsCodecs.dll
0x00007ffd1de10000 - 0x00007ffd1de2b000 	C:\Windows\SYSTEM32\CRYPTSP.dll
0x00007ffd1d6d0000 - 0x00007ffd1d705000 	C:\Windows\system32\rsaenh.dll
0x00007ffd1dcb0000 - 0x00007ffd1dcdc000 	C:\Windows\SYSTEM32\USERENV.dll
0x00007ffd1dfb0000 - 0x00007ffd1dfd8000 	C:\Windows\SYSTEM32\bcrypt.dll
0x00007ffd1d1b0000 - 0x00007ffd1d1dd000 	C:\Windows\SYSTEM32\IPHLPAPI.DLL
0x00007ffd1f490000 - 0x00007ffd1f499000 	C:\Windows\System32\NSI.dll
0x00007ffcdf210000 - 0x00007ffcdf2c0000 	C:\Windows\SYSTEM32\TextShaping.dll
0x00007ffc62c40000 - 0x00007ffc62dce000 	C:\Renesas\RA\sc_v2025-12_fsp_v6.3.0\eclipse\plugins\org.eclipse.justj.openjdk.hotspot.jre.full.stripped.win32.x86_64_21.0.7.v20250502-0916\jre\bin\awt.dll
0x00007ffcfbd20000 - 0x00007ffcfbda9000 	C:\Windows\SYSTEM32\MSVCP140.dll
0x00007ffd18190000 - 0x00007ffd18227000 	C:\Windows\SYSTEM32\apphelp.dll
0x00007ffcb2780000 - 0x00007ffcb2802000 	C:\Renesas\RA\sc_v2025-12_fsp_v6.3.0\eclipse\plugins\org.eclipse.justj.openjdk.hotspot.jre.full.stripped.win32.x86_64_21.0.7.v20250502-0916\jre\bin\mlib_image.dll
0x00007ffd1b9a0000 - 0x00007ffd1bc07000 	C:\Windows\SYSTEM32\DWrite.dll
0x00007ffcb29d0000 - 0x00007ffcb2a19000 	C:\Users\hua\AppData\Local\Temp\jna-36406304\jna18263058981336652367.dll
0x00007ffd20ad0000 - 0x00007ffd20ad8000 	C:\Windows\System32\PSAPI.DLL
0x00007ffd1ec90000 - 0x00007ffd1edf7000 	C:\Windows\System32\Crypt32.dll
0x00007ffd1e370000 - 0x00007ffd1e37a000 	C:\Windows\System32\DPAPI.dll
0x00007ffd14200000 - 0x00007ffd1420e000 	C:\Renesas\RA\sc_v2025-12_fsp_v6.3.0\eclipse\plugins\org.eclipse.justj.openjdk.hotspot.jre.full.stripped.win32.x86_64_21.0.7.v20250502-0916\jre\bin\sunmscapi.dll
0x00007ffd1df80000 - 0x00007ffd1dfae000 	C:\Windows\SYSTEM32\ncrypt.dll
0x00007ffd1df40000 - 0x00007ffd1df77000 	C:\Windows\SYSTEM32\NTASN1.dll
0x00007ffd1d220000 - 0x00007ffd1d313000 	C:\Windows\SYSTEM32\DNSAPI.dll
0x0000000070df0000 - 0x0000000070dfb000 	C:\Program Files\National Instruments\Shared\mDNS Responder\nimdnsNSP.dll
0x0000000070dd0000 - 0x0000000070de1000 	C:\Windows\SYSTEM32\nimdnsResponder.dll
0x0000000070da0000 - 0x0000000070dc6000 	C:\Program Files\Bonjour\mdnsNSP.dll
0x00007ffd13720000 - 0x00007ffd1372a000 	C:\Windows\System32\rasadhlp.dll
0x00007ffd13610000 - 0x00007ffd13694000 	C:\Windows\System32\fwpuclnt.dll
0x00007ffd02030000 - 0x00007ffd02039000 	C:\Renesas\RA\sc_v2025-12_fsp_v6.3.0\eclipse\plugins\org.eclipse.justj.openjdk.hotspot.jre.full.stripped.win32.x86_64_21.0.7.v20250502-0916\jre\bin\extnet.dll
0x00007ffd144b0000 - 0x00007ffd144f2000 	C:\Windows\system32\mlang.dll
0x00007ffcf2080000 - 0x00007ffcf208a000 	C:\Renesas\RA\sc_v2025-12_fsp_v6.3.0\eclipse\plugins\org.eclipse.justj.openjdk.hotspot.jre.full.stripped.win32.x86_64_21.0.7.v20250502-0916\jre\bin\management.dll
0x00007ffce5020000 - 0x00007ffce502b000 	C:\Renesas\RA\sc_v2025-12_fsp_v6.3.0\eclipse\plugins\org.eclipse.justj.openjdk.hotspot.jre.full.stripped.win32.x86_64_21.0.7.v20250502-0916\jre\bin\management_ext.dll
0x00007ffc62ad0000 - 0x00007ffc62c31000 	C:\Renesas\RA\sc_v2025-12_fsp_v6.3.0\eclipse\plugins\com.equo.chromium.cef.win32.win32.x86_64_128.0.20\chromium-6613\chrome_elf.dll
0x00007ffc542b0000 - 0x00007ffc62ac7000 	C:\Renesas\RA\sc_v2025-12_fsp_v6.3.0\eclipse\plugins\com.equo.chromium.cef.win32.win32.x86_64_128.0.20\chromium-6613\libcef.dll
0x00007ffd1e610000 - 0x00007ffd1e67b000 	C:\Windows\System32\WINTRUST.dll
0x00007ffd0ca00000 - 0x00007ffd0ca0c000 	C:\Windows\SYSTEM32\Secur32.dll
0x00007ffd13840000 - 0x00007ffd1385f000 	C:\Windows\SYSTEM32\dhcpcsvc.DLL
0x00007ffd1d9a0000 - 0x00007ffd1d9e2000 	C:\Windows\SYSTEM32\SSPICLI.DLL
0x00007ffd1e2b0000 - 0x00007ffd1e2c2000 	C:\Windows\SYSTEM32\MSASN1.dll
0x00007ffc53fe0000 - 0x00007ffc542a8000 	C:\Renesas\RA\sc_v2025-12_fsp_v6.3.0\eclipse\plugins\com.equo.chromium.cef.win32.win32.x86_64_128.0.20\chromium-6613\equochro.dll
0x00007ffd1d760000 - 0x00007ffd1d794000 	C:\Windows\system32\ntmarta.dll

dbghelp: loaded successfully - version: 4.0.5 - missing functions: none
symbol engine: initialized successfully - sym options: 0x614 - pdb path: .;C:\Renesas\RA\sc_v2025-12_fsp_v6.3.0\eclipse;C:\Windows\SYSTEM32;C:\Windows\WinSxS\amd64_microsoft.windows.common-controls_6595b64144ccf1df_6.0.22621.2070_none_2713e6537381f706;C:\Renesas\RA\sc_v2025-12_fsp_v6.3.0\eclipse\plugins\org.eclipse.equinox.launcher.win32.win32.x86_64_1.2.1300.v20250331-1702;C:\Renesas\RA\sc_v2025-12_fsp_v6.3.0\eclipse\plugins\org.eclipse.justj.openjdk.hotspot.jre.full.stripped.win32.x86_64_21.0.7.v20250502-0916\jre\bin\server;C:\Renesas\RA\sc_v2025-12_fsp_v6.3.0\eclipse\plugins\org.eclipse.justj.openjdk.hotspot.jre.full.stripped.win32.x86_64_21.0.7.v20250502-0916\jre\bin;C:\Renesas\RA\sc_v2025-12_fsp_v6.3.0\eclipse\configuration\org.eclipse.osgi\366\0\.cp;C:\Windows\WinSxS\amd64_microsoft.windows.gdiplus_6595b64144ccf1df_1.1.22621.1778_none_57fe2016ce1542ec;C:\Users\hua\AppData\Local\Temp\jna-36406304;C:\Program Files\National Instruments\Shared\mDNS Responder;C:\Program Files\Bonjour;C:\Renesas\RA\sc_v2025-12_fsp_v6.3.0\eclipse\plugins\com.equo.chromium.cef.win32.win32.x86_64_128.0.20\chromium-6613

VM Arguments:
jvm_args: -Declipse.p2.max.threads=10 -Dosgi.requiredJavaVersion=17 -Dorg.slf4j.simpleLogger.defaultLogLevel=off -XX:+UseG1GC -XX:+UseStringDeduplication -Xms512m -Xmx3g --add-modules=ALL-SYSTEM -Dcom.renesas.cdt.core.ui.menus.RenesasViewsMenuFactory.hide=true -Dswt.autoScale=quarter -Dswt.autoScale.method=smooth 
java_command: <unknown>
java_class_path (initial): C:\Renesas\RA\sc_v2025-12_fsp_v6.3.0\eclipse\\plugins/org.eclipse.equinox.launcher_1.7.0.v20250717-1148.jar
Launcher Type: generic

[Global flags]
     intx CICompilerCount                          = 15                                        {product} {ergonomic}
     uint ConcGCThreads                            = 6                                         {product} {ergonomic}
     uint G1ConcRefinementThreads                  = 23                                        {product} {ergonomic}
   size_t G1HeapRegionSize                         = 2097152                                   {product} {ergonomic}
    uintx GCDrainStackTargetSize                   = 64                                        {product} {ergonomic}
   size_t InitialHeapSize                          = 536870912                                 {product} {command line}
   size_t MarkStackSize                            = 4194304                                   {product} {ergonomic}
   size_t MaxHeapSize                              = 3221225472                                {product} {command line}
   size_t MaxNewSize                               = 1931476992                                {product} {ergonomic}
   size_t MinHeapDeltaBytes                        = 2097152                                   {product} {ergonomic}
   size_t MinHeapSize                              = 536870912                                 {product} {command line}
    uintx NonNMethodCodeHeapSize                   = 8192380                                {pd product} {ergonomic}
    uintx NonProfiledCodeHeapSize                  = 121732930                              {pd product} {ergonomic}
    uintx ProfiledCodeHeapSize                     = 121732930                              {pd product} {ergonomic}
    uintx ReservedCodeCacheSize                    = 251658240                              {pd product} {ergonomic}
     bool SegmentedCodeCache                       = true                                      {product} {ergonomic}
   size_t SoftMaxHeapSize                          = 3221225472                             {manageable} {ergonomic}
     bool UseCompressedOops                        = true                           {product lp64_product} {ergonomic}
     bool UseG1GC                                  = true                                      {product} {command line}
     bool UseLargePagesIndividualAllocation        = false                                  {pd product} {ergonomic}
     bool UseStringDeduplication                   = true                                      {product} {command line}

Logging:
Log output configuration:
 #0: stdout all=warning uptime,level,tags foldmultilines=false
 #1: stderr all=off uptime,level,tags foldmultilines=false

Environment Variables:
PATH=D:\keil_v5\keil\ARM\ARMCLANG\Bin;C:\Windows\system32;C:\Windows;C:\Windows\System32\Wbem;C:\Windows\System32\WindowsPowerShell\v1.0\;C:\Windows\System32\OpenSSH\;C:\Program Files (x86)\NVIDIA Corporation\PhysX\Common;C:\Program Files\NVIDIA Corporation\NVIDIA NvDLISR;C:\Program Files\Bandizip\;C:\Program Files (x86)\Tencent\微信web开发者工具\dll;D:\MAT;AB\Crack\runtime\win64;D:\MATLAB\Crack\bin;C:\Program Files\Graphviz-10.0.1-win64\bin;C:\Program Files (x86)\STMicroelectronics\STM32 ST-LINK Utility\ST-LINK Utility;C:\Program Files\cursor\resources\app\bin;D:\multisim\Shared\LabVIEW CLI;D:\美赛\SPSS25\JRE\bin;C;\Program Files\Graphviz\bin;C:\Program Files\Git\cmd;D:\tortoisegit\bin;d:\trae\Trae\bin;c:\Users\hua\AppData\Roaming\Code\User\globalStorage\github.copilot-chat\debugCommand;c:\Users\hua\AppData\Roaming\Code\User\globalStorage\github.copilot-chat\copilotCli;C:\Windows\system32;C:\Windows;C:\Windows\System32\Wbem;C:\Windows\System32\WindowsPowerShell\v1.0\;C:\Windows\System32\OpenSSH\;C:\Program Files (x86)\NVIDIA Corporation\PhysX\Common;C:\Program Files\NVIDIA Corporation\NVIDIA NvDLISR;C:\Program Files\Bandizip\;C:\Program Files (x86)\Tencent\微信web开发者工具\dll;D:\MAT;AB\Crack\runtime\win64;D:\MATLAB\Crack\bin;C:\Program Files\Graphviz-10.0.1-win64\bin;C:\Program Files (x86)\STMicroelectronics\STM32 ST-LINK Utility\ST-LINK Utility;C:\Program Files\cursor\resources\app\bin;D:\multisim\Shared\LabVIEW CLI;D:\美赛\SPSS25\JRE\bin;C;\Program Files\Graphviz\bin;C:\Program Files\Git\cmd;D:\tortoisegit\bin;c:\Users\hua\AppData\Roaming\Code\User\globalStorage\github.copilot-chat\debugCommand;c:\Users\hua\AppData\Roaming\Code\User\globalStorage\github.copilot-chat\copilotCli;C:\Windows\system32;C:\Windows;C:\Windows\System32\Wbem;C:\Windows\System32\WindowsPowerShell\v1.0\;C:\Windows\System32\OpenSSH\;C:\Program Files (x86)\NVIDIA Corporation\PhysX\Common;C:\Program Files\NVIDIA Corporation\NVIDIA NvDLISR;C:\Program Files\Bandizip\;C:\Program Files (x86)\Tencent\微信web开发者工具\dll;D:\MAT;AB\Crack\runtime\win64;D:\MATLAB\Crack\bin;C:\Program Files\Graphviz-10.0.1-win64\bin;C:\Program Files (x86)\STMicroelectronics\STM32 ST-LINK Utility\ST-LINK Utility;C:\Program Files\cursor\resources\app\bin;D:\multisim\Shared\LabVIEW CLI;D:\美赛\SPSS25\JRE\bin;C;\Program Files\Graphviz\bin;C:\Program Files\Git\cmd;D:\tortoisegit\bin;C:\Users\Public\TongYuan\julia-1.9.3\bin;C:\Program Files\MWORKS\Syslab 2025b\Bin\bin;C:\anaconda;C:\anaconda\Library\mingw-w64\bin;C:\anaconda\Library\usr\bin;C:\anaconda\Library\bin;C:\anaconda\Scripts;C:\miniconda;C:\miniconda\Library\mingw-w64\bin;C:\miniconda\Library\usr\bin;C:\miniconda\Library\bin;C:\miniconda\Scripts;C:\Users\邓朝俊\AppData\Local\Programs\Python\Python312\Scripts\;C:\Users\邓朝俊\AppData\Local\Programs\Python\Python312\;C:\Users\邓朝俊\AppData\Local\Programs\Python\Launcher\;C:\Users\邓朝俊\AppData\Local\Microsoft\WindowsApps;C:\Program Files\JetBrains\PyCharm Community Edition 2024.2.1\bin;D:\quartus\modelsim_ase\win32aloem;D:\quatus\project\modelsim_ase\win32aloem;C:\Users\邓朝俊\AppData\Roaming\Programs\Zero Install;C:\Users\邓朝俊\AppData\Local\Programs\Microsoft VS Code\bin;C:\Users\邓朝俊\AppData\Local\Programs\Ollama;D:\FPGA\modelsim_ase\win32aloem;D:\quartus\Quartus II 13.1\modelsim_ase\win32aloem;d:\altera\modelsim_ase\win32aloem;d:\altera\modelsim_ae\win32aloem;D:\altera\Quartus-lite-18.0.0.614-windows\modelsim_ase\win32aloem;D:\cursor\resources\app\bin;C:\antigravity\Antigravity\bin;C:\vscode\Microsoft VS Code\bin;C:\Windsurf\bin;C:\Users\hua\AppData\Local\GitHubDesktop\bin;C:\Users\hua\.bun\bin;c:\Users\hua\.vscode\extensions\ms-python.debugpy-2025.18.0-win32-x64\bundled\scripts\noConfigScripts;c:\Users\hua\.vscode\extensions\openai.chatgpt-0.4.66-win32-x86_64\bin\windows-x86_64;c:\Users\hua\.vscode\extensions\ms-python.debugpy-2025.18.0-win32-x64\bundled\scripts\noConfigScripts;c:\Users\hua\.vscode\extensions\openai.chatgpt-0.4.66-win32-x86_64\bin\windows-x86_64
USERNAME=邓朝俊
OS=Windows_NT
PROCESSOR_IDENTIFIER=Intel64 Family 6 Model 183 Stepping 1, GenuineIntel
TMP=C:\Users\hua\AppData\Local\Temp
TEMP=C:\Users\hua\AppData\Local\Temp




Periodic native trim disabled

---------------  S Y S T E M  ---------------

OS:
 Windows 11 , 64 bit Build 22621 (10.0.22621.2070)
OS uptime: 0 days 3:25 hours

CPU: total 32 (initial active 32) (16 cores per cpu, 2 threads per core) family 6 model 183 stepping 1 microcode 0x115, cx8, cmov, fxsr, ht, mmx, 3dnowpref, sse, sse2, sse3, ssse3, sse4.1, sse4.2, popcnt, lzcnt, tsc, tscinvbit, avx, avx2, aes, erms, clmul, bmi1, bmi2, adx, sha, fma, vzeroupper, clflush, clflushopt, clwb, serialize, rdtscp, rdpid, fsrm, f16c, pku, cet_ibt, cet_ss
Processor Information for processor 0
  Max Mhz: 2200, Current Mhz: 2200, Mhz Limit: 2200
Processor Information for processor 1
  Max Mhz: 2200, Current Mhz: 1466, Mhz Limit: 2200
Processor Information for processor 2
  Max Mhz: 2200, Current Mhz: 1466, Mhz Limit: 2200
Processor Information for processor 3
  Max Mhz: 2200, Current Mhz: 2200, Mhz Limit: 2200
Processor Information for processor 4
  Max Mhz: 2200, Current Mhz: 2200, Mhz Limit: 2200
Processor Information for processor 5
  Max Mhz: 2200, Current Mhz: 1466, Mhz Limit: 2200
Processor Information for processor 6
  Max Mhz: 2200, Current Mhz: 2200, Mhz Limit: 2200
Processor Information for processor 7
  Max Mhz: 2200, Current Mhz: 2200, Mhz Limit: 2200
Processor Information for processor 8
  Max Mhz: 2200, Current Mhz: 2200, Mhz Limit: 2200
Processor Information for processor 9
  Max Mhz: 2200, Current Mhz: 2200, Mhz Limit: 2200
Processor Information for processor 10
  Max Mhz: 2200, Current Mhz: 2200, Mhz Limit: 2200
Processor Information for processor 11
  Max Mhz: 2200, Current Mhz: 2200, Mhz Limit: 2200
Processor Information for processor 12
  Max Mhz: 2200, Current Mhz: 2200, Mhz Limit: 2200
Processor Information for processor 13
  Max Mhz: 2200, Current Mhz: 2200, Mhz Limit: 2200
Processor Information for processor 14
  Max Mhz: 2200, Current Mhz: 2200, Mhz Limit: 2200
Processor Information for processor 15
  Max Mhz: 2200, Current Mhz: 1466, Mhz Limit: 2200
Processor Information for processor 16
  Max Mhz: 2200, Current Mhz: 1600, Mhz Limit: 1584
Processor Information for processor 17
  Max Mhz: 2200, Current Mhz: 1600, Mhz Limit: 1584
Processor Information for processor 18
  Max Mhz: 2200, Current Mhz: 1600, Mhz Limit: 1584
Processor Information for processor 19
  Max Mhz: 2200, Current Mhz: 1600, Mhz Limit: 1584
Processor Information for processor 20
  Max Mhz: 2200, Current Mhz: 1600, Mhz Limit: 1584
Processor Information for processor 21
  Max Mhz: 2200, Current Mhz: 1600, Mhz Limit: 1584
Processor Information for processor 22
  Max Mhz: 2200, Current Mhz: 1600, Mhz Limit: 1584
Processor Information for processor 23
  Max Mhz: 2200, Current Mhz: 1600, Mhz Limit: 1584
Processor Information for processor 24
  Max Mhz: 2200, Current Mhz: 1600, Mhz Limit: 1584
Processor Information for processor 25
  Max Mhz: 2200, Current Mhz: 1600, Mhz Limit: 1584
Processor Information for processor 26
  Max Mhz: 2200, Current Mhz: 1600, Mhz Limit: 1584
Processor Information for processor 27
  Max Mhz: 2200, Current Mhz: 1600, Mhz Limit: 1584
Processor Information for processor 28
  Max Mhz: 2200, Current Mhz: 1600, Mhz Limit: 1584
Processor Information for processor 29
  Max Mhz: 2200, Current Mhz: 1600, Mhz Limit: 1584
Processor Information for processor 30
  Max Mhz: 2200, Current Mhz: 1600, Mhz Limit: 1584
Processor Information for processor 31
  Max Mhz: 2200, Current Mhz: 1600, Mhz Limit: 1584

Memory: 4k page, system-wide physical 16103M (49M free)
TotalPageFile size 72017M (AvailPageFile size 42395M)
current process WorkingSet (physical memory assigned to process): 1002M, peak: 1006M
current process commit charge ("private bytes"): 1319M, peak: 1323M

vm_info: OpenJDK 64-Bit Server VM (21.0.7+6-LTS) for windows-amd64 JRE (21.0.7+6-LTS), built on 2025-04-15T00:00:00Z by "admin" with MS VC++ 17.7 (VS2022)

END.
